Date,PRECTOTCORR,WS2M,T2M_RANGE,T2M_MAX,T2M_MIN,PS,ALLSKY_SFC_SW_DWN,RH2M,T2MDEW,RainStatus
1/1/1986,6.75,2.68,8,31.57,23.57,100.92,16.75,69.53,20.1,1
1/2/1986,0,2.69,13.66,33.29,19.63,101.03,22.15,57.22,16.46,0
1/3/1986,0,2.43,14.05,34.47,20.42,101.03,21.55,56.2,16.9,0
1/4/1986,0.01,3.58,13.13,34.36,21.23,100.96,21.32,52.45,16.07,1
1/5/1986,0,4,11.73,31.69,19.96,101.01,21.5,48.57,13.01,0
1/6/1986,0,3.75,13.59,32.58,18.99,101.1,21.58,47.8,12.69,0
1/7/1986,0,3.41,9.86,29.15,19.29,101.19,21.02,51.89,13.01,0
1/8/1986,0,2.97,14.85,32.36,17.51,101.16,20.43,51.82,13.21,0
1/9/1986,0,3.45,15.24,33.8,18.56,101.26,21.62,49.39,13.86,0
1/10/1986,0,3.38,14.11,33.42,19.31,101.2,20.28,47.43,13.04,0
1/11/1986,0,2.39,12.36,30.52,18.16,101.15,21.62,49.27,12.28,0
1/12/1986,0,2.71,15.64,34.5,18.86,101.08,22.73,45.91,12.12,0
1/13/1986,0,2.58,15.86,35.05,19.19,101.11,21.63,46.98,13.44,0
1/14/1986,0,1.58,10.1,31.81,21.71,101.06,16.77,48.27,14.39,0
1/15/1986,0,1.24,13.36,34.88,21.52,100.98,20.74,47.53,15.69,0
1/16/1986,0,0.65,11.22,34.49,23.27,100.95,22.72,52.88,17.83,0
1/17/1986,0,1.09,10.88,35.06,24.18,100.9,18.57,56.07,18.95,0
1/18/1986,0,1.34,12.35,36.54,24.19,100.88,17,56.26,19.47,0
1/19/1986,0,1.61,11.16,35.76,24.6,100.93,19.69,54.14,18.89,0
1/20/1986,0,2.03,12.82,36.57,23.75,100.99,17.58,51.5,17.08,0
1/21/1986,0,1.68,12.63,36.04,23.41,100.98,18.57,45.37,14.82,0
1/22/1986,0,1.21,7.79,30.82,23.03,101.03,22.51,49.37,14.65,0
1/23/1986,0,1.86,15.38,36.1,20.72,101.03,22.58,42.75,13.29,0
1/24/1986,0,1.47,12.82,35.11,22.29,101.07,21.69,51.23,15.87,0
1/25/1986,0,1.8,12.91,34.29,21.38,101.11,22.29,44.68,13.62,0
1/26/1986,0,3.19,14.48,35.51,21.03,101.13,23.15,40.53,12.32,0
1/27/1986,0,3.25,13.85,34.4,20.55,101.19,22.87,41.18,11.77,0
1/28/1986,0,2.42,15.42,34.11,18.69,101.19,22.3,40.39,10.36,0
1/29/1986,0,1.33,16.25,35.42,19.17,101.01,23.35,42.41,12.32,0
1/30/1986,0,1.62,15.73,36.57,20.84,100.85,22.95,50.15,16.09,0
1/31/1986,0,1.83,14.9,36.89,21.99,100.75,22.57,52.91,17.4,0
2/1/1986,0,1.89,13.11,36.45,23.34,100.82,22.28,55.4,18.51,0
2/2/1986,0,1.81,13.41,36.79,23.38,100.86,20.73,54.13,18.31,0
2/3/1986,0,2.05,12.89,37.21,24.32,100.85,21.24,55.29,19.36,0
2/4/1986,0,2.39,9.41,34.38,24.97,100.89,20.3,60.06,20.22,0
2/5/1986,0,2.08,11.65,36.27,24.62,100.98,21.7,55.76,19.32,0
2/6/1986,0,1.99,11.27,36.38,25.11,101,21.98,49.87,18.13,0
2/7/1986,0,2.24,14.14,37.69,23.55,101.05,21.86,46.56,16.55,0
2/8/1986,0,2.57,12.78,36.89,24.11,101.15,21.17,45.79,16.1,0
2/9/1986,0,2.33,13.68,36.76,23.08,101.27,24.02,44.95,14.79,0
2/10/1986,0,2.51,13.66,36.12,22.46,101.31,23.6,42.85,13.6,0
2/11/1986,0,2.08,13.63,35.69,22.06,101.14,24.45,41.82,13.24,0
2/12/1986,0,1.46,14.74,36.2,21.46,101.07,23.42,44.87,13.8,0
2/13/1986,0,1.71,15.29,36.95,21.66,101,23.41,47.72,15.38,0
2/14/1986,0,2.39,14.13,37.73,23.6,100.96,23.39,50.58,17.8,0
2/15/1986,0,2.28,13.74,38.32,24.58,100.83,23.55,51.69,18.91,0
2/16/1986,0,3.05,13.37,38.69,25.32,100.79,23.33,52.62,19.43,0
2/17/1986,0,2.53,13.86,38.98,25.12,100.85,23.22,49.45,18.15,0
2/18/1986,0,2.15,14.95,39.59,24.64,100.83,22.07,49.51,18.35,0
2/19/1986,0,1.78,14.77,40.14,25.37,100.67,22.39,46.68,18.17,0
2/20/1986,0.01,2.58,11.81,38.61,26.8,100.77,23.26,47.19,18.63,1
2/21/1986,0.41,2.28,10.24,35.19,24.95,101.01,22.07,52.39,17.95,1
2/22/1986,0,2.34,12.19,37.19,25,100.95,16.11,50.5,17.95,0
2/23/1986,0.03,1.93,12.74,37.26,24.52,100.85,23.25,47.2,17.42,1
2/24/1986,0.62,2.55,12.2,36.83,24.63,100.82,23.46,46.24,16.6,1
2/25/1986,0,2.33,14.55,37.39,22.84,100.88,23.22,43.86,14.61,0
2/26/1986,0,2.27,14.84,37.53,22.69,100.95,25.05,46.41,14.53,0
2/27/1986,0,2.43,16.29,38.06,21.77,100.89,25.27,45.39,13.46,0
2/28/1986,0,2.19,15.24,37.64,22.4,100.9,23.94,46.25,14.44,0
3/1/1986,0,3.42,15.08,37.35,22.27,101.02,24.58,42.3,13.85,0
3/2/1986,0,5.29,12.44,34.42,21.98,101.32,18.78,37.09,10.92,0
3/3/1986,0,4.89,13.7,32.13,18.43,101.42,25.41,35.88,8.28,0
3/4/1986,0,3.74,15.91,33.3,17.39,101.29,25.23,38.43,8.69,0
3/5/1986,0,3.22,15.64,34.33,18.69,101.19,23.02,36.52,9.32,0
3/6/1986,0,2.54,15.95,36.42,20.47,101.14,25.93,41.61,13.74,0
3/7/1986,0,2.81,14.09,37.72,23.63,101.04,25.24,42.14,15.4,0
3/8/1986,0,2.46,13.98,38.4,24.42,100.97,23.97,43.63,16.18,0
3/9/1986,0,2.16,15.23,39.06,23.83,100.98,24.22,42.97,15.68,0
3/10/1986,0,2.35,15.69,40,24.31,100.9,24.42,45.36,17.5,0
3/11/1986,0,2.85,13.28,38.89,25.61,100.85,23.02,44.95,17.73,0
3/12/1986,0,3.09,13.37,39,25.63,100.79,19.34,48.25,18.98,0
3/13/1986,0,2.79,13.81,40.13,26.32,100.73,22.99,46.54,19.07,0
3/14/1986,0,2.9,13.24,40.37,27.13,100.61,23.12,43.02,18.35,0
3/15/1986,0,3.25,14.01,40.64,26.63,100.5,23.71,46.92,19.34,0
3/16/1986,0,2.9,14.43,41.17,26.74,100.48,19.67,45.54,18.82,0
3/17/1986,0,2.96,14.24,41.06,26.82,100.57,25.47,46.18,19.05,0
3/18/1986,0,3.67,12.87,39.9,27.03,100.48,24.81,48.58,19.74,0
3/19/1986,0,3.06,13.14,40.65,27.51,100.38,24.51,45.94,19.09,0
3/20/1986,0,3.06,11.43,38.27,26.84,100.43,25.19,54.6,21.19,0
3/21/1986,0,2.94,13.75,40.55,26.8,100.52,23.92,50.32,20.1,0
3/22/1986,0,3.39,14.63,41.47,26.84,100.52,24.11,44.75,18.72,0
3/23/1986,0,3.25,13.56,40.51,26.95,100.61,23.4,44.12,18.47,0
3/24/1986,0.93,3.31,13.49,40.23,26.74,100.64,24.45,44.86,18.27,1
3/25/1986,0.14,2.2,12.8,39.17,26.37,100.75,24.37,45.33,18.74,1
3/26/1986,0.01,3.66,13.42,40.03,26.61,100.83,24.27,45.78,18.62,1
3/27/1986,0.09,2.83,14.95,40.4,25.45,100.87,24.18,45.27,18.22,1
3/28/1986,0.06,3.66,13.44,40.68,27.24,100.73,24.57,48.73,20.19,1
3/29/1986,0,3.41,12.85,40.28,27.43,100.63,24.62,49.29,19.94,0
3/30/1986,0,3.59,13.95,40.82,26.87,100.61,24.57,50.51,20.47,0
3/31/1986,0,2.78,12.23,39.94,27.71,100.6,23.93,48.55,20.03,0
4/1/1986,0.04,2.33,9.41,37.43,28.02,100.74,25.44,51.81,20.83,1
4/2/1986,0,2.88,10.32,38.16,27.84,100.82,25.54,48.98,20.08,0
4/3/1986,0,3.02,12.11,39.52,27.41,100.75,25.7,46.64,19.69,0
4/4/1986,1.16,3.62,11.81,39.13,27.32,100.8,25.67,47.59,19.44,1
4/5/1986,0.56,2.38,10.9,37.37,26.47,100.85,25.41,49.38,19.34,1
4/6/1986,0.07,2.76,13.2,39.92,26.72,100.82,25.18,45.42,18.47,1
4/7/1986,0,2.29,13.83,40.28,26.45,100.78,25.72,43.16,17.32,0
4/8/1986,0.06,2.26,12.16,39.4,27.24,100.67,20.32,45.25,18.4,1
4/9/1986,2.62,2.33,12.98,39.97,26.99,100.68,23.3,49.31,20.01,1
4/10/1986,0.75,2.24,9.21,37.34,28.13,100.84,22.86,52.75,20.91,1
4/11/1986,1.47,1.78,9.14,36.26,27.12,100.87,19.83,55.74,21.26,1
4/12/1986,1.34,2.36,11.56,38.08,26.52,100.84,18.33,50.71,19.8,1
4/13/1986,1.83,2.46,11.27,38.72,27.45,100.9,21.39,50.13,19.56,1
4/14/1986,0.55,1.79,9.03,35.06,26.03,100.97,24.73,53.53,19.77,1
4/15/1986,0.55,2.51,11.29,37.84,26.55,100.92,25.74,46.75,18.57,1
4/16/1986,0.93,2.8,11.7,37.65,25.95,100.81,21.09,53.96,20.64,1
4/17/1986,0,2.53,11.81,38.27,26.46,100.68,23.37,52.79,20.42,0
4/18/1986,0,2.17,10.53,38.07,27.54,100.69,22.9,50.55,20.17,0
4/19/1986,0.02,1.52,7.72,35.64,27.92,100.76,19.77,52.98,20.39,1
4/20/1986,0.61,1.71,9.04,36.78,27.74,100.58,23.71,52.92,20.92,1
4/21/1986,0.02,1.81,9.68,37.35,27.67,100.57,18.5,50.93,20.31,1
4/22/1986,1.23,1.8,10.57,38.21,27.64,100.61,16.19,48.63,20.23,1
4/23/1986,2.9,2.18,6.93,34.85,27.92,100.62,24.12,54.1,20.57,1
4/24/1986,0.14,1.55,10.52,37.91,27.39,100.62,24.82,53.12,20.81,1
4/25/1986,0.02,1.99,9.05,36.54,27.49,100.7,18.76,56.39,20.96,1
4/26/1986,1.49,2.2,12.06,38.56,26.5,100.63,24.51,52.5,20.7,1
4/27/1986,0.15,1.9,4.25,30.62,26.37,100.73,19.96,64.7,21.45,1
4/28/1986,0,1.65,12.79,38.36,25.57,100.55,24.84,50.98,19.76,0
4/29/1986,0,2.67,13.05,39.32,26.27,100.59,21.93,45.35,18.6,0
4/30/1986,0.1,2.09,12.38,39.44,27.06,100.66,24.54,48.01,19.9,1
5/1/1986,0.26,1.77,9.85,37.45,27.6,100.6,24.57,50.37,20.34,1
5/2/1986,3.18,1.52,11.83,39.07,27.24,100.53,21.95,51.6,20.92,1
5/3/1986,0.62,2.22,5.16,31.72,26.56,100.63,22.51,67.95,22.55,1
5/4/1986,2.28,1.48,8.59,34.35,25.76,100.68,13.67,66.72,22.86,1
5/5/1986,4.14,1.74,10.37,36.76,26.39,100.63,21.01,61.65,22.17,1
5/6/1986,0.11,1.48,11.79,38.27,26.48,100.6,25.74,60.15,22.09,1
5/7/1986,0.61,2.19,10.91,37.69,26.78,100.56,19.41,56.61,21.52,1
5/8/1986,7.12,3.19,7.59,34.38,26.79,100.68,14.79,66.31,22.57,1
5/9/1986,16.35,3.56,7.07,32.69,25.62,100.65,14.16,74.33,23.48,1
5/10/1986,4.89,3.19,7.21,32.34,25.13,100.63,13.39,76.04,23.24,1
5/11/1986,7.87,2.45,7.77,32.68,24.91,100.68,12.96,79.62,23.99,1
5/12/1986,1.6,2.18,7.75,32.57,24.82,100.78,22.01,76.4,23.51,1
5/13/1986,0.96,2.02,11.69,36.76,25.07,100.78,23.29,66.69,22.49,1
5/14/1986,0.03,2.95,12.98,38.19,25.21,100.7,26.27,62.54,21.66,1
5/15/1986,0,2.99,9.05,34.08,25.03,100.63,22.4,70.6,23.02,0
5/16/1986,2.85,3.97,10.05,35.33,25.28,100.6,18.04,68.96,22.42,1
5/17/1986,16.76,2.98,6.43,31.24,24.81,100.45,19.67,80.09,23.44,1
5/18/1986,9.01,3.32,5.14,30.02,24.88,100.38,14.3,81.82,23.46,1
5/19/1986,8.46,3.8,9.85,33.91,24.06,100.5,18.04,73.31,22.44,1
5/20/1986,2.76,3.92,7.99,32.66,24.67,100.51,18.37,76.73,23.17,1
5/21/1986,5.12,3.7,7.2,32.15,24.95,100.55,14.06,79.46,23.69,1
5/22/1986,12.72,3.3,5.55,30.41,24.86,100.57,14.19,86.29,24.59,1
5/23/1986,5.66,3.33,6.19,31.17,24.98,100.59,16.49,81.67,23.75,1
5/24/1986,5.75,3.28,6.68,31.04,24.36,100.53,16.27,82.54,23.92,1
5/25/1986,0.75,3.27,6.7,31.86,25.16,100.54,16.68,78.95,23.57,1
5/26/1986,0.04,3.2,9.3,33.56,24.26,100.56,18,73.53,22.98,1
5/27/1986,0.58,3.67,8.09,33.13,25.04,100.63,21.01,77.66,23.96,1
5/28/1986,0.12,2.93,7.97,32.95,24.98,100.75,24.06,75.83,23.54,1
5/29/1986,0.54,2.68,9.54,34.34,24.8,100.66,22.73,73.36,23.23,1
5/30/1986,3.97,2.84,8.14,32.85,24.71,100.61,20.13,76.36,23.43,1
5/31/1986,0,2.87,9.88,34.47,24.59,100.6,22.59,73.59,23.32,0
6/1/1986,0.45,2.91,8.07,32.78,24.71,100.62,22.64,76.62,23.7,1
6/2/1986,4.65,2.44,6.64,32.03,25.39,100.55,22,80.65,24.29,1
6/3/1986,0.4,2.69,8.36,33.25,24.89,100.37,22.51,76.86,23.81,1
6/4/1986,5.28,2.91,8.38,33.25,24.87,100.33,24,78.5,24.15,1
6/5/1986,19.41,2.59,5.39,30.39,25,100.49,22.01,86.68,24.67,1
6/6/1986,5.49,2.39,7.11,31.3,24.19,100.55,20.99,82.62,23.88,1
6/7/1986,5.16,2.33,9.35,33.38,24.03,100.62,22.91,76.92,23.55,1
6/8/1986,0.65,1.6,11.99,35.6,23.61,100.61,24.11,70.98,23.21,1
6/9/1986,0.13,1.14,9.17,34.31,25.14,100.54,24.18,72.16,23.65,1
6/10/1986,1.13,1.75,7.62,33.18,25.56,100.43,22.62,74.69,23.55,1
6/11/1986,2.78,1.85,11.13,35.92,24.79,100.34,19.88,71.71,23.21,1
6/12/1986,3.43,2.03,8.79,33.48,24.69,100.34,19.96,76.24,23.52,1
6/13/1986,2.81,2.41,7.53,32.47,24.94,100.47,16.56,77.58,23.46,1
6/14/1986,0.04,1,10.16,34.58,24.42,100.49,25.84,69.67,22.57,1
6/15/1986,0.02,1.5,9.84,35.05,25.21,100.42,20.72,68.93,23.1,1
6/16/1986,0.52,1.53,6.95,32.15,25.2,100.41,24.21,74.61,23.19,1
6/17/1986,3.68,2.14,8.53,33.49,24.96,100.43,24.15,76.6,23.93,1
6/18/1986,3.76,2.52,6.82,31.66,24.84,100.4,17.63,81.18,24.14,1
6/19/1986,5.25,2.22,6.55,31.11,24.56,100.49,16.14,81.68,23.77,1
6/20/1986,7.02,2,9.73,33.55,23.82,100.61,21.92,75.08,22.57,1
6/21/1986,2.49,2.49,10.08,33.53,23.45,100.63,17.69,76.38,22.73,1
6/22/1986,10.36,2.66,9.04,32.84,23.8,100.54,22.66,80.27,23.75,1
6/23/1986,5.25,3.06,5.97,30.55,24.58,100.53,20.76,81.54,23.25,1
6/24/1986,50.71,2.75,4.5,28.75,24.25,100.64,16.06,87.92,23.63,1
6/25/1986,18.86,2.52,3.99,27.91,23.92,100.8,17.98,89.37,23.68,1
6/26/1986,4.21,2.34,6.82,30.35,23.53,100.75,19.58,85.66,23.6,1
6/27/1986,7.46,2.22,8.93,31.64,22.71,100.75,17.83,83.47,23.75,1
6/28/1986,3.25,2.24,6.9,30.71,23.81,100.65,21.77,84.84,24.1,1
6/29/1986,0.21,1.62,7.38,31.27,23.89,100.62,24.46,83.71,24.43,1
6/30/1986,0.5,1.89,7.05,31.61,24.56,100.57,24.11,82.43,24.56,1
7/1/1986,2.51,2.38,7.7,31.85,24.15,100.64,17.98,83.69,24.41,1
7/2/1986,0.31,3,4.65,29.54,24.89,100.69,23.91,83.89,23.87,1
7/3/1986,1.56,2.62,7.66,31.38,23.72,100.61,22.29,83.28,23.99,1
7/4/1986,2.39,3.29,6.38,31.23,24.85,100.63,24.09,84.81,24.32,1
7/5/1986,1.14,3.3,6.97,30.96,23.99,100.75,16.23,83.15,23.41,1
7/6/1986,3.36,2.57,9.44,32.69,23.25,100.71,24.9,79.19,23.34,1
7/7/1986,0.1,2.39,9.81,33.25,23.44,100.72,23.28,78.3,23.62,1
7/8/1986,0.54,1.96,7.35,31.5,24.15,100.73,24.04,81.54,23.88,1
7/9/1986,1.69,2.62,5.74,30.32,24.58,100.53,19.05,84.68,24.09,1
7/10/1986,2.32,3.28,7.07,31.61,24.54,100.42,18.53,81.7,23.4,1
7/11/1986,5.6,2.96,4.35,28.67,24.32,100.47,17.94,88.39,24.02,1
7/12/1986,2.43,2.53,6.4,30.21,23.81,100.61,13.62,85.08,23.75,1
7/13/1986,6.03,3.1,7.49,30.88,23.39,100.57,18.02,85.46,24,1
7/14/1986,6.27,2.69,5.61,29.48,23.87,100.5,18.25,86.22,23.47,1
7/15/1986,41.76,2.59,6.37,29.73,23.36,100.52,20.42,86.34,23.43,1
7/16/1986,9.1,2.56,6.51,29.89,23.38,100.63,17.23,87.29,23.56,1
7/17/1986,4.49,2.54,6.3,29.58,23.28,100.71,14.63,86.63,23.5,1
7/18/1986,8.62,2.74,5.16,29.12,23.96,100.6,20.52,88.73,24.11,1
7/19/1986,21.51,3.26,4.97,29.24,24.27,100.61,21.88,89.37,24.28,1
7/20/1986,0.42,3.32,4.67,27.93,23.26,100.75,17.73,89.73,23.26,1
7/21/1986,0.26,1.88,9.65,31.62,21.97,100.86,18.67,80.38,22.75,1
7/22/1986,0.18,1.35,8.76,32.01,23.25,100.89,17.04,77.61,22.87,1
7/23/1986,1.97,1.79,8.01,31.51,23.5,100.85,18.93,81.18,23.14,1
7/24/1986,3.35,1.26,7.65,31.12,23.47,100.83,23.23,80.71,23.35,1
7/25/1986,0.9,1.59,4.76,28.85,24.09,100.9,21.05,85.45,23.52,1
7/26/1986,2.77,1.85,6.46,29.74,23.28,100.96,21.38,86.19,23.57,1
7/27/1986,0.26,1.12,9.48,32.33,22.85,100.99,24.38,75.56,22.64,1
7/28/1986,0.77,1.44,8.2,31.9,23.7,100.88,23.19,78.38,23.42,1
7/29/1986,0.05,1.28,8.2,31.79,23.59,100.82,23.12,78.15,23.16,1
7/30/1986,0.12,1.94,9.34,32.96,23.62,100.84,20.94,74.66,22.56,1
7/31/1986,0.96,1.93,7.85,31.37,23.52,100.77,13.16,80.85,23.09,1
8/1/1986,9.25,2.48,7.02,30.03,23.01,100.59,21.83,86.4,23.49,1
8/2/1986,10.17,2.33,5.68,29.39,23.71,100.42,17.18,87.63,23.92,1
8/3/1986,5.32,2.75,6.78,30.49,23.71,100.37,21.65,85.5,23.86,1
8/4/1986,13.1,2.97,5.45,29.65,24.2,100.39,15.4,88.78,24.15,1
8/5/1986,16.05,2.33,4.97,28.78,23.81,100.48,18.52,89.57,23.92,1
8/6/1986,36.51,2.47,6.75,30.17,23.42,100.42,19.97,88.14,24.35,1
8/7/1986,26.28,2.36,5.04,29.08,24.04,100.44,14.32,89.73,24.39,1
8/8/1986,5.05,2.28,5.14,29.28,24.14,100.48,15.47,89.26,24.09,1
8/9/1986,12.55,2.61,5.11,28.59,23.48,100.34,11.79,89.36,23.87,1
8/10/1986,13.11,3.07,4.57,28.25,23.68,100.36,14.2,91.1,23.99,1
8/11/1986,9.73,3.38,5.8,29.56,23.76,100.42,15.44,88.3,24.01,1
8/12/1986,8.36,2.99,6.14,29.78,23.64,100.56,11.76,87.78,23.94,1
8/13/1986,2.76,2.31,6.46,29.95,23.49,100.55,20.89,87.56,24.25,1
8/14/1986,9.8,3.07,3.32,27.56,24.24,100.44,14.93,91.25,24.22,1
8/15/1986,16.7,2.36,4.7,28.04,23.34,100.5,13.12,90.93,23.92,1
8/16/1986,5.2,2.75,6.14,29.39,23.25,100.66,15.95,88.72,23.62,1
8/17/1986,3.06,2.9,5.55,28.52,22.97,100.64,10.73,87.63,22.94,1
8/18/1986,14.33,1.98,6.46,28.76,22.3,100.65,16.25,88.69,23.49,1
8/19/1986,12.52,2.68,5.28,29.16,23.88,100.64,17.81,89.5,24,1
8/20/1986,6.91,2.53,5.69,29.65,23.96,100.52,14.35,88.52,24.39,1
8/21/1986,4.44,3.18,5.92,29.88,23.96,100.47,16.25,88,24.04,1
8/22/1986,32.07,2.84,5.57,29.23,23.66,100.62,16.75,89.34,24.15,1
8/23/1986,9.61,1.91,6.38,29.93,23.55,100.73,20.23,88.95,24.42,1
8/24/1986,0.56,2.55,9.03,31.54,22.51,100.64,22.53,85.13,24.01,1
8/25/1986,3.41,2.54,5.77,29.34,23.57,100.5,15.67,90.79,24.41,1
8/26/1986,1.36,2.43,5.72,29.45,23.73,100.41,15.69,88.67,24.09,1
8/27/1986,5.52,2.52,4.21,28.14,23.93,100.49,19.57,92.02,24.38,1
8/28/1986,1.34,2.55,5.54,29.07,23.53,100.66,17.58,88.56,24.07,1
8/29/1986,0.04,2.56,5.01,28.98,23.97,100.82,13.6,89.38,23.97,1
8/30/1986,7.93,2.74,7.04,30.02,22.98,100.7,20.76,88.57,24.28,1
8/31/1986,1.08,2.78,5.74,29.81,24.07,100.71,23.19,88.35,24.35,1
9/1/1986,2.21,2.3,7.68,30.67,22.99,100.79,22.4,86.71,24.11,1
9/2/1986,4.36,2.53,6.14,29.9,23.76,100.71,17.61,89.39,24.62,1
9/3/1986,8.17,3.14,4.07,28.64,24.57,100.53,13.37,91.03,24.63,1
9/4/1986,9.9,3.03,4.59,28.65,24.06,100.41,15.73,89.85,24.06,1
9/5/1986,4.22,2.66,4.54,28.29,23.75,100.39,12.77,90.49,24.11,1
9/6/1986,4.88,3.18,3.75,28.04,24.29,100.5,14.34,92.13,24.45,1
9/7/1986,11.49,1.65,4.17,28.46,24.29,100.54,17.21,90.54,24.35,1
9/8/1986,5.36,2.4,4.02,27.72,23.7,100.69,15.37,91.59,23.83,1
9/9/1986,6.49,1.8,4.68,27.54,22.86,100.69,11.83,92.78,23.68,1
9/10/1986,6.41,2.08,5.28,28.25,22.97,100.92,14.19,90.04,23.55,1
9/11/1986,0.15,1.03,8.32,31.09,22.77,100.99,23.96,81.96,23.35,1
9/12/1986,5.77,0.94,6.4,30.13,23.73,100.94,21.52,85.31,24.05,1
9/13/1986,10.81,1.29,4.97,29.03,24.06,100.9,18.57,86.59,23.7,1
9/14/1986,3.67,0.85,7.95,30.99,23.04,100.79,20.56,81.74,23.58,1
9/15/1986,3.13,1.58,7.76,31.14,23.38,100.74,21.24,84.98,24.09,1
9/16/1986,2.11,2.31,6.31,29.99,23.68,100.78,21.39,87.88,24.28,1
9/17/1986,0.13,1.75,6.28,30.1,23.82,100.77,18.24,85.92,24.05,1
9/18/1986,1.18,1.85,6.39,30.13,23.74,100.75,20.42,84.53,23.8,1
9/19/1986,6.65,1.79,7.33,30.89,23.56,100.68,19.37,85.44,24.04,1
9/20/1986,11.3,1.54,5.65,29.48,23.83,100.72,15.21,85.67,23.68,1
9/21/1986,3.79,1.51,6.27,29.73,23.46,100.8,18.34,86.7,23.95,1
9/22/1986,8.11,1.56,6.98,30.37,23.39,100.96,16.84,87.09,24.29,1
9/23/1986,2.74,1.49,5.4,29.29,23.89,100.99,17.08,89.09,24.29,1
9/24/1986,5.51,1.86,6.16,29.72,23.56,100.84,13.87,88.58,24.41,1
9/25/1986,9.33,0.86,4.52,28.57,24.05,100.78,20.31,88.34,24.13,1
9/26/1986,15.61,0.62,4.56,28.69,24.13,100.79,17.37,85.28,23.77,1
9/27/1986,1.63,1.54,5.99,30.13,24.14,101,18.44,84.62,23.99,1
9/28/1986,3.47,0.97,8.2,31.62,23.42,100.95,16.67,81.99,23.8,1
9/29/1986,5.4,2.38,6.73,30.73,24,100.82,13.38,86.24,24.14,1
9/30/1986,4.87,2.18,6.75,30.31,23.56,100.8,17.11,87.95,24.17,1
10/1/1986,2.88,1.71,6.53,29.78,23.25,100.98,15.24,88.26,23.98,1
10/2/1986,1.78,0.95,6.63,30.16,23.53,101.12,18.3,84.52,23.52,1
10/3/1986,11.24,1.17,6.32,29.96,23.64,101.1,20.44,84.85,24.02,1
10/4/1986,3.56,1.44,3.68,27.79,24.11,101.06,20.71,91.27,24.09,1
10/5/1986,5.49,1.48,7.1,30.32,23.22,100.96,18.3,85.67,23.72,1
10/6/1986,3.43,3.1,5.4,29.48,24.08,100.98,18.3,88.37,24.15,1
10/7/1986,3.96,1.44,7.37,30.57,23.2,100.96,19.2,87,23.91,1
10/8/1986,27.64,1.32,7.37,30.87,23.5,100.8,21.81,87.24,24.4,1
10/9/1986,11.73,2.07,6.13,30.67,24.54,100.81,20.35,87.02,24.54,1
10/10/1986,2.31,1.57,6.03,30.19,24.16,100.89,19.3,88.56,24.48,1
10/11/1986,2.54,1.68,5.26,29.65,24.39,100.91,21.27,87.91,24.24,1
10/12/1986,2.2,0.74,6.17,30,23.83,101,18.3,83.23,23.77,1
10/13/1986,1.74,0.99,5.33,30.1,24.77,101.03,17.56,84.11,24.04,1
10/14/1986,1.75,1.65,6.5,30.15,23.65,101.04,17.01,87.58,24.27,1
10/15/1986,1.61,0.9,6.27,29.72,23.45,101.02,18.93,83.51,23.5,1
10/16/1986,1.71,1.09,7.17,30.88,23.71,100.87,20.22,83.31,23.98,1
10/17/1986,4.83,1.32,5.41,29.65,24.24,100.79,11.82,86.25,24.12,1
10/18/1986,10,0.86,5.54,29.49,23.95,100.79,20.6,86.98,24.12,1
10/19/1986,6.47,1.13,5.99,30.23,24.24,100.88,20.23,86.34,24.49,1
10/20/1986,3.76,0.98,5.73,29.81,24.08,100.93,20.56,86.55,24.09,1
10/21/1986,0.08,0.8,6.22,29.79,23.57,100.79,20.62,84.01,23.79,1
10/22/1986,2.01,1.64,6.18,29.96,23.78,100.63,18.65,88.01,24.46,1
10/23/1986,1.5,1.16,5.19,29.19,24,100.77,19.36,87.32,24.18,1
10/24/1986,11.1,1.67,7.74,31.1,23.36,100.89,16.53,85.12,24.03,1
10/25/1986,5.05,1.25,6.53,30.72,24.19,101.06,18.86,87.05,24.59,1
10/26/1986,3.46,1.17,4.93,29.53,24.6,100.99,20.36,89.61,24.7,1
10/27/1986,2.3,1.11,7.47,31.22,23.75,100.87,20.19,83.27,23.6,1
10/28/1986,4.7,1.13,8.95,31.07,22.12,100.89,21.53,78.9,22.29,1
10/29/1986,4.54,1.65,7.86,30.92,23.06,100.98,18.4,83.1,23.38,1
10/30/1986,0,1.99,7.02,30.49,23.47,100.98,20.87,85.94,23.99,0
10/31/1986,0.7,1.93,5.61,29.76,24.15,100.83,20.55,87.59,24.3,1
11/1/1986,1.03,2.62,7.43,30.74,23.31,100.76,22.05,85.07,23.62,1
11/2/1986,0.22,1.58,5.22,28.49,23.27,100.84,20.92,85.11,22.92,1
11/3/1986,6.72,1.06,6.81,30.77,23.96,100.85,21.3,84.42,23.98,1
11/4/1986,17.05,1.46,5.81,29.86,24.05,100.95,20.12,85.26,23.4,1
11/5/1986,1.89,1.55,8.43,30.84,22.41,100.98,19.37,83.26,22.86,1
11/6/1986,0,1.51,7.81,30.72,22.91,100.95,20.02,82.57,22.99,0
11/7/1986,0,1.43,8.81,31.02,22.21,100.86,21.64,81.2,23.16,0
11/8/1986,0.2,1.71,8.13,30.75,22.62,100.83,21.64,81.55,22.91,1
11/9/1986,7.61,1.25,7.07,30.59,23.52,100.89,17.37,82.9,23.48,1
11/10/1986,0,2.18,6.62,29.85,23.23,101.04,18.38,84.27,22.86,0
11/11/1986,0,2.71,7.57,29.24,21.67,100.95,15.72,81.28,21.2,0
11/12/1986,0.42,1.67,8.28,29.46,21.18,100.82,20.8,84.04,22.18,1
11/13/1986,1.75,0.82,7.83,30.82,22.99,100.8,14.39,83.99,23.5,1
11/14/1986,6.62,1.08,4.82,27.8,22.98,100.92,14.35,86.58,22.8,1
11/15/1986,13.44,1.03,5.16,28.19,23.03,100.91,13.55,89.36,23.57,1
11/16/1986,14.19,1.17,6.81,29.53,22.72,100.86,17.41,88.52,23.64,1
11/17/1986,22.32,1.43,3.43,26.64,23.21,100.87,17.17,93.37,23.45,1
11/18/1986,0,1.82,5.28,28.44,23.16,100.98,14.82,88.45,22.95,0
11/19/1986,0,1.44,6.62,29.2,22.58,100.98,19.49,84.85,22.46,0
11/20/1986,0.9,1.54,8.72,29.88,21.16,100.94,21.53,84.09,22.39,1
11/21/1986,3.31,2.08,6.7,29.36,22.66,101.02,19.68,85.71,22.83,1
11/22/1986,0,2.24,6.24,28.36,22.12,101.04,21.23,84.13,21.4,0
11/23/1986,0,2.44,7.44,28.35,20.91,101.01,19.94,82.38,20.32,0
11/24/1986,0.26,2.88,7.78,28.34,20.56,101.07,15.11,81.84,20.22,1
11/25/1986,1.93,2.75,5.08,26.31,21.23,101.18,19.32,88.88,21.57,1
11/26/1986,4.94,3.06,4.37,26.67,22.3,101.18,17.17,91.04,22.71,1
11/27/1986,0,2.69,6.19,28.85,22.66,101.2,16.35,87.46,22.83,0
11/28/1986,0,3.09,7.02,28.05,21.03,101.19,21.48,82.94,21.17,0
11/29/1986,0,3.45,7.9,28.88,20.98,101.25,18.4,82.17,20.9,0
11/30/1986,0,3.87,5.89,25.45,19.56,101.28,17.32,82,18.84,0
12/1/1986,0,3.5,9.14,28.56,19.42,101.1,22.35,81.78,20.01,0
12/2/1986,1.35,3.36,6.28,27.49,21.21,100.99,19.21,86.39,21.57,1
12/3/1986,1.25,3.13,4.38,26.75,22.37,100.91,10.53,91.97,22.79,1
12/4/1986,0.11,1.39,7.3,29.88,22.58,101.04,13.98,81.73,22.24,1
12/5/1986,0.01,1.54,8.5,30.86,22.36,100.99,16.9,80.58,22.56,1
12/6/1986,0.03,1.1,6.67,29.98,23.31,101.18,16.19,80.34,22.25,1
12/7/1986,0.01,2.05,8.56,31.02,22.46,101.2,16.79,80.16,22.02,1
12/8/1986,0.03,2.87,8.37,29.89,21.52,101.18,19.58,79.07,20.98,1
12/9/1986,3.84,3.12,9.49,30.08,20.59,101.23,17.81,81.01,21.33,1
12/10/1986,0,2.96,9.57,29.51,19.94,101.23,20.68,77.35,19.79,0
12/11/1986,0,2.4,10.81,29.24,18.43,101.17,21.04,75.16,18.2,0
12/12/1986,0,1.99,12.07,29.81,17.74,101.13,21.28,75.62,18,0
12/13/1986,0,1.61,12.97,29.96,16.99,101.19,21.25,72.68,17.5,0
12/14/1986,0,1.64,12.14,30.66,18.52,101.19,20.71,75.85,19.29,0
12/15/1986,0,1.45,11.17,31.47,20.3,101.12,21.11,74.61,20.27,0
12/16/1986,0,1.48,11.71,32.18,20.47,101.09,21.34,74.39,20.69,0
12/17/1986,0,0.87,9.51,32.31,22.8,101.18,21,73.03,21.43,0
12/18/1986,0,1.13,10.99,33.32,22.33,101.21,20.42,72.07,21.31,0
12/19/1986,0,2.49,9.96,33.04,23.08,101.34,20.97,68.96,19.95,0
12/20/1986,0,2.34,11.45,31.63,20.18,101.38,20.84,70.39,18.74,0
12/21/1986,0,2.58,13.02,31.6,18.58,101.46,21.38,69.6,17.62,0
12/22/1986,0,2.3,13.19,31.24,18.05,101.43,20.73,67.92,17.39,0
12/23/1986,0,2.17,12.9,31.12,18.22,101.32,19.97,66.64,16.37,0
12/24/1986,0,2.31,14.16,32.61,18.45,101.19,20.07,68.36,17.93,0
12/25/1986,0,3.31,13,33.98,20.98,101.09,20.93,66.09,19.4,0
12/26/1986,0,2.47,10.98,33.77,22.79,101.05,15.73,68.32,20.86,0
12/27/1986,0,2.36,11.62,34.65,23.03,101.17,17.91,64.94,20.09,0
12/28/1986,0,2.64,11.14,33.75,22.61,101.21,15.46,65.44,19.95,0
12/29/1986,0,1.74,12.36,32.63,20.27,101.16,21.54,61.65,17.41,0
12/30/1986,0,1.12,13.97,34.12,20.15,101.09,21.91,64.28,18.78,0
12/31/1986,0,0.9,11.94,33.84,21.9,101.13,19.73,67.91,20.47,0
1/1/1987,0,0.81,11.82,34.23,22.41,101.01,20.21,66.94,20.38,0
1/2/1987,0,0.99,12.54,34.38,21.84,100.89,20.88,64.42,19.44,0
1/3/1987,0,1.53,12.88,34.38,21.5,100.95,18.09,66.94,20.04,0
1/4/1987,0,1.25,13.07,34.8,21.73,100.98,20.85,65.51,20.13,0
1/5/1987,0,1.62,13.17,35.7,22.53,101.02,20.34,65.67,20.51,0
1/6/1987,0,2.1,13.13,35.68,22.55,101.12,21.59,60.03,18.99,0
1/7/1987,0,2.79,12.13,33.4,21.27,101.24,21.37,57.65,17.03,0
1/8/1987,0,3.11,12.93,34.55,21.62,101.2,20.7,55.1,17.26,0
1/9/1987,0,1.64,13.33,34.57,21.24,101.11,22.49,57.64,17.89,0
1/10/1987,0,1.79,12.79,35.08,22.29,101.14,21.88,58.57,18.1,0
1/11/1987,0,1.86,12.53,34.99,22.46,101.17,19.95,59.24,18.24,0
1/12/1987,0,2.61,11.87,33.28,21.41,101.3,20.65,57.42,16.59,0
1/13/1987,0,3.44,12.83,32.88,20.05,101.35,20.75,51.89,14.23,0
1/14/1987,0,2.37,14.62,32.98,18.36,101.27,21.17,53.4,14.42,0
1/15/1987,0,1.31,14.92,33.8,18.88,101.19,21.92,55.77,15.74,0
1/16/1987,0,0.71,13.63,34.03,20.4,101.22,21.36,60.33,17.78,0
1/17/1987,0,1.67,13.23,34.59,21.36,101.21,20.67,54.46,16.51,0
1/18/1987,0,0.92,13.87,34.4,20.53,101.1,22.41,53.18,15.84,0
1/19/1987,0,1.02,14.07,35.1,21.03,101.11,21.33,52.23,16.25,0
1/20/1987,0.04,1.14,13.99,36.1,22.11,101.02,21.27,53.44,17.58,1
1/21/1987,2.47,1.8,11.2,34.36,23.16,101,18.57,66.08,20.46,1
1/22/1987,0,1.27,13.6,36.21,22.61,100.98,18.47,56.26,18.07,0
1/23/1987,0,1.23,14.58,36.21,21.63,101.08,20.48,54.24,17.59,0
1/24/1987,0,2.16,12.94,36.18,23.24,101.12,23.11,52.03,17.14,0
1/25/1987,0,3.06,14.65,35.7,21.05,101.15,21.31,45.14,14.28,0
1/26/1987,0,3.25,13.08,34.61,21.53,101.33,21.67,44.61,13.7,0
1/27/1987,0,3.5,12.79,34.22,21.43,101.49,22.88,44.52,14.05,0
1/28/1987,0,3.14,12.75,33.65,20.9,101.48,22.74,45.68,13.58,0
1/29/1987,0,1.81,14.77,35.13,20.36,101.34,22.66,45.07,13.66,0
1/30/1987,0,1.43,13.5,35.93,22.43,101.38,21.24,48.48,16,0
1/31/1987,0,2.31,12.06,36.05,23.99,101.37,22.66,44.47,15.26,0
2/1/1987,0,2.43,14.2,35.74,21.54,101.29,23.2,40.87,12.7,0
2/2/1987,0,2.66,14.54,35.27,20.73,101.38,23,41.18,12.16,0
2/3/1987,0,3.36,14.08,34.73,20.65,101.51,23.96,41.17,12.25,0
2/4/1987,0,2.79,14.49,34.48,19.99,101.5,24.25,41.79,12.26,0
2/5/1987,0,2.45,14.29,35.28,20.99,101.32,23.65,42.04,12.55,0
2/6/1987,0,1.17,13.72,34.8,21.08,101.28,23.22,46.39,13.72,0
2/7/1987,0,1.21,14,35.56,21.56,101.21,23.35,47.64,14.91,0
2/8/1987,0,1.56,14.56,36.42,21.86,101.15,22.86,46.49,15.2,0
2/9/1987,0,1.59,14.02,36.71,22.69,101.1,22.03,48.91,16.73,0
2/10/1987,0,1.65,14.06,37.26,23.2,101.08,21.71,48.78,16.93,0
2/11/1987,0,2.18,14.2,37.54,23.34,101.09,21.44,49.94,17.42,0
2/12/1987,0,2.04,13.34,37.64,24.3,101.1,20.93,49.34,17.71,0
2/13/1987,0,2.69,12.92,37.35,24.43,101.12,21.43,50.7,18.03,0
2/14/1987,0,2.4,14.17,37.43,23.26,101.12,23.67,51.38,17.63,0
2/15/1987,0,2.46,14.66,37.42,22.76,101.09,22.85,50.89,17.11,0
2/16/1987,0,2.25,14.59,37.55,22.96,101.04,22.58,50.65,17.08,0
2/17/1987,0,2.51,13.44,36.88,23.44,101.03,22.6,52.12,17.9,0
2/18/1987,0,2.93,14.33,38.03,23.7,101.05,22.69,50.43,17.9,0
2/19/1987,0,2.34,13.73,37.66,23.93,101.09,19.95,53,18.52,0
2/20/1987,0,2.14,15.6,38.7,23.1,101.13,23.46,46.98,15.29,0
2/21/1987,0,2.35,16.13,38.33,22.2,101.16,19.74,47.84,14.3,0
2/22/1987,0,1.8,15.44,37.63,22.19,101.15,22.68,48.94,15.47,0
2/23/1987,0,2.38,14.41,37.73,23.32,101.12,24,49.4,16.84,0
2/24/1987,0,2.35,13.43,38.03,24.6,101.05,21.16,49.78,18.11,0
2/25/1987,0.01,2.77,13.45,38.67,25.22,101.1,21.86,47.56,17.47,1
2/26/1987,0.18,2.55,14.78,38.08,23.3,101.07,18.55,48.13,17.44,1
2/27/1987,0.46,1.53,14.37,39.54,25.17,101.07,21.61,46.88,18.06,1
2/28/1987,4.37,2.1,11.23,37.32,26.09,101.08,20.72,53.27,19.91,1
3/1/1987,2.16,1.72,7.58,33.18,25.6,101.26,13.52,57.62,19.2,1
3/2/1987,3.75,2.24,11.78,36.33,24.55,101.32,17.61,57.17,19.47,1
3/3/1987,0,0.98,11.31,35.63,24.32,101.26,20.46,53.61,18.59,0
3/4/1987,0,1.44,10.78,35.72,24.94,101.15,18.03,53.02,18.83,0
3/5/1987,0.57,2.29,13.87,37.96,24.09,101.17,21.06,50.04,18.11,1
3/6/1987,0.01,1.64,13.74,38.06,24.32,101.08,19.38,52.29,19.07,1
3/7/1987,0.01,2.95,13.37,38.76,25.39,100.82,20.95,49.25,18.93,1
3/8/1987,0.01,3.1,15,39.73,24.73,100.75,22.21,46.65,17.48,1
3/9/1987,0,2.81,13.73,39.66,25.93,100.78,24.87,47.28,18.2,0
3/10/1987,0,3.26,14.63,40.03,25.4,100.75,23.64,47.42,18.53,0
3/11/1987,0.01,3.19,13.68,39.08,25.4,100.71,21.45,45.09,17.17,1
3/12/1987,0,3.38,14.73,39.06,24.33,100.74,23.61,46.93,17.68,0
3/13/1987,0,2.36,14.39,38.84,24.45,100.81,23.47,47.04,17.73,0
3/14/1987,0,3.26,14.23,40.16,25.93,100.8,21.35,45.76,18.31,0
3/15/1987,0,2.89,12.83,39.32,26.49,100.79,24.78,48.42,18.97,0
3/16/1987,0,3.51,12.21,39.17,26.96,100.73,24.94,49.55,19.6,0
3/17/1987,0,3.13,10.43,37.19,26.76,100.74,24.44,50.21,19.51,0
3/18/1987,0,3.31,12.79,39.91,27.12,100.78,23.17,50.16,20.03,0
3/19/1987,0,3.23,12.49,39.17,26.68,100.67,23.9,51.76,19.94,0
3/20/1987,0,3.53,15.41,40.82,25.41,100.62,24.25,51.35,18.91,0
3/21/1987,0,3.89,13.49,39.63,26.14,100.75,25.13,54.74,20.41,0
3/22/1987,0,3.09,13.49,39.48,25.99,100.88,23.19,51.51,19.61,0
3/23/1987,0,3.06,11.63,37.88,26.25,100.83,23.51,53.07,20.41,0
3/24/1987,0,2.79,14.84,41.25,26.41,100.72,24.1,46.72,18.8,0
3/25/1987,0,3.04,14.12,41.17,27.05,100.8,22.2,46.61,19.44,0
3/26/1987,0.57,3.78,14.26,40.61,26.35,100.89,22.63,49.55,19.71,1
3/27/1987,0.25,3.88,13.1,40.32,27.22,100.89,19.55,46.85,18.57,1
3/28/1987,0.05,2.85,11.7,38.21,26.51,100.96,24.09,49.09,18.81,1
3/29/1987,0.07,3.24,12.21,38.05,25.84,101.01,21.52,48.87,18.44,1
3/30/1987,0.01,3.41,14.26,40.01,25.75,101,22.88,49.82,18.84,1
3/31/1987,0.01,3.56,14.18,40.53,26.35,100.93,22.43,47.25,18.13,1
4/1/1987,1.5,2.43,13.7,39.76,26.06,100.75,22.04,48.57,19.26,1
4/2/1987,0.01,2.28,13.58,40.1,26.52,100.68,21.55,45.7,18.94,1
4/3/1987,0.09,2.98,10.02,37.94,27.92,100.69,21.46,48.77,20.01,1
4/4/1987,0.57,2.92,12.03,39.6,27.57,100.73,20.47,47.81,19.64,1
4/5/1987,0,3.31,11,38.47,27.47,100.7,21.65,47.65,19.39,0
4/6/1987,0,3.6,13.08,39.97,26.89,100.62,22.93,49.8,19.58,0
4/7/1987,0,3.7,14.81,40.71,25.9,100.67,23.25,51.21,19.73,0
4/8/1987,0.07,3.57,11.8,38.22,26.42,100.74,19.18,55.26,20.64,1
4/9/1987,0.19,2.91,12.51,39.5,26.99,100.82,21.59,51.21,20.15,1
4/10/1987,0,2.89,8.16,35.87,27.71,100.88,24.17,56.7,21.16,0
4/11/1987,0.03,2.66,15.3,40.86,25.56,100.81,25.28,48.97,18.5,1
4/12/1987,0,2.62,16.37,42,25.63,100.78,26.01,48.06,18.63,0
4/13/1987,0,3.55,13.89,41.01,27.12,100.82,26.91,50.29,20.32,0
4/14/1987,0.07,2.51,10.35,38.54,28.19,100.89,18.03,50.16,20.18,1
4/15/1987,1.39,2.83,12.8,39.76,26.96,100.91,22.52,47.42,19.87,1
4/16/1987,0.98,2.43,12.91,41.09,28.18,100.91,22.89,45.72,19.65,1
4/17/1987,0.11,2.53,11.52,39.93,28.41,100.93,19.57,48.84,20.32,1
4/18/1987,0.02,1.59,5.95,33.76,27.81,100.9,18.5,58.78,21.5,1
4/19/1987,0.18,1.91,11.88,39.37,27.49,100.78,21.53,49.21,20.44,1
4/20/1987,1.38,3.09,11.59,39.89,28.3,100.79,23.57,48.23,20.56,1
4/21/1987,2.82,3.57,13.26,41.09,27.83,100.81,23.72,48.65,20.09,1
4/22/1987,0.1,2.41,11.75,39.36,27.61,100.94,17.58,48.4,19.5,1
4/23/1987,2.48,2.29,12.28,39.8,27.52,100.81,24.79,49.17,20.37,1
4/24/1987,0.04,3.08,8.22,36.55,28.33,100.83,24.93,55.57,21.51,1
4/25/1987,0.79,1.73,7.99,35.56,27.57,100.86,21.18,56.13,21.48,1
4/26/1987,0.05,1.72,8.9,36.28,27.38,100.88,20.48,55.55,21.22,1
4/27/1987,1.54,2.22,10.21,37.92,27.71,100.88,21.61,50.89,20.54,1
4/28/1987,0.75,2.84,13.03,39.94,26.91,100.89,23.52,49.5,19.59,1
4/29/1987,0.03,2.59,11.58,39.63,28.05,100.78,21.58,47.99,19.86,1
4/30/1987,0,3.21,12.67,40.12,27.45,100.77,24.03,47.04,19.68,0
5/1/1987,0.01,2.97,11.99,39.61,27.62,100.78,24.59,50.86,20.94,1
5/2/1987,0.08,2.08,6.3,34.7,28.4,100.84,21.82,58.09,21.61,1
5/3/1987,0.04,1.76,9.3,36.82,27.52,100.77,20.47,52.75,20.96,1
5/4/1987,0.2,3.15,7.35,35.31,27.96,100.82,14.71,57.96,21.22,1
5/5/1987,12.88,2.68,11.88,37.51,25.63,100.75,20.34,62.77,22.12,1
5/6/1987,1.58,3.05,9.32,35.16,25.84,100.81,16.47,69.15,22.85,1
5/7/1987,0.26,2.67,14.09,38.88,24.79,100.68,19.1,60.46,21.63,1
5/8/1987,1.35,2.62,11.87,37.71,25.84,100.72,23.07,62.4,22.31,1
5/9/1987,0.11,1.98,8.1,34.46,26.36,100.89,26.1,65.69,22.45,1
5/10/1987,0.22,1.39,8.7,34.85,26.15,100.92,20.9,61.71,21.78,1
5/11/1987,0.13,2.35,12.71,38.25,25.54,100.88,23.98,53.57,20.08,1
5/12/1987,1.51,2.31,12.6,39.52,26.92,100.82,23.99,49.54,20.03,1
5/13/1987,0.25,1.18,12.55,40,27.45,100.88,22.23,47.08,19.28,1
5/14/1987,0.14,1.45,11.63,39,27.37,100.93,19.78,43.96,18.35,1
5/15/1987,0.2,2.36,12.62,39.83,27.21,100.89,25.53,43.99,18.73,1
5/16/1987,0,2.52,13.71,40.94,27.23,100.83,25.8,44.67,18.96,0
5/17/1987,0.01,3.19,11.8,39.11,27.31,100.73,24.55,52.52,21.09,1
5/18/1987,1.04,3.45,12.37,39.33,26.96,100.66,18.54,53.98,21.06,1
5/19/1987,8.4,2.78,9.65,36.43,26.78,100.75,20,63.99,22.82,1
5/20/1987,1.98,2.83,10.67,36.7,26.03,100.68,20.59,63.33,22.45,1
5/21/1987,0.01,2.84,12.6,38.79,26.19,100.51,25.37,58.94,21.81,1
5/22/1987,0.03,3.4,12.14,39.21,27.07,100.37,25.17,56.29,21.56,1
5/23/1987,0.86,3.26,12.91,39.54,26.63,100.43,24.33,55.32,21.69,1
5/24/1987,0.01,3.28,12.83,40.12,27.29,100.55,25.24,52.63,21.22,1
5/25/1987,0.05,2.59,9.96,37.84,27.88,100.68,26.19,53.14,21.06,1
5/26/1987,0.05,2.84,10.14,37.36,27.22,100.7,26,55.02,21.43,1
5/27/1987,0.02,1.82,11.22,38.23,27.01,100.68,23.77,52.93,20.69,1
5/28/1987,0.58,1.63,9.15,36.64,27.49,100.74,22.72,53.94,20.11,1
5/29/1987,0.66,1.61,8.16,34.12,25.96,100.82,17.28,59.23,20.59,1
5/30/1987,0.11,2.07,9.16,35.44,26.28,100.82,22.53,55.11,20.47,1
5/31/1987,0.16,1.9,11.8,38.41,26.61,100.68,24.27,50.24,20.14,1
6/1/1987,3.79,2.36,11.32,39.04,27.72,100.59,22.05,55.1,21.7,1
6/2/1987,1.12,1.68,10.38,37.92,27.54,100.62,23.54,57.49,21.59,1
6/3/1987,10.28,2.18,7.39,34.41,27.02,100.59,22.72,65.87,22.59,1
6/4/1987,1.47,2.28,5.86,31.87,26.01,100.54,21.95,76.23,23.83,1
6/5/1987,1.01,1.83,6.82,32.4,25.58,100.68,21.27,74.24,23.11,1
6/6/1987,2.97,1.62,6.45,32.18,25.73,100.69,20.68,72.46,22.8,1
6/7/1987,4.57,1.62,9.7,34.84,25.14,100.57,21.49,72.85,23.07,1
6/8/1987,1.74,2.36,12.28,37.09,24.81,100.45,22.14,67.81,22.84,1
6/9/1987,4.03,1.58,12.68,37.76,25.08,100.6,17.87,65.59,22.63,1
6/10/1987,9.34,1.32,7.69,34.09,26.4,100.76,17.35,72.29,23.81,1
6/11/1987,7.85,2.24,10.37,35.68,25.31,100.79,19.69,72.3,23.32,1
6/12/1987,2.9,2.84,9.22,34.8,25.58,100.67,17.01,75.31,23.98,1
6/13/1987,1.18,3.03,6.9,32.52,25.62,100.49,17.61,76.38,23.89,1
6/14/1987,3.08,3.25,8.09,33.55,25.46,100.43,16.82,77.18,23.76,1
6/15/1987,4.93,3.14,4.96,30.46,25.5,100.6,12.6,83.22,24.2,1
6/16/1987,2.66,2.19,7.21,32.01,24.8,100.77,18.01,80.15,23.67,1
6/17/1987,17.55,2.28,6.7,31.5,24.8,100.66,17.09,82.05,24.12,1
6/18/1987,24.28,2.92,5.1,30.18,25.08,100.46,17.17,88.32,24.96,1
6/19/1987,14.78,2.75,4.42,29.54,25.12,100.42,12.94,87.68,24.59,1
6/20/1987,9.15,2.64,6.66,31.3,24.64,100.58,17.18,85.84,24.68,1
6/21/1987,0.21,2.13,6.17,31.01,24.84,100.85,20.8,83.43,24.25,1
6/22/1987,0.2,1.52,9.9,34.23,24.33,100.82,18.16,75.89,23.83,1
6/23/1987,0.15,2.15,8.73,33.61,24.88,100.71,19.84,76.21,24.06,1
6/24/1987,1.37,2.48,9.03,34.35,25.32,100.63,22.01,76.93,24.3,1
6/25/1987,7.52,2.07,6.96,32.37,25.41,100.68,19.39,81.47,24.42,1
6/26/1987,6.72,2.48,7.34,32.11,24.77,100.67,22.92,82.17,24.47,1
6/27/1987,16.8,2.78,4.57,29.48,24.91,100.68,22.42,90,25.08,1
6/28/1987,6.84,2.85,6.34,30.5,24.16,100.7,19.63,84.74,24.08,1
6/29/1987,4.02,1.92,7.46,31.01,23.55,100.65,20.13,83.21,23.79,1
6/30/1987,7.52,2.7,7.17,31.76,24.59,100.65,20.42,82.86,24.31,1
7/1/1987,3.1,2.94,5.26,29.9,24.64,100.82,14.67,85.1,24.01,1
7/2/1987,2.5,2.78,6.13,30.37,24.24,100.9,9.95,84.1,23.53,1
7/3/1987,12.23,2.98,4.84,28.34,23.5,100.91,13.2,85.96,23.1,1
7/4/1987,22.21,2.72,9.09,31.59,22.5,100.81,14.57,83.92,23.45,1
7/5/1987,10.43,3.06,6.4,30.08,23.68,100.93,16.64,84.14,23.3,1
7/6/1987,9.7,2.86,7.85,31.21,23.36,100.88,20.53,82.54,23.22,1
7/7/1987,1.43,2.27,8.37,31.41,23.04,100.74,19.42,81.64,23.51,1
7/8/1987,7.97,2.43,5.59,29.87,24.28,100.72,19.42,85.82,24.05,1
7/9/1987,5.89,1.97,4.74,28.73,23.99,100.88,20.39,88.11,23.93,1
7/10/1987,5.36,2.01,7.54,30.81,23.27,100.8,21.21,84.13,23.84,1
7/11/1987,2.91,2.39,6.31,29.99,23.68,100.71,20.63,86.74,24.2,1
7/12/1987,3.89,2.43,6.27,30.23,23.96,100.6,21.71,87.59,24.42,1
7/13/1987,2.27,3.06,3.38,28.24,24.86,100.59,21.72,90.37,24.67,1
7/14/1987,0.88,3.05,4.94,30.09,25.15,100.62,15.57,88.31,24.76,1
7/15/1987,1.64,3.27,6.26,30.96,24.7,100.53,22.64,85.25,24.42,1
7/16/1987,2.07,2.89,5.96,30.48,24.52,100.4,17.09,83.91,23.88,1
7/17/1987,5.53,2.83,7.56,31.28,23.72,100.5,18.82,83.87,23.98,1
7/18/1987,2.41,2.26,5.58,30.09,24.51,100.71,12.12,86.89,24.29,1
7/19/1987,1.29,2.13,6.76,30.08,23.32,100.72,21.69,84.53,23.66,1
7/20/1987,2.35,2.35,5.78,30.49,24.71,100.6,18.23,84.69,24.05,1
7/21/1987,0.25,2.58,7.67,31.8,24.13,100.55,21.12,83.75,24.43,1
7/22/1987,0.05,2.11,7.31,32.25,24.94,100.65,22.71,83.19,24.71,1
7/23/1987,0.08,2.3,7.71,32.47,24.76,100.68,24.16,78.94,23.57,1
7/24/1987,0.34,2,10.14,33.91,23.77,100.69,24.87,78.43,24.08,1
7/25/1987,0.03,1.8,9.54,33.82,24.28,100.65,25.21,75.72,23.66,1
7/26/1987,0.3,2.62,8.56,33.11,24.55,100.69,24.25,78.05,24.07,1
7/27/1987,0.27,2.52,9.22,33.78,24.56,100.7,23.21,77.2,24,1
7/28/1987,2.78,2.77,8.31,33.34,25.03,100.75,21.33,79.14,24.28,1
7/29/1987,22.33,2.24,7.48,32.02,24.54,100.8,16.87,82.51,24.53,1
7/30/1987,2.69,2.37,5.45,30.58,25.13,100.82,18.24,85.34,24.64,1
7/31/1987,0.8,1.65,7.18,31.29,24.11,100.86,16.9,78.82,23.03,1
8/1/1987,1.1,2,7.41,31.36,23.95,100.88,23.38,80.84,23.31,1
8/2/1987,0.95,2.15,9.06,32.58,23.52,100.9,18.79,78.5,23.11,1
8/3/1987,1.8,1.66,8.04,31.52,23.48,101.01,22.54,78.96,23.06,1
8/4/1987,0.33,1.7,7.43,31.24,23.81,100.92,22.27,79.03,23.02,1
8/5/1987,0.04,1.51,9.22,33.23,24.01,100.79,24.25,74.86,22.86,1
8/6/1987,0.22,1.64,10.32,34.61,24.29,100.73,24.76,73.09,23.05,1
8/7/1987,2.12,1.6,9.5,33.5,24,100.71,24.05,75.95,23.49,1
8/8/1987,0.19,2.05,10.4,34.73,24.33,100.59,24.31,73.04,23.11,1
8/9/1987,1.99,1.9,6.42,30.87,24.45,100.62,23.01,81.31,23.87,1
8/10/1987,1.72,2.23,9.82,33.51,23.69,100.67,18.07,76.61,23.36,1
8/11/1987,1.88,1.28,8.6,33.36,24.76,100.69,19.38,75.57,23.3,1
8/12/1987,11.96,1.14,7.04,31.78,24.74,100.65,19.38,81.14,24.26,1
8/13/1987,4.17,1.17,6.89,31.92,25.03,100.55,19.04,80.76,24.19,1
8/14/1987,14.67,1.8,7.18,31.66,24.48,100.42,17,84.44,24.45,1
8/15/1987,9.41,3.14,4.53,29.91,25.38,100.31,16.32,88.26,24.97,1
8/16/1987,5.42,3.26,5.51,30.31,24.8,100.25,16.3,87.65,24.86,1
8/17/1987,10.19,3.68,4.49,29.74,25.25,100.38,13.23,87.83,24.64,1
8/18/1987,3.21,2.9,5.68,30.92,25.24,100.62,16.74,85.07,24.58,1
8/19/1987,1.98,2.09,6.43,31.13,24.7,100.7,21.49,85.19,24.58,1
8/20/1987,10.27,2.58,6.18,30.6,24.42,100.57,20.41,87.82,24.78,1
8/21/1987,5.6,3.33,4.16,28.8,24.64,100.4,9.31,90.96,24.78,1
8/22/1987,5.78,4.29,4.84,29.2,24.36,100.47,10.48,88.61,24.09,1
8/23/1987,27.28,3.45,4.24,28.91,24.67,100.78,10.53,90.72,24.67,1
8/24/1987,0.23,1.52,8.35,32.06,23.71,100.96,13.4,80.44,23.9,1
8/25/1987,0.47,1.52,7.06,31.52,24.46,100.94,15.62,81.58,24.12,1
8/26/1987,1.66,1.79,7.21,31.63,24.42,100.85,20.72,81.48,23.87,1
8/27/1987,6.32,2.29,5.18,29.37,24.19,100.85,19.73,88.9,24.37,1
8/28/1987,1,2.39,6.96,30.84,23.88,100.82,18.16,85.51,24.29,1
8/29/1987,0.05,2.48,6.94,31.27,24.33,100.78,17.58,84.02,24.3,1
8/30/1987,0.08,2.64,6.14,30.64,24.5,100.77,21.29,85.39,24.46,1
8/31/1987,0.55,2.95,6.47,30.62,24.15,100.78,20.03,85.08,24.26,1
9/1/1987,2.23,2.59,5.48,29.8,24.32,100.76,20.14,86.97,24.16,1
9/2/1987,3.43,2.72,6.94,30.84,23.9,100.73,13.04,83.67,23.66,1
9/3/1987,3.51,2.19,6.88,29.88,23,100.74,21.65,85.17,23.48,1
9/4/1987,14.94,2.24,5.02,28.54,23.52,100.58,18.92,90.24,24.22,1
9/5/1987,8.82,3.31,6.05,30.36,24.31,100.37,15.73,88.45,24.35,1
9/6/1987,9.01,3.41,6.32,30.59,24.27,100.45,16.06,85.67,23.84,1
9/7/1987,0.09,3.12,8.44,32.22,23.78,100.59,20.51,80.84,23.66,1
9/8/1987,0.56,2.38,7.95,31.31,23.36,100.62,19.93,83.09,23.96,1
9/9/1987,5.13,2.76,5.37,30.16,24.79,100.54,15.74,88.74,24.89,1
9/10/1987,26.77,2.65,3.58,28.42,24.84,100.48,7.86,91.9,24.8,1
9/11/1987,8.65,2.48,4.43,28.73,24.3,100.51,11.97,90.32,24.5,1
9/12/1987,4.58,1.83,3.17,27.45,24.28,100.55,12.72,92.5,24.34,1
9/13/1987,3.78,2.23,5.38,29.63,24.25,100.49,9.08,90.12,24.85,1
9/14/1987,0.95,2.04,4.63,28.69,24.06,100.52,10.35,90.69,24.52,1
9/15/1987,1.47,1.67,5.21,29.47,24.26,100.62,17.79,87.46,24.1,1
9/16/1987,7.99,1.2,7.31,31.48,24.17,100.65,17.92,85.02,24.51,1
9/17/1987,0.88,2.33,6.18,30.57,24.39,100.75,14.93,86.71,24.48,1
9/18/1987,0.4,2.02,5.35,29.37,24.02,100.93,16.9,86.58,24.07,1
9/19/1987,1.29,1.01,7.61,31.21,23.6,100.97,19.59,82.28,24.06,1
9/20/1987,8.56,0.8,5.73,30.2,24.47,101.01,18.46,82.4,23.8,1
9/21/1987,0.19,0.82,8.44,32.6,24.16,100.99,22.76,75.68,23.44,1
9/22/1987,0.12,0.75,4.79,30.24,25.45,101.02,12.9,79.22,23.83,1
9/23/1987,0.22,0.57,4.94,29.98,25.04,101,19.3,81.6,24,1
9/24/1987,0.73,0.84,5.4,29.88,24.48,100.94,16.54,87.32,24.43,1
9/25/1987,0.42,1.23,6.37,30.65,24.28,100.91,23.12,85.7,24.25,1
9/26/1987,0.79,1.37,8.21,32.36,24.15,100.98,20.54,80.89,24.1,1
9/27/1987,0.36,1.42,6.58,31.11,24.53,101.04,21.35,81.56,23.67,1
9/28/1987,1.44,1.07,9.19,32.31,23.12,101.09,20.78,76.53,22.77,1
9/29/1987,23.64,1.19,3.99,28.18,24.19,101.13,20.17,86.33,23.4,1
9/30/1987,3.86,0.91,7.03,30.78,23.75,101.08,21.35,82.71,23.69,1
10/1/1987,5.37,0.97,6.27,30.31,24.04,101.06,17.75,82.86,23.95,1
10/2/1987,3.5,1.36,7.88,32.02,24.14,100.94,14.36,82.49,24.32,1
10/3/1987,5.93,1.1,5.25,29.39,24.14,100.93,16.8,88.55,24.63,1
10/4/1987,0.36,1.66,5.66,30.04,24.38,101,21.45,85.74,23.89,1
10/5/1987,0.65,1.32,6.54,30.49,23.95,101.1,22.04,83.44,23.49,1
10/6/1987,0.75,0.86,4.51,28.69,24.18,101.08,18.22,85.22,23.52,1
10/7/1987,3.2,1.39,7.8,31.48,23.68,100.97,11.67,82.55,23.47,1
10/8/1987,2.31,2.35,8.34,31.77,23.43,100.88,12.36,82.67,23.98,1
10/9/1987,2.19,1.16,7.08,30.8,23.72,100.9,20.49,83.35,23.82,1
10/10/1987,3.83,0.65,6.26,30.69,24.43,100.78,19.17,83.47,24,1
10/11/1987,10.83,1.18,6.35,30.95,24.6,100.66,13.41,85.71,24.4,1
10/12/1987,2.97,1.3,7.37,31.42,24.05,100.68,15.04,83.9,24.51,1
10/13/1987,0.02,0.98,6.94,31.39,24.45,100.7,23.86,83.75,24.53,1
10/14/1987,0.18,0.88,4.98,29.5,24.52,100.73,19.66,86.95,24.63,1
10/15/1987,0.7,1.16,8.8,32.7,23.9,100.75,19.97,79.45,24.11,1
10/16/1987,4.42,1.47,5.2,30.53,25.33,100.84,21.36,85.39,24.64,1
10/17/1987,0.08,0.95,5.33,30.37,25.04,100.88,17.87,82.1,24,1
10/18/1987,0.6,0.81,7.31,31.29,23.98,100.86,21.27,78.95,23.68,1
10/19/1987,0.06,1.62,7.96,32.6,24.64,100.81,19.79,79.44,24.21,1
10/20/1987,0.09,1.22,9.43,33.19,23.76,100.8,21.09,76.73,23.83,1
10/21/1987,0.81,1.46,8.76,33.44,24.68,100.84,21.29,74.81,23.65,1
10/22/1987,1.94,1.08,4.3,29.38,25.08,100.81,21.29,85.48,24.26,1
10/23/1987,0.98,1.02,4.7,29.18,24.48,100.9,21.29,84.91,23.9,1
10/24/1987,0.03,0.87,6.59,30.22,23.63,100.94,20.34,80.18,23.21,1
10/25/1987,12.97,1.76,4.01,27.73,23.72,100.98,17.27,84.84,22.81,1
10/26/1987,5.75,0.82,9.26,31.86,22.6,100.93,18.88,79.09,22.99,1
10/27/1987,0.07,0.98,8.69,32.82,24.13,100.83,16.58,79.24,23.9,1
10/28/1987,1.52,1.15,8.35,32.83,24.48,100.83,18.35,79.75,24.16,1
10/29/1987,1.19,1.53,7,31.92,24.92,100.86,19.09,81.42,24.37,1
10/30/1987,2.27,0.77,4.65,29.91,25.26,100.88,18.16,84.02,24.25,1
10/31/1987,6.4,1.04,6.54,31.59,25.05,100.84,17.26,83.57,24.33,1
11/1/1987,1.1,1.75,8.48,32.7,24.22,100.78,18.36,81.01,24.26,1
11/2/1987,4.04,1.08,7.16,31.98,24.82,100.82,18.17,82.09,24.54,1
11/3/1987,0.42,1.65,9.08,34.08,25,100.85,17.46,73.51,22.78,1
11/4/1987,2.25,2.45,8.78,33.22,24.44,100.89,19.64,78.05,23.71,1
11/5/1987,9.66,1.28,8.03,32.35,24.32,100.9,17.32,80.05,24.25,1
11/6/1987,0.61,1.72,7.17,32.28,25.11,100.76,19.87,82.42,24.45,1
11/7/1987,3.27,1.41,6.67,31.71,25.04,100.77,19.06,85.18,24.73,1
11/8/1987,3.4,1.47,6.57,31.59,25.02,100.76,8.96,84.3,24.65,1
11/9/1987,4.39,1.53,6.72,31.29,24.57,100.73,20.18,83.08,23.96,1
11/10/1987,9.95,1.06,4.53,28.97,24.44,100.75,18.2,87.81,24.09,1
11/11/1987,4.14,1.35,6.92,31.37,24.45,100.75,18.43,83.94,24.22,1
11/12/1987,1.71,1.82,7.99,32.08,24.09,100.94,17.59,81.53,23.71,1
11/13/1987,7.18,1.5,9.36,32.54,23.18,101.02,18.33,80.1,23.36,1
11/14/1987,7.94,1.34,5.99,29.94,23.95,101.06,15.58,85.62,24.07,1
11/15/1987,0.07,1.22,8.54,32.42,23.88,101.09,21.4,76.5,23.19,1
11/16/1987,0,0.92,7.54,31.89,24.35,101.02,20.21,77.19,23.18,0
11/17/1987,1.32,1.25,5.76,29.65,23.89,100.93,21.66,83.71,23.66,1
11/18/1987,10.33,1.6,5.51,29.5,23.99,100.87,17.87,89.43,24.55,1
11/19/1987,0.85,2.18,4.98,29.22,24.24,100.75,13.74,86.31,23.46,1
11/20/1987,0.01,2.49,8.12,30.96,22.84,100.71,17.88,79.01,21.92,1
11/21/1987,0.92,0.96,9.92,32.08,22.16,100.78,16.27,76.29,22.45,1
11/22/1987,0.1,1.41,7.52,31.37,23.85,100.96,14.26,78.12,23.03,1
11/23/1987,3.73,0.85,8.67,32.94,24.27,100.9,15.73,74.94,23.18,1
11/24/1987,1.22,1.46,6.65,31.06,24.41,100.7,16.17,84.59,24.26,1
11/25/1987,0.31,1.88,7.97,32.59,24.62,100.53,15.35,79.62,23.9,1
11/26/1987,1.35,1.25,7.03,31.38,24.35,100.54,13.43,82.23,24.05,1
11/27/1987,1.2,1.43,6.95,31.26,24.31,100.59,15.48,82.66,24.29,1
11/28/1987,2.13,1.7,8.39,32.91,24.52,100.66,15.52,82.46,24.6,1
11/29/1987,1.14,1.63,8.04,32.18,24.14,100.92,6.02,84.95,23.89,1
11/30/1987,0,3.38,9.03,31.24,22.21,101.11,19.26,69.8,19.39,0
12/1/1987,0,4.04,11.63,31.32,19.69,101.13,20.92,69.01,18.07,0
12/2/1987,0,3.78,13.49,31.79,18.3,101.15,21.45,68.83,17.57,0
12/3/1987,0,3.32,12.24,32,19.76,101.11,20.97,69.29,18.75,0
12/4/1987,0,3.35,11.8,33.92,22.12,101.05,17.88,68.42,20.53,0
12/5/1987,0,3.46,7.96,30.75,22.79,101.14,16.07,68.05,19.51,0
12/6/1987,0,3.9,9.56,29.91,20.35,101.34,18.58,63,16.09,0
12/7/1987,0,3.79,12.69,30.91,18.22,101.4,19.52,59.94,14.3,0
12/8/1987,0,3.52,13.4,31.07,17.67,101.42,21.11,65.02,16.01,0
12/9/1987,0,3.14,14.45,32.85,18.4,101.3,21.52,66.86,17.86,0
12/10/1987,0,3.4,12.58,33.83,21.25,101.22,20.7,65.89,19.13,0
12/11/1987,0,2.31,12.35,34.37,22.02,101.06,19.42,67.11,20.36,0
12/12/1987,0,2.7,10.67,33.74,23.07,101.07,20.78,64.38,19.15,0
12/13/1987,0,2.5,12.63,33.22,20.59,101.09,21.3,65.5,18.1,0
12/14/1987,0,2.95,14.06,33.29,19.23,101.2,19.73,62.91,16.68,0
12/15/1987,0,2.78,13.71,33.7,19.99,101.15,20.03,64.55,18.4,0
12/16/1987,0,3.09,11.35,33.59,22.24,101.13,18.94,63.47,18.85,0
12/17/1987,0,3.27,12.34,33.18,20.84,101.22,18.9,58.95,16.78,0
12/18/1987,0,3.06,13.22,32.65,19.43,101.24,21.07,61.29,16.27,0
12/19/1987,0,3.4,14.76,33.85,19.09,101.15,21.36,63.18,17.55,0
12/20/1987,0,3.06,11.77,32.46,20.69,101.23,21.23,61.1,17.56,0
12/21/1987,0,3.01,12.06,32.67,20.61,101.35,19.66,58.67,16.52,0
12/22/1987,0,2.95,13.06,33.5,20.44,101.27,20.84,57.44,16.26,0
12/23/1987,0,3.24,13.67,34,20.33,101.2,20.02,58.07,16.69,0
12/24/1987,0,2.38,12.41,34.14,21.73,101.17,20.27,59.82,18.41,0
12/25/1987,0,3.02,9.89,33.25,23.36,101.23,18.14,60.32,18.91,0
12/26/1987,0,2.31,11.93,35.6,23.67,101.2,19.29,56.66,18.44,0
12/27/1987,0,1.53,9.49,32.86,23.37,101.21,18.54,59.62,19.14,0
12/28/1987,0,1.96,12.25,35.85,23.6,101.09,20.22,59.29,19.75,0
12/29/1987,0,1.01,11.16,34.6,23.44,101.02,17.69,60.76,19.76,0
12/30/1987,0,1.49,13.29,36.39,23.1,101.03,18.53,59.61,19.47,0
12/31/1987,0,1.43,12.35,36.53,24.18,101.01,21.18,53.86,18.44,0
1/1/1988,0.01,2.6,13.34,36.75,23.41,101.14,20.78,51.04,17.41,1
1/2/1988,3.26,2.19,14,35.95,21.95,101.1,22.32,57.35,18.27,1
1/3/1988,0,1.73,13.58,36.25,22.67,101.03,22.32,57.41,19.21,0
1/4/1988,0,1.05,11.28,36.57,25.29,101.05,20.98,56.77,20.23,0
1/5/1988,0,2.54,11.6,36.45,24.85,101.11,20.98,51.86,18.07,0
1/6/1988,0,2.15,13.28,35.59,22.31,101.03,21.02,48,15.4,0
1/7/1988,0,1.57,13.44,35.3,21.86,101.06,20.66,48.44,14.74,0
1/8/1988,0,1.81,14.63,35.77,21.14,101.09,21.27,51.97,17.14,0
1/9/1988,0,1.02,8.01,33.16,25.15,101.14,15.86,59.51,19.86,0
1/10/1988,0,1.98,10.78,36,25.22,101.07,20.8,51.83,18.73,0
1/11/1988,0,3.17,12.41,36.78,24.37,101.17,21.51,43.86,15.79,0
1/12/1988,0,2.7,13.27,36.42,23.15,101.15,21.23,44.23,15.76,0
1/13/1988,0,1.73,13.41,36.69,23.28,101.05,21.49,42.26,15.13,0
1/14/1988,0,1.06,13.16,37.19,24.03,101.02,21.5,46.45,16.36,0
1/15/1988,0,1.42,13.19,37.87,24.68,101.01,16.62,46.61,17.04,0
1/16/1988,0,1.44,13.31,37.95,24.64,101.03,20.84,45.4,16.87,0
1/17/1988,0,3.03,12.56,36.74,24.18,101.07,21.43,40.41,13.46,0
1/18/1988,0,2.8,15.16,36.76,21.6,100.99,22.25,40,13.51,0
1/19/1988,0,2.33,11.45,36.05,24.6,100.93,21.4,40.97,14.33,0
1/20/1988,0,2.25,13.74,36.71,22.97,100.89,22.35,41.68,14.67,0
1/21/1988,0,0.97,13.81,37.48,23.67,100.72,21.28,47.67,17.24,0
1/22/1988,0,1,14.04,38.27,24.23,100.66,20,48.27,17.76,0
1/23/1988,0.01,1.84,11.26,37.13,25.87,100.68,18.58,53.43,20.31,1
1/24/1988,1.05,1.57,7.86,34.5,26.64,100.69,18.36,58.82,21.07,1
1/25/1988,0.77,1.46,9.38,35.42,26.04,100.74,19.74,55.68,20.17,1
1/26/1988,0,1.55,9.87,36.42,26.55,100.8,15.84,52.67,20.13,0
1/27/1988,0.81,2.05,11.11,37.65,26.54,100.73,16.85,50.37,19.53,1
1/28/1988,4.5,2.14,13.18,38.36,25.18,100.65,19.18,59.18,20.94,1
1/29/1988,0,2.12,13.43,38.37,24.94,100.69,21.99,54.11,19.61,0
1/30/1988,0.01,1.72,14.06,38.38,24.32,100.77,21.77,51.29,18.05,1
1/31/1988,0.09,1.65,14.33,38.56,24.23,100.76,20.96,50.4,17.91,1
2/1/1988,0,1.77,13.63,38.18,24.55,100.76,21.93,48.28,17.65,0
2/2/1988,0.03,1.94,14.66,37.91,23.25,100.84,22.24,49.16,17.39,1
2/3/1988,0,1.93,14.94,38.6,23.66,100.82,22.13,46.19,16.64,0
2/4/1988,0.21,2.25,14.9,38.1,23.2,100.78,20.68,49.39,16.78,1
2/5/1988,0.01,1.99,14.09,37.49,23.4,100.85,21.74,50.41,17.82,1
2/6/1988,0,1.74,14.26,38.87,24.61,100.81,20.79,45.75,17.37,0
2/7/1988,0.02,1.52,13.81,39.11,25.3,100.68,20.66,48.25,18.83,1
2/8/1988,0.14,2.56,11.88,38.82,26.94,100.71,20.78,47.33,18.92,1
2/9/1988,1.66,2,12.53,38.78,26.25,100.83,19.6,46.27,18,1
2/10/1988,0.84,1.71,13.95,38.77,24.82,100.95,20.74,47.8,18.01,1
2/11/1988,1.67,2.13,13.06,37.98,24.92,100.94,21.05,49.54,18.04,1
2/12/1988,0,1.96,12.79,37.62,24.83,100.93,23.54,44.42,16.01,0
2/13/1988,0,1.65,14.33,37.9,23.57,100.92,21.04,46.1,16,0
2/14/1988,0,2.17,13.72,38.33,24.61,100.84,22.01,47.84,17.9,0
2/15/1988,4.34,1.91,11.71,37.5,25.79,100.85,21.75,51.53,19.39,1
2/16/1988,1.31,1.73,11.11,37.35,26.24,100.97,18.93,53.64,19.78,1
2/17/1988,1.78,2.11,11.37,37.47,26.1,101.17,20.5,54.73,19.8,1
2/18/1988,1.3,2.2,10.66,36.14,25.48,101.22,20.7,53.76,19.31,1
2/19/1988,0,1.92,11.5,36.33,24.83,101.19,23.14,47.69,17.2,0
2/20/1988,0,1.98,11.81,37.54,25.73,101.11,23.38,45.14,17.33,0
2/21/1988,0,2.7,11.96,37.89,25.93,101.08,24,42.69,16.68,0
2/22/1988,0,2.44,10.57,36.43,25.86,101.01,23.38,46.07,17.37,0
2/23/1988,0,2.5,11.06,37.39,26.33,100.98,19.05,53.03,19.74,0
2/24/1988,0,2.56,11.6,37.65,26.05,100.94,17.4,49.24,18.92,0
2/25/1988,0.03,2.12,10.87,37.75,26.88,100.96,22.49,47.89,18.66,1
2/26/1988,0.52,1.96,10.32,36.85,26.53,100.98,21.67,51.67,19.68,1
2/27/1988,0.68,2.41,12.35,38.24,25.89,100.85,22.4,49.18,18.61,1
2/28/1988,0,2.2,11.44,36.65,25.21,100.87,22.95,52.05,19.08,0
2/29/1988,0.07,2.57,14.23,39.64,25.41,100.81,22.39,49.19,19.25,1
3/1/1988,0.67,2.52,14.23,39.77,25.54,100.75,22.23,49.16,19.02,1
3/2/1988,1.31,2.5,13.8,39.48,25.68,100.77,22.32,48.53,18.87,1
3/3/1988,1.8,2.18,12.5,37.86,25.36,100.86,21.58,51.1,18.83,1
3/4/1988,1.59,2.03,12.8,38.18,25.38,100.9,22.34,52.97,19.05,1
3/5/1988,0.72,1.4,13.92,38.91,24.99,100.97,19.95,47.88,18.49,1
3/6/1988,2.26,1.8,12.6,38.19,25.59,100.97,20.58,51.3,19.3,1
3/7/1988,0,2.14,13.25,38.92,25.67,101.01,19.6,44.62,17.16,0
3/8/1988,0,2.96,11.39,37.34,25.95,101.14,22.61,40.2,15.28,0
3/9/1988,0,3.78,13.25,38.35,25.1,101.17,23.77,40.88,16,0
3/10/1988,0.31,2.25,14.41,38.65,24.24,101.05,25.48,41.58,16.29,1
3/11/1988,0.9,1.96,14.12,40.24,26.12,100.9,22.17,46.97,19,1
3/12/1988,0.03,3.41,13.66,40.39,26.73,100.73,21.99,46.61,18.95,1
3/13/1988,0.01,3.18,13.68,40.21,26.53,100.62,21.92,46.98,19.33,1
3/14/1988,0,3.15,13.73,40.77,27.04,100.62,25.09,47.08,19.91,0
3/15/1988,0.31,2.62,11.36,39.25,27.89,100.61,21.46,48.38,20.33,1
3/16/1988,3.08,3.24,13.47,40.79,27.32,100.46,21.82,48.31,20.03,1
3/17/1988,0,2.95,14.48,40.76,26.28,100.45,22.89,44.6,17.61,0
3/18/1988,0,2.88,14.86,40.67,25.81,100.39,23.34,47.47,19.55,0
3/19/1988,0,3.14,13.13,40.97,27.84,100.49,20.96,47.78,20.37,0
3/20/1988,0.02,2.76,14.42,41.46,27.04,100.57,23.31,45.13,18.25,1
3/21/1988,0.79,2.82,15.5,40.62,25.12,100.53,22.09,47.35,18.08,1
3/22/1988,5.76,2.35,14.62,40.15,25.53,100.4,21.87,48.8,18.72,1
3/23/1988,1.75,2.85,13,38.37,25.37,100.47,22.58,53.36,19.62,1
3/24/1988,0,3.3,13.99,38.93,24.94,100.59,16.24,49.34,19.07,0
3/25/1988,0,2.92,12.54,38.6,26.06,100.66,18.66,50.16,19.67,0
3/26/1988,0,2.7,12.91,39.87,26.96,100.61,18.41,48.19,19.7,0
3/27/1988,0,3.08,13.2,40.33,27.13,100.55,21.3,47.89,19.9,0
3/28/1988,0,3.29,11.61,39.36,27.75,100.47,24.2,50.84,20.74,0
3/29/1988,0,3.3,15.64,42.11,26.47,100.33,23.22,46.13,18.28,0
3/30/1988,0,3.1,16.58,42.05,25.47,100.4,24.98,50.38,19.94,0
3/31/1988,0.4,3.35,11.99,40.39,28.4,100.64,21.67,51.43,21.35,1
4/1/1988,0.16,1.99,9.14,37.12,27.98,100.76,20.3,46.62,19.07,1
4/2/1988,1.05,3,12.51,40.53,28.02,100.69,21.98,45.07,19.35,1
4/3/1988,1.36,2.59,11.85,40.65,28.8,100.69,22.8,44.33,19.58,1
4/4/1988,0,3.14,12.38,41.14,28.76,100.63,20.7,43.62,19.09,0
4/5/1988,0,3.19,9.98,38.25,28.27,100.73,21.35,49.05,20.58,0
4/6/1988,0.48,2.03,7.92,36.61,28.69,100.75,21.4,52.06,21.11,1
4/7/1988,1.89,2.3,8.24,36.37,28.13,100.82,19.44,53.77,21.35,1
4/8/1988,12.09,2.03,9.72,36.4,26.68,100.95,19.42,60.29,22.15,1
4/9/1988,0.31,2.45,11.57,36.63,25.06,101.09,18.33,61.92,21.59,1
4/10/1988,0.97,2.16,11.46,37.37,25.91,100.96,21.47,57.96,21.32,1
4/11/1988,0.25,1.57,12.15,38.43,26.28,100.98,21.68,56.19,21.32,1
4/12/1988,2.31,1.56,11.76,38.55,26.79,100.97,22.68,56.37,21.47,1
4/13/1988,5.13,1.45,6.53,33.35,26.82,101.03,14.64,70.86,23.13,1
4/14/1988,2.77,1.34,9.88,35.2,25.32,100.87,19.21,68.39,22.54,1
4/15/1988,3.67,1.49,7.41,32.64,25.23,100.9,19.16,70.65,22.11,1
4/16/1988,0.8,1.7,12.81,37.79,24.98,100.83,21.03,59.98,21.52,1
4/17/1988,0.04,2.05,11.33,36.73,25.4,100.86,21.44,61.37,21.99,1
4/18/1988,0.58,1.36,11.44,37.79,26.35,100.69,18.24,57.64,21.87,1
4/19/1988,0.01,2.43,12.28,38.74,26.46,100.6,19.12,56.14,21.65,1
4/20/1988,0.18,1.69,6.8,34.86,28.06,100.64,21.37,62.61,22.96,1
4/21/1988,0,2.5,8.9,36.2,27.3,100.59,21.21,62.99,23.21,0
4/22/1988,0.02,1.97,8.31,35.41,27.1,100.55,24.31,62.51,22.74,1
4/23/1988,0.33,1.88,11.88,38.67,26.79,100.53,18.84,57.02,22.26,1
4/24/1988,0.42,2.2,7.97,35.58,27.61,100.59,20.8,57.92,21.63,1
4/25/1988,0.32,2.13,5.35,32.39,27.04,100.76,20.51,62.76,21.74,1
4/26/1988,1,1.78,13.12,39.48,26.36,100.72,21.73,53.62,21.38,1
4/27/1988,6.07,2.03,12.67,39.12,26.45,100.65,22.46,59.09,22.02,1
4/28/1988,2.11,1.41,8.18,35.42,27.24,100.56,21.5,64.09,23.11,1
4/29/1988,0.75,1.85,7.06,33.73,26.67,100.55,21.67,66.5,22.65,1
4/30/1988,2.96,1.58,6.95,32.97,26.02,100.52,18.82,69.56,23.05,1
5/1/1988,3.06,1.82,8.49,33.99,25.5,100.59,20.25,67.48,22.64,1
5/2/1988,4.34,2.25,7.79,33.51,25.72,100.7,15.87,70.54,23.34,1
5/3/1988,1.26,2.93,11.77,37.56,25.79,100.67,21.89,63.71,22.54,1
5/4/1988,8.28,2.95,11.98,37.44,25.46,100.51,20.4,68.91,23.4,1
5/5/1988,3.49,3.48,10.15,36.38,26.23,100.41,18.46,72.45,24.24,1
5/6/1988,5.89,3.19,6.39,33.01,26.62,100.54,17.14,77.51,24.6,1
5/7/1988,0.34,2.4,9.88,35.43,25.55,100.69,17.29,72.25,23.93,1
5/8/1988,1.06,1.9,8.25,34.16,25.91,100.72,21.28,72.14,23.83,1
5/9/1988,0.85,1.73,9.06,35.2,26.14,100.64,22.23,69.38,23.24,1
5/10/1988,0.82,1.24,9.9,35.39,25.49,100.54,20.06,68.09,23.18,1
5/11/1988,0.26,1.3,8.22,34.46,26.24,100.64,15.89,68.32,23.26,1
5/12/1988,0.87,1.69,8.61,34.99,26.38,100.6,21.24,69.43,23.5,1
5/13/1988,0.16,1.74,4.87,31.33,26.46,100.72,18.5,73.42,23.21,1
5/14/1988,2.84,1.99,12.08,37.67,25.59,100.61,22.97,64.05,22.48,1
5/15/1988,0.09,2.48,11.22,37.43,26.21,100.64,14.59,62.2,22.85,1
5/16/1988,1.66,2.92,12.41,38.6,26.19,100.61,21.36,57.49,21.74,1
5/17/1988,2.38,2.66,11.34,37.42,26.08,100.52,22.28,59.7,21.89,1
5/18/1988,6.95,2.12,8.61,35.05,26.44,100.55,22.7,71.4,23.75,1
5/19/1988,1.93,2.52,12.56,38.08,25.52,100.62,20.82,63.07,22.3,1
5/20/1988,0.06,2.37,10.83,37.14,26.31,100.66,25.24,64.11,22.94,1
5/21/1988,1.31,2.76,7.11,33.76,26.65,100.67,22.58,72.41,24.03,1
5/22/1988,2.84,2.58,9.01,34.9,25.89,100.6,24.82,75.35,24.27,1
5/23/1988,2.78,2.57,8.21,34.03,25.82,100.55,21.4,73.75,23.73,1
5/24/1988,1.85,3.05,9.31,35.39,26.08,100.57,25.15,71.05,23.48,1
5/25/1988,2.75,2.72,10.65,36.34,25.69,100.54,24.66,71.5,23.92,1
5/26/1988,7.17,2.79,7.82,34.08,26.26,100.55,16.69,78.04,24.63,1
5/27/1988,3.54,2.7,7.6,33.08,25.48,100.61,18.51,76.38,23.73,1
5/28/1988,0.93,2.58,9.32,34.2,24.88,100.65,23.56,72.31,23.46,1
5/29/1988,0.31,3.15,8.67,34.59,25.92,100.62,23.53,69.6,23.1,1
5/30/1988,0.22,3,10.28,36.1,25.82,100.58,24.03,65.61,22.47,1
5/31/1988,0.54,3.52,12.46,37.7,25.24,100.58,24.01,62.74,21.72,1
6/1/1988,7.8,3.31,9.9,35.4,25.5,100.47,23.86,70.99,23.31,1
6/2/1988,4.44,3.25,7.79,33.41,25.62,100.52,13.33,75.57,23.75,1
6/3/1988,0.26,3.21,10.08,35.1,25.02,100.62,23.86,69.51,22.65,1
6/4/1988,3.49,2.88,12.18,36.87,24.69,100.56,22.81,67.03,22.57,1
6/5/1988,16.02,2.14,5.73,31.04,25.31,100.51,24.54,84.26,24.41,1
6/6/1988,31.07,2.5,5.03,30.59,25.56,100.49,23.68,87.68,24.8,1
6/7/1988,1.67,2.04,5.07,29.93,24.86,100.77,13.95,84.96,24.13,1
6/8/1988,0.42,1.64,10.24,34.22,23.98,100.76,23.06,75.54,23.94,1
6/9/1988,0.03,1.6,6.61,32.54,25.93,100.67,21.3,75.73,23.94,1
6/10/1988,0.88,1.48,8.83,34.31,25.48,100.51,23.89,74.78,24.09,1
6/11/1988,5.85,2.81,5.71,31.29,25.58,100.66,16.31,82.74,24.53,1
6/12/1988,8.77,2.48,6.29,31,24.71,100.83,14.52,83.66,23.71,1
6/13/1988,3.81,2.54,5.1,29.02,23.92,100.78,16.22,86.04,23.43,1
6/14/1988,10.95,3.05,7.18,31.06,23.88,100.64,17.11,82.47,23.65,1
6/15/1988,2.81,2.68,6.61,30.67,24.06,100.55,16.38,83.65,23.97,1
6/16/1988,1.33,3.06,6.2,30.37,24.17,100.59,16.41,82.98,23.56,1
6/17/1988,6.17,2.97,6.94,30.93,23.99,100.78,13.82,83.75,23.75,1
6/18/1988,2.99,2.42,6.51,30.7,24.19,100.76,19.83,83.09,23.88,1
6/19/1988,5.81,2.11,8.29,32.4,24.11,100.63,18.95,81.26,24.29,1
6/20/1988,0.34,2.37,7.34,31.91,24.57,100.68,24.05,78.92,23.92,1
6/21/1988,0.03,2.22,8.89,33.24,24.35,100.83,24.28,76.48,23.41,1
6/22/1988,0.75,2.31,10.28,34.23,23.95,100.69,23.65,75.96,23.87,1
6/23/1988,4.04,2.88,7.02,32.35,25.33,100.45,24.3,80.29,24.3,1
6/24/1988,0.05,2.91,8.26,32.75,24.49,100.49,23.7,76.5,23.52,1
6/25/1988,0.57,2.15,9.44,33.68,24.24,100.53,22.35,77.54,24.06,1
6/26/1988,0.17,2.32,9.2,33.95,24.75,100.46,23.45,75.72,24.08,1
6/27/1988,1.43,2.21,7.2,32.53,25.33,100.4,23.65,79.44,24.58,1
6/28/1988,1.52,2.4,6.53,31.69,25.16,100.37,20.8,81.2,24.16,1
6/29/1988,4.79,2.57,9.83,34.1,24.27,100.41,20.72,75.96,23.42,1
6/30/1988,7.83,2.7,8.5,32.98,24.48,100.56,20.63,79.78,23.98,1
7/1/1988,0,1.9,10.56,34.57,24.01,100.67,24.46,74.15,23.41,0
7/2/1988,0,1.15,7.55,32.7,25.15,100.65,24.11,75.96,23.93,0
7/3/1988,0.02,1.14,5.71,31.41,25.7,100.61,20,77.39,23.36,1
7/4/1988,0.17,1.38,9.45,33.95,24.5,100.58,19.41,72.39,23.14,1
7/5/1988,0.33,1.05,6.9,31.89,24.99,100.7,24.93,76.24,23.46,1
7/6/1988,0.33,1.14,7.01,32.21,25.2,100.69,23.98,76.44,23.63,1
7/7/1988,5.34,1.64,9.34,34.15,24.81,100.55,24.07,72.28,23.31,1
7/8/1988,2.51,2.13,10.11,34.8,24.69,100.56,23.14,74.21,23.6,1
7/9/1988,1.85,2.28,8.91,33.91,25,100.57,24.35,74.84,23.72,1
7/10/1988,5.48,2.5,7.48,32.67,25.19,100.53,22.74,79.27,24.26,1
7/11/1988,4.95,2.77,7.85,32.98,25.13,100.5,22.03,77.96,23.31,1
7/12/1988,3.6,1.97,6.72,31.05,24.33,100.44,15.74,82.76,23.97,1
7/13/1988,5.48,2.99,7.36,32.38,25.02,100.51,13.62,81.88,24.33,1
7/14/1988,11.8,2.59,6.35,31.31,24.96,100.62,18,83.62,24.27,1
7/15/1988,2.76,2.84,8.91,33.34,24.43,100.61,19.11,80.46,24.15,1
7/16/1988,2.67,2.51,5.05,29.8,24.75,100.64,12.8,87.83,24.42,1
7/17/1988,1.05,1.57,9.22,32.91,23.69,100.58,20.1,78.59,23.59,1
7/18/1988,3.07,1.88,8.99,32.91,23.92,100.58,19.88,78.86,24.01,1
7/19/1988,1.29,2.71,5.69,30.93,25.24,100.61,17.92,82.08,23.92,1
7/20/1988,0.38,3.56,7.82,32.58,24.76,100.63,17.69,76.02,23.13,1
7/21/1988,1.22,2.36,8.03,32.26,24.23,100.69,17.52,78.35,23.56,1
7/22/1988,0.08,1.76,9.86,34.06,24.2,100.75,21.1,73.49,22.98,1
7/23/1988,0.15,1.39,7.62,32.81,25.19,100.76,24.12,75,23.09,1
7/24/1988,5.24,2.03,8.89,33.6,24.71,100.68,22.06,75.87,23.7,1
7/25/1988,13.9,2.77,6.9,31.78,24.88,100.65,17.58,83.14,24.55,1
7/26/1988,7.05,2.78,6.1,30.89,24.79,100.68,19.96,83.59,24.14,1
7/27/1988,6.31,2.36,6.91,31.31,24.4,100.6,15.71,81.03,23.91,1
7/28/1988,0.28,2.4,8.15,32.08,23.93,100.52,21.58,79.7,23.79,1
7/29/1988,1.54,3.21,7.61,32.28,24.67,100.47,19.93,80.08,24.15,1
7/30/1988,6.82,3.01,6.09,31.24,25.15,100.55,19.02,84.73,24.7,1
7/31/1988,1.01,2.86,6.17,31,24.83,100.62,19.26,82.2,24,1
8/1/1988,1.67,3.04,5.82,30.88,25.06,100.56,19,83.69,23.98,1
8/2/1988,0.67,2.83,5.98,30.59,24.61,100.61,16.28,80.91,23.38,1
8/3/1988,3.59,2.04,8.7,32.14,23.44,100.57,13.55,81.52,23.9,1
8/4/1988,5.31,2.15,7.15,31.84,24.69,100.52,18.8,80.63,24.14,1
8/5/1988,2.71,2.07,8.02,32.59,24.57,100.53,22.24,79.84,24.15,1
8/6/1988,1.58,2.3,6.46,31.27,24.81,100.55,18.28,82.41,24.34,1
8/7/1988,0.53,2.45,9.61,34.36,24.75,100.54,22.93,76.34,23.68,1
8/8/1988,7.6,2.23,9.55,33.9,24.35,100.51,21.68,78.59,24.38,1
8/9/1988,0.31,2.52,9.79,34.29,24.5,100.5,18.78,76.75,24.12,1
8/10/1988,0.15,2.26,9.57,34.33,24.76,100.6,17.51,75.37,23.91,1
8/11/1988,1.02,1.86,10.21,35.15,24.94,100.7,22.01,74.63,23.77,1
8/12/1988,2.65,2.3,9.57,34.27,24.7,100.77,17.94,73.87,23.32,1
8/13/1988,4.06,2.65,7.61,32.55,24.94,100.72,20.85,80.01,24,1
8/14/1988,3.11,2.12,7.06,31.8,24.74,100.6,17.94,81.29,24.11,1
8/15/1988,3.08,2.49,6.6,31.35,24.75,100.54,18.77,80.84,23.92,1
8/16/1988,16.2,2.62,7.98,32.67,24.69,100.54,21.58,82.47,24.46,1
8/17/1988,1.08,2.49,6.78,31.7,24.92,100.67,18.6,82.65,24.13,1
8/18/1988,0.77,2.58,6.43,31.14,24.71,100.7,16.6,80.12,23.64,1
8/19/1988,0.55,1.96,10.9,34.81,23.91,100.7,23.68,74.01,23.26,1
8/20/1988,0.39,1.53,9.66,34.32,24.66,100.82,22.71,73.26,23.4,1
8/21/1988,0.79,0.79,5.47,30.78,25.31,100.9,19.66,77.32,23.4,1
8/22/1988,2.56,1.59,7.23,31.66,24.43,100.89,20.06,74.38,22.76,1
8/23/1988,0.38,1.66,10.18,34.24,24.06,100.72,23.91,72.73,22.91,1
8/24/1988,2.62,1.08,8.46,33.04,24.58,100.67,17.45,75.54,23.42,1
8/25/1988,1.42,1.7,7.87,32.74,24.87,100.75,15.95,77.73,23.3,1
8/26/1988,0.87,2.08,11.21,34.97,23.76,100.79,19.68,72.5,22.97,1
8/27/1988,2.55,1.9,8.92,33.68,24.76,100.74,16.56,74.91,23.45,1
8/28/1988,3.36,1.81,8.19,32.94,24.75,100.66,17.83,76.37,23.42,1
8/29/1988,20.78,2.06,9.17,33.54,24.37,100.67,17.78,77.6,23.56,1
8/30/1988,4.77,2.1,7.8,32.14,24.34,100.8,18.72,80.04,23.72,1
8/31/1988,0,1.23,9.96,34.32,24.36,100.81,23.33,72.43,23.11,0
9/1/1988,0,1.71,9.37,34.26,24.89,100.68,23.95,73.16,23.38,0
9/2/1988,0,0.97,7.93,32.44,24.51,100.67,23.77,73.55,23.08,0
9/3/1988,0.29,1.73,9.64,34.63,24.99,100.68,19.49,72.48,23.44,1
9/4/1988,1.13,1.89,6.25,31.43,25.18,100.74,21.56,80.41,23.93,1
9/5/1988,2.57,1.91,8.66,33.21,24.55,100.7,24.32,78.92,24.03,1
9/6/1988,0.41,1.71,8.07,32.71,24.64,100.73,22.61,75.74,23.42,1
9/7/1988,0,1.03,9.23,33.91,24.68,100.68,23.72,72.32,22.92,0
9/8/1988,1.05,0.9,5.38,31.19,25.81,100.67,21.21,75.83,23.28,1
9/9/1988,14.96,2.12,6.63,31.4,24.77,100.71,20.44,80.93,23.43,1
9/10/1988,4.3,0.99,7.45,31.33,23.88,100.76,18,79.65,23.05,1
9/11/1988,0.7,1.07,11.56,35.43,23.87,100.67,22.55,71.71,23.07,1
9/12/1988,5.7,1.48,9.95,34.86,24.91,100.6,22.81,74.58,23.91,1
9/13/1988,3.44,2.42,6.16,31.4,25.24,100.65,19.95,82.89,24.23,1
9/14/1988,1.39,2.11,8.83,33.59,24.76,100.65,19.77,77.39,23.77,1
9/15/1988,1.49,1.73,6.13,31.09,24.96,100.58,18.86,78.15,22.99,1
9/16/1988,2.67,1.34,8.67,32.76,24.09,100.34,18.09,77.34,23.43,1
9/17/1988,10.81,2.67,7.12,31.92,24.8,100.3,19.08,83.01,24.3,1
9/18/1988,6.25,2.43,6.44,31.47,25.03,100.56,18.8,84.09,24.23,1
9/19/1988,0.63,1.61,8.64,32.81,24.17,100.7,20.45,80.02,24.01,1
9/20/1988,2.9,1.75,7.83,32.64,24.81,100.5,17.64,80.96,24.38,1
9/21/1988,12.77,1.46,5.94,31.26,25.32,100.33,16.81,85.85,25.1,1
9/22/1988,2.8,1.57,4.04,29.51,25.47,100.32,17.04,87.7,24.88,1
9/23/1988,1.28,1.19,6.15,31.06,24.91,100.53,15.75,78.84,23.56,1
9/24/1988,7.46,1.56,9.51,33.45,23.94,100.67,16.88,78.7,23.79,1
9/25/1988,20.73,1.98,7.37,32.04,24.67,100.66,16.78,83.44,24.49,1
9/26/1988,49.75,2.29,4.46,28.87,24.41,100.59,19.11,91.59,24.93,1
9/27/1988,12.4,2.43,7.71,31.72,24.01,100.4,17.52,85.26,24.12,1
9/28/1988,14.5,1.98,5.02,29.03,24.01,100.49,18.32,90.63,24.57,1
9/29/1988,11.5,2.07,3.56,28.46,24.9,100.48,13.26,92.68,25.03,1
9/30/1988,7.54,2.8,5.04,29.23,24.19,100.49,16.2,91.04,24.67,1
10/1/1988,1.62,1.36,7.35,31.2,23.85,100.41,15.25,84.38,24.51,1
10/2/1988,0.24,1.31,5.35,29.95,24.6,100.5,15.2,86.37,24.58,1
10/3/1988,11.85,2.04,5.64,29.89,24.25,100.61,18.31,87.63,24.42,1
10/4/1988,42.61,3.02,5.03,29.11,24.08,100.76,12.95,89.9,24.34,1
10/5/1988,18.98,2.63,5.67,29.05,23.38,100.72,13.35,90.83,24.2,1
10/6/1988,12.45,2.85,4.83,28.75,23.92,100.64,11.39,90.52,24.22,1
10/7/1988,12.5,2.37,5.4,29.33,23.93,100.59,14.32,89.96,24.42,1
10/8/1988,1.69,2.13,3.66,27.75,24.09,100.59,13.36,93.38,24.7,1
10/9/1988,3.53,1.72,4.29,28.33,24.04,100.62,11.66,92.26,24.51,1
10/10/1988,0.05,2.9,4.53,28.1,23.57,100.44,9.87,90.11,23.41,1
10/11/1988,0.64,2.69,6.46,29.31,22.85,100.31,12.29,86.97,23.07,1
10/12/1988,5.18,2.31,8.48,30.63,22.15,100.4,13.81,87.52,23.8,1
10/13/1988,1.07,2.49,7.79,30.85,23.06,100.57,16.77,86.72,24.12,1
10/14/1988,6.17,1.64,6.19,29.22,23.03,100.69,19.26,90.3,24.29,1
10/15/1988,7.28,1.44,4.99,28.68,23.69,100.66,15.96,90.74,24.47,1
10/16/1988,9.97,2.74,4.33,28.33,24,100.48,12.09,90.72,24.16,1
10/17/1988,17.58,2.92,6.16,29.89,23.73,100.65,16.04,89.94,24.46,1
10/18/1988,0.32,1.97,5.37,29.19,23.82,100.82,20.51,90.57,24.26,1
10/19/1988,1.23,0.85,7.12,30.61,23.49,100.89,21.66,82.23,23.03,1
10/20/1988,2.93,2.11,8.25,31.4,23.15,100.74,19.81,84.39,24.11,1
10/21/1988,0.1,1.03,7.45,31.77,24.32,100.65,21.59,80.88,23.59,1
10/22/1988,8.95,1.87,7.08,30.07,22.99,100.56,21.19,85.8,23.61,1
10/23/1988,2.23,1.05,7.49,30.53,23.04,100.65,21.07,82.33,23.21,1
10/24/1988,0.97,1.99,6.3,29.82,23.52,100.65,17.94,88.11,24.09,1
10/25/1988,1.51,1.8,5.33,28.85,23.52,100.62,11.98,88.69,23.47,1
10/26/1988,9.24,1.43,7.79,30.13,22.34,100.53,18.04,87.71,23.88,1
10/27/1988,4.23,1.96,3.38,26.69,23.31,100.55,18.32,89.69,23.24,1
10/28/1988,0,2.66,7.71,29.55,21.84,100.72,20.69,83,21.83,0
10/29/1988,0,2.74,5.88,26.86,20.98,100.77,20.39,83.64,20.64,0
10/30/1988,0,2.36,8.41,28.01,19.6,100.81,21.33,85.15,21.12,0
10/31/1988,0.04,2.09,6.53,28.62,22.09,100.92,20.53,86.21,22.49,1
11/1/1988,1.48,2.26,6.7,29.73,23.03,100.96,21.32,87.3,23.77,1
11/2/1988,0,2.54,7.2,31.25,24.05,100.94,20.4,84.73,24.22,0
11/3/1988,0,3.14,8.21,30.66,22.45,100.95,20.07,81.83,22.89,0
11/4/1988,0,3.22,7.6,28.84,21.24,100.99,17.71,79.89,20.82,0
11/5/1988,0,3.5,8.63,29.75,21.12,101.04,21.16,80.46,20.99,0
11/6/1988,0.77,4.51,5,25.66,20.66,100.98,13.77,83.93,19.92,1
11/7/1988,3.08,4.64,5.54,24.51,18.97,100.69,8.98,90.14,20.26,1
11/8/1988,0.58,2.17,7.83,30.02,22.19,100.69,8.46,87,23.13,1
11/9/1988,1.11,1.7,7.43,30.77,23.34,100.77,16.13,83.67,23.18,1
11/10/1988,0.8,2.32,8.92,30.83,21.91,100.85,20.59,80.99,22.13,1
11/11/1988,0,3.02,8.72,29.31,20.59,100.96,21.03,79.09,20.29,0
11/12/1988,0,2.76,8.73,27.7,18.97,101.02,21.84,80.56,19.6,0
11/13/1988,0.03,1.5,9.29,30.32,21.03,101,15.42,81.56,22.07,1
11/14/1988,0.04,0.73,8.12,31.14,23.02,100.91,19.3,80.66,23.2,1
11/15/1988,0,1.51,8.7,32.36,23.66,100.88,18.56,76.42,23.04,0
11/16/1988,0.01,1.68,9.54,32.58,23.04,100.81,20.02,76.66,22.52,1
11/17/1988,0,1.65,10.41,33.02,22.61,100.82,20.92,74.62,22.07,0
11/18/1988,0.25,2.96,10.34,32.81,22.47,100.97,19.87,73.34,21.82,1
11/19/1988,0.13,3.38,10.86,32.96,22.1,100.99,20.55,69.94,20.79,1
11/20/1988,0.36,3.22,6.86,29,22.14,101.03,12.73,75.6,20.8,1
11/21/1988,0.21,2.14,10.6,32.43,21.83,100.86,14.71,72.47,21.02,1
11/22/1988,0.44,1.81,10.08,32.96,22.88,100.78,20.17,70.96,21.52,1
11/23/1988,4.94,1.46,5.26,28.93,23.67,100.9,17.56,79.89,22.28,1
11/24/1988,23.31,1.56,8.25,31.2,22.95,101.03,13.71,81.34,22.53,1
11/25/1988,0.03,1.61,8.14,30.85,22.71,101.01,21.36,75.71,20.78,1
11/26/1988,10.85,2.21,11.16,31.94,20.78,100.99,21.49,77.79,21.44,1
11/27/1988,0,2.82,9.63,31.19,21.56,101.08,20.96,75.01,20.66,0
11/28/1988,0,3.33,10.11,29.68,19.57,101.21,20,69.82,18.2,0
11/29/1988,0,3.77,11.01,30.15,19.14,101.23,13.43,67.76,17.69,0
11/30/1988,0,3.24,10.79,31.23,20.44,101.17,15.37,69.97,19.07,0
12/1/1988,0,3.33,11.36,31.96,20.6,101.19,19.02,67.53,18.71,0
12/2/1988,0.05,2.77,12.66,31.74,19.08,101.32,21.79,66.56,17.94,1
12/3/1988,0,2.85,13.1,31.54,18.44,101.3,21.59,65.39,17.03,0
12/4/1988,0,2.4,11.35,32.42,21.07,101.16,19.05,66.13,19.34,0
12/5/1988,0,2.66,11.37,32.13,20.76,101.12,20.44,66.05,18.32,0
12/6/1988,0,2.14,13,31.72,18.72,100.98,21.54,64.1,16.61,0
12/7/1988,0,1.47,13.1,31.88,18.78,100.88,21.28,67.18,17.36,0
12/8/1988,0,1.56,13.08,32.05,18.97,101.03,21.36,65.65,17.31,0
12/9/1988,0,2,12.41,31.55,19.14,101.26,21.37,64.52,17.14,0
12/10/1988,0,2.91,10.73,31.95,21.22,101.41,17.83,60.82,17.07,0
12/11/1988,0.9,3.07,12.94,31.59,18.65,101.39,21.01,61.56,15.89,1
12/12/1988,0.23,2.69,12.55,30.74,18.19,101.35,21.33,62.28,15.38,1
12/13/1988,0,2.47,13.56,31.66,18.1,101.25,21.04,61.28,15.77,0
12/14/1988,0,2.19,12.59,31.51,18.92,101.2,20.73,62.97,16.04,0
12/15/1988,0,3.06,14.42,31.32,16.9,101.15,21.22,55.45,13.36,0
12/16/1988,0,3.32,12.94,31.2,18.26,101.24,17.71,55,14.55,0
12/17/1988,0,2.95,13.68,32.45,18.77,101.32,20.63,56.79,15.68,0
12/18/1988,0,2.36,10.85,31.07,20.22,101.32,13.26,66.51,18.43,0
12/19/1988,0,2.56,12.57,33.62,21.05,101.27,17.61,62.38,18.38,0
12/20/1988,0,2.24,13.22,34.45,21.23,101.16,21.44,58.73,17.39,0
12/21/1988,0.01,2.05,13.75,34.69,20.94,101.02,21.22,60.08,18.38,1
12/22/1988,1.04,1.61,11.86,34.85,22.99,100.93,19.49,62.82,19.78,1
12/23/1988,0.35,1.8,12.11,35.09,22.98,100.99,20.48,65.51,20.02,1
12/24/1988,0,1.2,12.34,34.48,22.14,100.93,18.69,64.22,19.59,0
12/25/1988,0,1.26,12.4,34.59,22.19,100.9,19.48,61.75,18.6,0
12/26/1988,0.03,1.97,12.36,33.26,20.9,101.05,18.63,59.28,16.55,1
12/27/1988,0.15,1.93,14.65,33.48,18.83,101.06,19.74,55.88,15.19,1
12/28/1988,0,1.38,14.76,34.29,19.53,101.04,19.2,56.1,16.46,0
12/29/1988,0,2.25,13.14,34.84,21.7,101.02,19.89,54.88,17.38,0
12/30/1988,0,2.02,12.24,35.24,23,100.99,19.01,59.71,19.48,0
12/31/1988,0,1.81,10.13,34.28,24.15,101.03,17.81,59.34,19.51,0
1/1/1989,0,2.73,11.94,35.93,23.99,101.15,20.13,55.46,18.51,0
1/2/1989,0,2.78,12.35,35.71,23.36,101.1,20.83,52.26,17.64,0
1/3/1989,0.13,1.69,11.56,35.3,23.74,101.05,17.14,55.83,19.04,1
1/4/1989,0.43,1.81,12.59,36.17,23.58,101,17.36,58.51,19.51,1
1/5/1989,0,2.38,12.27,36.71,24.44,100.9,19.59,54.63,18.15,0
1/6/1989,0.47,1.73,13.36,36.7,23.34,100.75,17.58,53.36,18.31,1
1/7/1989,0,1.71,15.38,37.91,22.53,100.67,20.94,55.42,18.9,0
1/8/1989,0,1.23,13.52,37.57,24.05,100.74,19.1,52.3,18.96,0
1/9/1989,0.88,2.35,13.85,38.22,24.37,100.62,19.51,53.83,19.55,1
1/10/1989,0.96,1.73,13.08,37.36,24.28,100.69,17.85,56.69,19.77,1
1/11/1989,0,1.93,14.59,37.76,23.17,100.69,20.28,51.97,17.19,0
1/12/1989,0,2.33,15.15,38.33,23.18,100.78,19.22,55.54,18.69,0
1/13/1989,0.23,2.72,13.79,38.94,25.15,100.85,17.91,47.79,17.94,1
1/14/1989,0.35,2.97,10.73,36.71,25.98,100.9,18.63,45.88,16.31,1
1/15/1989,0,3.16,14.51,35.6,21.09,100.97,22.31,44.17,13.87,0
1/16/1989,0,3.01,14.38,37.03,22.65,100.89,21.8,45.44,15.99,0
1/17/1989,0,2.66,12.17,37.1,24.93,100.8,21.02,44.85,16.76,0
1/18/1989,0,2.01,13.37,37.26,23.89,100.69,21.42,41.19,13.72,0
1/19/1989,0,1.11,15.37,37.56,22.19,100.55,21.6,45.42,15.1,0
1/20/1989,0,1.85,14.09,38.1,24.01,100.49,20.48,46.97,17.38,0
1/21/1989,0.05,1.99,12.44,37.75,25.31,100.53,20.73,50.17,18.66,1
1/22/1989,2.89,2.31,11.68,37.19,25.51,100.62,18.6,52.63,18.9,1
1/23/1989,0.19,2.22,10.2,36.25,26.05,100.73,16.15,48.21,17.92,1
1/24/1989,0.23,1.98,13.54,37.6,24.06,100.79,21.97,45.37,15.78,1
1/25/1989,1.95,1.54,14.45,37.62,23.17,100.82,19.76,47.65,16.57,1
1/26/1989,0.07,1.47,11.84,36.54,24.7,100.93,17.86,54.41,19.38,1
1/27/1989,4.69,1.29,10.81,35.89,25.08,101.01,16.97,58.31,20.31,1
1/28/1989,1.34,1.38,11.16,35.43,24.27,101.1,16.4,60.41,20,1
1/29/1989,0.03,2.01,12.11,36.07,23.96,101.11,17.96,49.85,16.86,1
1/30/1989,0,2.21,13.93,36.01,22.08,101.09,16.92,45.64,14.78,0
1/31/1989,0,2.01,12.36,35.88,23.52,101.09,22.88,45.34,14.42,0
2/1/1989,0,2.06,12.91,35.83,22.92,101.03,23.02,41.64,13.37,0
2/2/1989,0,1.51,12.21,35.92,23.71,100.99,22.61,42.3,14.42,0
2/3/1989,0,2.48,10.36,34.94,24.58,100.99,21.41,41.44,13.9,0
2/4/1989,0,2.15,13.31,35.75,22.44,101,21.38,40.52,13.32,0
2/5/1989,0,2.05,12.71,35.25,22.54,100.98,22,44.67,14.1,0
2/6/1989,0,1.73,14.32,36.14,21.82,100.99,23.21,43.01,13.27,0
2/7/1989,0,1.59,16.37,37.37,21,100.97,23.84,44.06,13.59,0
2/8/1989,0,2.13,14.32,36.59,22.27,100.95,23.27,49.35,15.93,0
2/9/1989,0.02,2.54,14.85,37.22,22.37,101.03,23.32,48.75,15.77,1
2/10/1989,1.19,1.74,14.3,36.56,22.26,101.13,19.69,49.3,16.51,1
2/11/1989,0,2.34,13.35,36,22.65,101.2,21.72,48.52,15.7,0
2/12/1989,0,2.12,13.19,35.07,21.88,101.14,22.96,42.65,12.95,0
2/13/1989,0,1.73,14.93,35.43,20.5,101.03,23.22,46.73,13.55,0
2/14/1989,0,1.92,15.86,36.28,20.42,100.99,19.77,45.51,13.13,0
2/15/1989,0,2.57,16.59,36.69,20.1,100.93,23.23,48.08,14.27,0
2/16/1989,0,1.61,15.94,37.47,21.53,100.91,23.49,48.94,15.65,0
2/17/1989,0,2.19,16.03,38.91,22.88,100.86,25.34,47.31,16.41,0
2/18/1989,0,2.18,14.86,38.89,24.03,100.9,23.89,45.79,16.96,0
2/19/1989,0,2.86,13.68,39.29,25.61,100.97,21.92,47.78,17.32,0
2/20/1989,0,2.26,14.71,38.9,24.19,101.03,23.91,45.06,14.86,0
2/21/1989,0,1.84,16.61,39.01,22.4,100.89,23.25,44.77,14.81,0
2/22/1989,0.52,3.26,11.77,36.53,24.76,100.86,23.93,48.9,17.38,1
2/23/1989,1.09,1.97,13.08,38.1,25.02,100.81,22.7,43.82,16.1,1
2/24/1989,0.07,1.84,15.03,38.31,23.28,100.77,20.45,46.23,16.25,1
2/25/1989,0,2.28,14.23,38.32,24.09,100.83,17.24,44.29,16.15,0
2/26/1989,0,2.05,13.3,38.05,24.75,101.01,23.04,42.11,15.71,0
2/27/1989,0.01,2.38,13.6,38.42,24.82,100.99,20.75,43.04,15.83,1
2/28/1989,0.96,1.81,12.78,37.64,24.86,100.88,22.4,51,18.72,1
3/1/1989,3,2.2,12.28,37.2,24.92,100.77,19.86,55.61,20.01,1
3/2/1989,2.84,2.39,11.78,37.45,25.67,100.68,20.47,55.41,20.22,1
3/3/1989,0.1,2.15,11.88,37.62,25.74,100.68,20,53.96,20.28,1
3/4/1989,0.49,2.29,11.36,38.11,26.75,100.65,21.46,51.16,20.03,1
3/5/1989,5.17,2.8,11.86,37.99,26.13,100.68,18.6,56.41,20.54,1
3/6/1989,5.6,1.52,11.45,36.41,24.96,100.87,13.33,59.45,20.31,1
3/7/1989,3.59,1.86,11.71,35.95,24.24,101.07,17.61,61.51,20.38,1
3/8/1989,0,2.84,12.44,35.86,23.42,101.12,24.01,53.94,18.1,0
3/9/1989,0,2.83,13.59,35.99,22.4,101.14,23.84,49.49,16.42,0
3/10/1989,0,2.37,14.55,36.38,21.83,101.05,23.03,49.1,16.34,0
3/11/1989,0.25,2.19,13.68,36.52,22.84,101,23.18,46.7,15.26,1
3/12/1989,5.67,1.39,14.36,35.56,21.2,100.95,22.54,55.59,17.36,1
3/13/1989,0,2.09,12.32,36.23,23.91,100.83,22.11,57.53,19.61,0
3/14/1989,0,1.9,12.21,37.55,25.34,100.77,22.76,54.54,19.75,0
3/15/1989,0.02,1.87,11.75,37.7,25.95,100.68,22.94,53.67,20.17,1
3/16/1989,1.99,2.49,10.03,36.71,26.68,100.67,17.63,56.3,20.97,1
3/17/1989,8.74,2.04,6.74,32.45,25.71,100.69,21.32,73.31,22.88,1
3/18/1989,12.16,2.16,7.16,31.95,24.79,100.56,16.84,78.83,23.51,1
3/19/1989,0.51,1.88,7.68,31.87,24.19,100.61,19.45,72.92,22.22,1
3/20/1989,2.17,2.23,6.62,31.19,24.57,100.67,22.79,73.05,22.1,1
3/21/1989,0.15,2.12,9.31,33.23,23.92,100.78,17.06,67.47,21.11,1
3/22/1989,0,2.37,11.51,35.52,24.01,100.74,15.74,60.46,20.3,0
3/23/1989,0,2.65,12.15,35.95,23.8,100.7,22.03,58.09,19.96,0
3/24/1989,0,2.55,12.62,36.88,24.26,100.72,21.23,57.11,20.1,0
3/25/1989,0,2.66,12.41,37.22,24.81,100.75,21.77,57.52,20.4,0
3/26/1989,0,2.29,13.47,37.98,24.51,100.74,22.61,56.14,20.22,0
3/27/1989,2.59,2.54,10.25,34.92,24.67,100.83,22.59,61.59,21.19,1
3/28/1989,6.74,1.71,9.36,34.09,24.73,100.84,22.07,67.49,21.73,1
3/29/1989,0.7,1.61,12.13,36.43,24.3,100.78,19.44,63.61,21.37,1
3/30/1989,0.06,1.84,11.79,37.33,25.54,100.83,17.72,57.64,20.87,1
3/31/1989,1.44,2.11,8.75,33.92,25.17,100.89,22.54,60.63,20.47,1
4/1/1989,0.13,2.69,11.52,36.59,25.07,100.78,22.02,57.26,20,1
4/2/1989,0,1.65,9.1,34.32,25.22,100.74,17.8,58.24,19.97,0
4/3/1989,0,2.32,9.26,35.45,26.19,100.66,21.33,58.04,20.78,0
4/4/1989,0,2.48,12.05,37.49,25.44,100.57,22.67,57.39,20.99,0
4/5/1989,0,2.95,13.81,39.42,25.61,100.44,22.62,54.05,20.8,0
4/6/1989,0,2.75,13.33,39.9,26.57,100.48,23.2,51.65,20.79,0
4/7/1989,0.52,1.7,10.24,37.78,27.54,100.59,22.54,51.66,20.65,1
4/8/1989,0.09,2.06,11.08,38.47,27.39,100.61,21.81,51.35,20.79,1
4/9/1989,0.2,2.93,7.97,34.97,27,100.73,17.87,51.15,17.96,1
4/10/1989,1.65,1.7,11.22,37.21,25.99,100.67,21.54,51.54,19.8,1
4/11/1989,0.99,2.43,12.37,39.15,26.78,100.66,20.54,49.31,19.68,1
4/12/1989,4.05,3.67,12.7,38.78,26.08,100.77,17.5,52.46,19.52,1
4/13/1989,2.99,3.53,11.26,37.31,26.05,100.81,19.43,59.9,21.33,1
4/14/1989,1.97,2.78,13.15,38.3,25.15,100.79,21.97,59.35,21.71,1
4/15/1989,0.13,2.93,12.12,38.61,26.49,100.74,22.61,56,20.92,1
4/16/1989,0,2.35,11.83,38.19,26.36,100.62,24.9,55.19,21.16,0
4/17/1989,0,2.08,12.11,39.22,27.11,100.65,19.95,52.42,20.67,0
4/18/1989,0.88,2.9,12.91,40.38,27.47,100.63,23.21,50.53,20.56,1
4/19/1989,0,2.64,13.12,40,26.88,100.55,24.67,51.66,20.74,0
4/20/1989,0,3.47,13.38,40.61,27.23,100.49,24.31,50.36,20.35,0
4/21/1989,0,2.99,13.96,41.01,27.05,100.36,19.76,52.69,21.45,0
4/22/1989,0,2.65,14.95,41.85,26.9,100.26,24.93,50.59,20.89,0
4/23/1989,0.01,2.26,11.49,39.51,28.02,100.43,24.95,52.48,21.14,1
4/24/1989,0.15,2.37,8.87,37.39,28.52,100.64,19.3,53.73,21.07,1
4/25/1989,0.14,2.33,5.45,33.63,28.18,100.76,17.76,60.69,22.25,1
4/26/1989,7.75,2.83,8.51,35.4,26.89,100.81,16.99,62.95,22.33,1
4/27/1989,17.52,1.73,6.82,32.28,25.46,100.89,16.78,75.06,23.71,1
4/28/1989,0,1.62,11.32,36.71,25.39,100.81,25.94,66.2,23.08,0
4/29/1989,0.01,2.3,11.66,37.9,26.24,100.67,23.71,61.62,22.53,1
4/30/1989,0.82,2.52,12.72,38.83,26.11,100.64,25,56.24,20.64,1
5/1/1989,0.98,2.25,11.64,37.77,26.13,100.71,24.07,58.18,21.66,1
5/2/1989,2.43,2.27,11.67,37.93,26.26,100.6,23.6,59.95,22.23,1
5/3/1989,0.15,2.52,10.25,36.52,26.27,100.57,25.43,60.26,21.83,1
5/4/1989,1.33,2.6,7.32,34.13,26.81,100.6,25.43,65.48,22.42,1
5/5/1989,1.49,3.05,10.26,36.09,25.83,100.57,18.52,64.93,22.28,1
5/6/1989,14.53,2.56,8.82,34.35,25.53,100.64,21.59,74.34,23.47,1
5/7/1989,2.73,2.35,7.7,32.8,25.1,100.67,17.06,75.91,23.49,1
5/8/1989,1.03,1.91,12.13,37.11,24.98,100.54,21.63,64.87,21.9,1
5/9/1989,0.05,2.52,10.73,36,25.27,100.42,24.33,62.66,21.99,1
5/10/1989,0.03,3.07,9.71,35.52,25.81,100.52,22.29,66.15,22.54,1
5/11/1989,0.12,1.79,8.23,34.16,25.93,100.63,24.67,69.34,23.2,1
5/12/1989,4.62,1.22,7.07,32.99,25.92,100.69,17.87,70.7,23.4,1
5/13/1989,0.07,2.23,9.47,35.27,25.8,100.67,18.18,64.93,22.59,1
5/14/1989,0.77,2.73,9.34,35.22,25.88,100.68,21.54,66.53,22.52,1
5/15/1989,0.33,2.63,11.94,36.82,24.88,100.68,18.59,62.8,21.44,1
5/16/1989,0.05,2.13,11.64,36.71,25.07,100.66,22.45,61.19,21.75,1
5/17/1989,0.18,1.27,9.91,36.5,26.59,100.57,24.72,61.99,22.6,1
5/18/1989,15.24,2.25,7.58,34.47,26.89,100.43,17.47,68.77,23.52,1
5/19/1989,31.96,2.47,5,30.6,25.6,100.44,16.65,85.96,24.89,1
5/20/1989,18.57,2.12,6.76,31.63,24.87,100.39,16.52,84.02,24.54,1
5/21/1989,2.8,2.81,8.08,33.07,24.99,100.35,20.39,78.01,23.92,1
5/22/1989,1.86,3.36,10.04,34.74,24.7,100.39,14.99,72.88,23.06,1
5/23/1989,0.52,3.5,10.12,34.68,24.56,100.37,16.67,73.19,23.44,1
5/24/1989,1.9,3.33,9.43,34.4,24.97,100.4,13.92,75.74,23.84,1
5/25/1989,3.63,2.97,6.48,31.9,25.42,100.33,14.45,82.03,24.41,1
5/26/1989,2.66,2.95,6.44,31.57,25.13,100.42,11.2,82.76,24.43,1
5/27/1989,1.81,2.29,7.07,32.21,25.14,100.56,20.66,80.79,24.31,1
5/28/1989,0.77,2.3,7.88,32.92,25.04,100.64,21.41,77.43,23.85,1
5/29/1989,2.08,2.33,7.41,32.35,24.94,100.66,22.08,78.32,23.64,1
5/30/1989,7.28,2.16,7.79,32.57,24.78,100.72,21.28,79.14,23.83,1
5/31/1989,3.13,1.19,7.54,32.04,24.5,100.78,17.42,79.26,23.72,1
6/1/1989,0.17,0.73,6.9,31.79,24.89,100.7,23.6,75.01,23.29,1
6/2/1989,0.49,1.15,9.63,34.34,24.71,100.61,17.28,70.53,22.95,1
6/3/1989,0.64,1.07,9.59,34.71,25.12,100.62,23.3,70.65,23.23,1
6/4/1989,0.43,2.15,10.69,35.38,24.69,100.62,23.56,71.22,23.18,1
6/5/1989,0.89,2.27,8.1,32.91,24.81,100.66,24.19,75.55,23.63,1
6/6/1989,0.04,2.05,7.9,32.89,24.99,100.71,23.79,74.53,23.17,1
6/7/1989,0.52,2.22,11.96,36.63,24.67,100.56,23.63,67.63,22.64,1
6/8/1989,6.41,2.45,9.61,34.79,25.18,100.44,25.17,72.34,23.12,1
6/9/1989,7.93,3.05,5.24,29.53,24.29,100.47,21.67,84.37,23.66,1
6/10/1989,2.27,2.89,9.63,33.16,23.53,100.49,20.84,75.03,22.6,1
6/11/1989,3.11,2.47,8.24,32.79,24.55,100.69,16.25,77.81,23.51,1
6/12/1989,4.95,1.59,7.39,32.01,24.62,100.9,22.6,79.25,23.72,1
6/13/1989,6.51,1.34,11.89,35.67,23.78,100.84,22.79,68.92,22.27,1
6/14/1989,0.67,1.42,10.04,34.99,24.95,100.79,18.21,69.94,23.01,1
6/15/1989,7.29,1.15,7.01,32.32,25.31,100.87,21.53,78.16,23.59,1
6/16/1989,21.41,1.94,9.29,33.3,24.01,100.83,21.56,76.44,23.26,1
6/17/1989,0.72,2.08,8.09,32.29,24.2,100.79,18.52,76.29,23.15,1
6/18/1989,1.68,2.09,8.62,32.62,24,100.85,22.62,77.96,23.58,1
6/19/1989,1.3,2.41,8.71,33.16,24.45,100.78,21.79,77.11,23.63,1
6/20/1989,0.37,2.21,8.73,32.79,24.06,100.77,23.62,77.84,23.61,1
6/21/1989,1.51,2.46,8.07,32.16,24.09,100.7,23.1,77.43,23.28,1
6/22/1989,7.76,2.84,7.32,31.48,24.16,100.64,20.86,81.31,23.73,1
6/23/1989,39.94,2.65,5.85,30.56,24.71,100.59,19.85,87.5,24.54,1
6/24/1989,14.17,2.71,4.91,29.37,24.46,100.59,17.31,87.49,24.1,1
6/25/1989,25.51,2.8,5.26,28.37,23.11,100.62,14.58,87.61,22.88,1
6/26/1989,22.09,2.98,6.76,29.76,23,100.59,13.97,85.07,22.87,1
6/27/1989,4.5,2.27,7.95,30.68,22.73,100.65,12.07,85.26,23.73,1
6/28/1989,0.04,1.51,7.63,31.59,23.96,100.71,23.96,82.05,24.11,1
6/29/1989,0.15,1.48,7.15,30.83,23.68,100.63,23.75,82.44,23.95,1
6/30/1989,0,1.75,6.73,31.27,24.54,100.49,23.48,82.8,24.42,0
7/1/1989,0.11,1.46,4.75,29.65,24.9,100.56,16.9,85.59,24.36,1
7/2/1989,0.8,1.24,7.19,31.02,23.83,100.57,17.23,80.94,23.7,1
7/3/1989,0.34,1.32,4.55,28.86,24.31,100.67,19.7,85.04,23.63,1
7/4/1989,1.07,1.47,6.04,30.07,24.03,100.57,17.98,84.21,23.63,1
7/5/1989,3.15,2.65,7.38,31.26,23.88,100.67,16.03,83.57,24.04,1
7/6/1989,0.02,1.71,8.8,32.52,23.72,100.72,24.15,80.67,24.02,1
7/7/1989,0,1.3,7.22,31.64,24.42,100.63,24.97,79.29,23.79,0
7/8/1989,0.12,1.4,7.34,31.87,24.53,100.59,14.6,79.48,23.89,1
7/9/1989,5.89,1.65,8.26,32.95,24.69,100.55,21.4,80.77,24.53,1
7/10/1989,19.76,2.44,5.08,29.86,24.78,100.53,16.28,86.81,24.38,1
7/11/1989,20.12,2.24,5.74,29.63,23.89,100.55,18.5,87.74,24.09,1
7/12/1989,12.52,1.76,5.56,29.52,23.96,100.61,21.28,88.04,24.2,1
7/13/1989,1.43,1.67,5.96,29.77,23.81,100.7,15.65,87.34,24.24,1
7/14/1989,1.34,1.04,7.21,31.3,24.09,100.74,21.39,81.68,23.7,1
7/15/1989,2.04,1.7,5.16,29.62,24.46,100.69,22.51,86.59,24.26,1
7/16/1989,8.75,2.19,4.95,28.96,24.01,100.58,20.61,88.79,24.22,1
7/17/1989,35.92,3.31,3.98,28.19,24.21,100.48,20.61,91.45,24.35,1
7/18/1989,2.98,3.21,5.09,29.6,24.51,100.3,18.19,89.73,24.68,1
7/19/1989,6.35,3.23,5.07,29.53,24.46,100.38,19.08,89.54,24.69,1
7/20/1989,6.49,2.57,4.33,29.14,24.81,100.56,19.11,88.56,24.57,1
7/21/1989,8.33,2.87,3.93,27.67,23.74,100.58,13.61,92.97,24.45,1
7/22/1989,10.75,2.88,4.05,27.38,23.33,100.5,13.67,91.35,23.47,1
7/23/1989,2.08,2.91,5.56,29.19,23.63,100.52,15.05,89.1,23.81,1
7/24/1989,3.95,2.93,6.96,30.18,23.22,100.74,16.19,88.08,24.28,1
7/25/1989,1.95,2.36,6.83,30.56,23.73,100.79,17.91,87.67,24.47,1
7/26/1989,2,2.17,6.2,30.05,23.85,100.78,20.24,89.14,24.56,1
7/27/1989,0.9,2.27,8.35,31.71,23.36,100.9,21.98,84.66,23.98,1
7/28/1989,0,1.63,10.38,33.31,22.93,100.88,24.25,79.29,23.76,0
7/29/1989,0,2.31,7.6,31.58,23.98,100.74,23.68,84.18,24.44,0
7/30/1989,0.92,2.52,7.16,30.29,23.13,100.74,18.47,85.92,23.92,1
7/31/1989,3.62,3.04,6.55,30.62,24.07,100.7,18.82,84.7,23.79,1
8/1/1989,7.75,3.29,8.03,31.2,23.17,100.59,19.12,84.19,23.78,1
8/2/1989,8.99,2.5,5.3,29.54,24.24,100.56,15.78,87.13,23.94,1
8/3/1989,2.76,2.38,6.14,30.03,23.89,100.55,17.72,85.5,23.71,1
8/4/1989,1.08,2.88,6.83,30.44,23.61,100.51,16.43,83.42,23.3,1
8/5/1989,0.66,2.56,7.97,31.24,23.27,100.48,18.34,84.58,23.98,1
8/6/1989,1.58,2.7,7.89,31.33,23.44,100.51,21.09,84.59,24.06,1
8/7/1989,1.63,3.03,5.87,30.4,24.53,100.6,20.95,86.45,24.45,1
8/8/1989,1.05,2.38,5.6,29.8,24.2,100.56,21.64,86.7,24.22,1
8/9/1989,11.98,2.04,6.54,30.52,23.98,100.4,17.92,86.95,24.49,1
8/10/1989,20.07,2.92,5.91,30.23,24.32,100.41,14.29,89.16,24.49,1
8/11/1989,10.42,2.43,3.87,28.38,24.51,100.57,15.43,90.71,24.28,1
8/12/1989,8.5,3.05,6.59,30.8,24.21,100.56,18.04,88.17,24.63,1
8/13/1989,2.63,2.42,4.71,29.25,24.54,100.69,16.92,89.02,24.61,1
8/14/1989,2.87,1.74,5.24,29.01,23.77,100.78,18.79,88.33,23.86,1
8/15/1989,4.95,1.59,6.97,30.22,23.25,100.73,18.21,84.37,23.48,1
8/16/1989,0.61,1.9,7.76,31.32,23.56,100.68,19.16,82.79,23.69,1
8/17/1989,4.47,1.8,8.56,31.9,23.34,100.64,22.81,83.83,24.1,1
8/18/1989,12.93,2.42,7.56,31.01,23.45,100.58,20.05,85.72,24.17,1
8/19/1989,32.36,2.43,5.23,29.09,23.86,100.59,17.45,89.42,24.09,1
8/20/1989,4.86,3.06,6.34,30.13,23.79,100.59,17.43,86.16,23.75,1
8/21/1989,3.92,2.16,5.55,28.85,23.3,100.61,16.16,88.49,23.7,1
8/22/1989,15.27,2.03,6.98,30.21,23.23,100.54,17.86,87.99,24.13,1
8/23/1989,23.35,2.94,5.16,29.15,23.99,100.47,15.08,88.55,24.16,1
8/24/1989,22.74,2.7,7.06,30.47,23.41,100.35,16.67,88.18,24.34,1
8/25/1989,8.24,2.77,6.44,30.5,24.06,100.43,15.42,88.49,24.65,1
8/26/1989,4.21,2.29,5.77,29.83,24.06,100.6,20.59,87.21,24.22,1
8/27/1989,3.28,2.56,6.5,30.25,23.75,100.48,19.72,89.29,24.77,1
8/28/1989,19.26,2.61,4.95,29.49,24.54,100.47,21.25,89.7,24.77,1
8/29/1989,6.9,2.42,5.78,29.81,24.03,100.59,19.96,89.3,24.61,1
8/30/1989,1.03,1.76,6.47,30.27,23.8,100.73,21.04,87.74,24.57,1
8/31/1989,1.48,0.62,6.73,30.74,24.01,100.66,23.47,83.67,23.9,1
9/1/1989,1.14,1.45,6.36,30.52,24.16,100.6,17.81,85.49,24.14,1
9/2/1989,3,2.2,6.86,30.97,24.11,100.63,17.79,86.2,24.42,1
9/3/1989,2.83,2.57,5.58,29.46,23.88,100.72,20.57,90.14,24.56,1
9/4/1989,11.76,2.62,6.71,30.05,23.34,100.69,20.59,88.32,24.15,1
9/5/1989,3.52,3.29,5.92,29.54,23.62,100.61,19.92,88.06,23.84,1
9/6/1989,8.39,2.51,4.79,28.68,23.89,100.48,14.98,90.42,24.29,1
9/7/1989,16.6,2.88,4.6,28.74,24.14,100.37,13.61,91.46,24.53,1
9/8/1989,2.98,2.7,5.61,29.19,23.58,100.37,16.9,89.21,24.15,1
9/9/1989,4.51,2.23,7.39,31.05,23.66,100.46,18.31,87.59,24.78,1
9/10/1989,7.11,2.12,5.4,29.53,24.13,100.56,22.39,90.05,24.82,1
9/11/1989,15.23,1.96,4.97,28.78,23.81,100.62,14.34,90.04,24.15,1
9/12/1989,6.2,2.18,5.29,29.09,23.8,100.48,17.24,89.85,24.4,1
9/13/1989,31.74,2.36,5.48,29.58,24.1,100.45,14.78,90.61,24.69,1
9/14/1989,3.6,1.57,4.8,28.34,23.54,100.53,13.25,89.2,24.02,1
9/15/1989,6.62,1.44,5.62,29.38,23.76,100.5,20.36,89.32,24.35,1
9/16/1989,2.05,1.92,5.17,29.4,24.23,100.52,17.09,88.79,24.49,1
9/17/1989,3.78,1.99,6.54,30.62,24.08,100.64,16.04,87.39,24.71,1
9/18/1989,3.66,1.5,5.3,29.57,24.27,100.69,21.08,89.56,24.85,1
9/19/1989,1.14,1,6.28,30.37,24.09,100.74,17.43,84.17,24.29,1
9/20/1989,0.87,1,4.6,28.92,24.32,100.94,19.33,88.29,24.29,1
9/21/1989,5.28,1.2,8.3,31.98,23.68,100.89,22.09,78.11,23.21,1
9/22/1989,1.95,1.1,6.68,30.72,24.04,100.79,20,83.51,24.26,1
9/23/1989,0.07,1.12,6.76,31.19,24.43,100.96,21.37,83.79,24.4,1
9/24/1989,0.16,1.08,6.41,30.17,23.76,100.97,22.33,85.67,24.15,1
9/25/1989,0.44,0.79,6.83,30.81,23.98,100.91,23.26,81.33,23.93,1
9/26/1989,0.53,0.63,6.63,30.99,24.36,100.92,23.11,82.09,24.11,1
9/27/1989,5.6,1.38,4.34,28.72,24.38,100.94,18.71,91.25,24.68,1
9/28/1989,2.11,1.68,3.85,27.96,24.11,100.86,19.69,90.93,24.03,1
9/29/1989,16.72,1.37,6.21,29.7,23.49,100.84,21.62,87.39,23.66,1
9/30/1989,6.85,2.17,6.78,30.08,23.3,100.85,16.86,88.36,24.04,1
10/1/1989,4.55,1.64,6.91,30.49,23.58,100.67,18.95,86.95,24.3,1
10/2/1989,2.35,2.01,3.88,28.13,24.25,100.54,17.94,92.91,24.8,1
10/3/1989,10.23,1.76,5.25,29.18,23.93,100.47,17.23,90.07,24.57,1
10/4/1989,6.48,0.86,6.19,30.17,23.98,100.57,16.16,85.87,24.15,1
10/5/1989,13.08,1.45,3.92,28.11,24.19,100.69,15.97,91.1,24.46,1
10/6/1989,30.35,1.9,6.37,30.04,23.67,100.75,19.72,88.28,24.46,1
10/7/1989,2.37,2.26,6.05,30.85,24.8,100.73,17.9,82.91,23.7,1
10/8/1989,5.53,0.95,7.64,30.81,23.17,100.79,20.94,81.77,23.53,1
10/9/1989,6.43,1.02,7.43,31,23.57,100.8,15.78,84.62,24.12,1
10/10/1989,1.48,1.06,7.11,31.19,24.08,100.68,19.13,85.26,24.54,1
10/11/1989,7.45,1.43,6.44,30.76,24.32,100.59,17.22,88.23,24.64,1
10/12/1989,28.71,1.64,5.69,29.69,24,100.6,14.51,88.86,24.42,1
10/13/1989,10.12,2.47,6.79,30.74,23.95,100.49,17.68,87.47,24.51,1
10/14/1989,29.93,2.7,3.72,28.12,24.4,100.68,15.07,93.51,24.73,1
10/15/1989,3.45,1.04,6.98,30.59,23.61,100.8,21.54,85.19,24.23,1
10/16/1989,5.89,1.28,3.06,27.2,24.14,100.83,20.18,92.63,24.21,1
10/17/1989,28.56,1.42,3.73,27.9,24.17,100.86,15.97,91.19,24.2,1
10/18/1989,10.9,1.74,4.24,27.9,23.66,100.92,17.58,91.38,24.06,1
10/19/1989,7.17,1.57,6.5,30.17,23.67,101.04,17.23,88.61,24.31,1
10/20/1989,1.86,1.86,6.19,29.58,23.39,101.06,23.34,84.88,23.33,1
10/21/1989,0,2.34,7.61,30.05,22.44,100.99,21.92,85.13,22.78,0
10/22/1989,0.08,1.57,9.58,30.14,20.56,100.97,23.55,81.64,21.58,1
10/23/1989,0.78,1.35,9.49,31.1,21.61,100.97,23.56,83.94,23.23,1
10/24/1989,0,1.64,6.52,30.45,23.93,100.98,21.85,82.03,23.44,0
10/25/1989,0.11,0.89,6.43,30.47,24.04,101,18.81,82.47,23.68,1
10/26/1989,2.3,1,8.15,31.48,23.33,100.95,21.85,80.85,23.47,1
10/27/1989,1.67,0.79,7.1,31.04,23.94,100.88,18.99,82.13,23.86,1
10/28/1989,3.37,1,7.17,31.05,23.88,100.81,19.65,85.78,24.51,1
10/29/1989,3.4,0.59,5.94,30.6,24.66,100.85,20.02,85.78,24.38,1
10/30/1989,7.11,1.56,6.52,30.12,23.6,100.91,21.4,84.34,23.58,1
10/31/1989,1.68,1.58,5.19,28.1,22.91,100.94,18.18,85.33,23.05,1
11/1/1989,1.72,1.9,6.28,29.85,23.57,100.92,14.08,86.03,23.56,1
11/2/1989,5.21,1.59,5.59,28.96,23.37,100.96,16.75,88.21,23.7,1
11/3/1989,3.07,1.76,5.52,28.9,23.38,100.94,18.06,89.67,24.01,1
11/4/1989,2.09,1.46,5.96,29.51,23.55,100.87,19.13,88.07,24.25,1
11/5/1989,8.9,1.13,6.83,30.58,23.75,100.87,16.64,86.35,24.31,1
11/6/1989,1.11,0.96,6.75,30.92,24.17,100.85,19.37,83.97,23.88,1
11/7/1989,8.33,1.65,8.56,31,22.44,100.85,23.21,86.16,23.97,1
11/8/1989,2.25,1.5,4.76,28.75,23.99,100.95,17.42,89.18,24.06,1
11/9/1989,0.76,1.25,8.01,31.18,23.17,100.89,20.66,83.21,23.83,1
11/10/1989,0.67,1.57,6.86,30.83,23.97,100.81,20.05,84.85,24.02,1
11/11/1989,0.73,1.82,7.76,30.77,23.01,100.74,20.2,86.28,24.05,1
11/12/1989,1.05,2.24,7.65,30.68,23.03,100.82,20.75,85.99,24,1
11/13/1989,0.96,1.64,7.14,31.02,23.88,100.86,20.72,84,24.27,1
11/14/1989,0,2.22,8.55,30.78,22.23,100.94,21.96,82.31,22.84,0
11/15/1989,0.21,2.45,8.98,30.79,21.81,100.97,22.1,82.52,22.99,1
11/16/1989,1.01,2.07,7.24,30.41,23.17,101.06,15.42,84.92,23.43,1
11/17/1989,0,2.74,9.07,29.59,20.52,101.09,21.3,83.31,21.57,0
11/18/1989,0.02,3,8.96,28.75,19.79,101.13,21.8,81.71,20.51,1
11/19/1989,0.11,2.83,8.98,28.58,19.6,101.21,21.38,82.15,20.38,1
11/20/1989,0.3,2.52,9.73,29.32,19.59,101.31,21.77,80.75,20.27,1
11/21/1989,0.07,2.61,9.5,28.84,19.34,101.29,22.07,78.76,19.51,1
11/22/1989,0.22,2.37,10.17,29.37,19.2,101.22,21.96,79.21,19.78,1
11/23/1989,0,2.13,8.8,29.17,20.37,101.18,20.51,78.25,19.8,0
11/24/1989,0.01,2.14,10.17,29.6,19.43,101.14,21.54,79.5,20.03,1
11/25/1989,0,2.27,10.66,30.41,19.75,101.27,20.88,79.65,20.68,0
11/26/1989,0.03,1.92,10.69,31.46,20.77,101.21,21.87,77.37,21.55,1
11/27/1989,0.67,0.65,7.5,30.93,23.43,101.14,19.32,78.11,22.71,1
11/28/1989,0.29,1.97,8.06,31.49,23.43,101.19,19.91,78.14,22.56,1
11/29/1989,0,4.05,8.02,29.74,21.72,101.44,16.33,72.75,19.84,0
11/30/1989,0,3.72,10.24,29.38,19.14,101.57,21.16,72.39,18.49,0
12/1/1989,0.05,3.65,10.36,29.78,19.42,101.58,21.45,70.85,18.17,1
12/2/1989,0.14,3.05,11.1,28.51,17.41,101.52,20.63,70.97,16.87,1
12/3/1989,0,1.96,12.06,28.92,16.86,101.4,21.73,68.46,16.17,0
12/4/1989,0,1.51,13.21,30.33,17.12,101.31,20.79,68.86,17.12,0
12/5/1989,0,0.9,11.62,30.36,18.74,101.27,19.92,66.32,17.77,0
12/6/1989,0,1.06,11.61,30.83,19.22,101.22,20.63,67.7,17.9,0
12/7/1989,0,1.17,12.89,31.07,18.18,101.15,21.18,67.53,17.82,0
12/8/1989,0,1.39,11.6,30.92,19.32,101.22,18.67,68.89,17.9,0
12/9/1989,0,2.17,12.02,30.93,18.91,101.22,20.57,68.2,17.88,0
12/10/1989,0,1.88,12.9,31.81,18.91,101.19,21.81,67.26,17.79,0
12/11/1989,0,1.81,11.44,31.81,20.37,101.17,21.35,69.78,19.75,0
12/12/1989,0,3.07,11.82,32.54,20.72,101.2,21.5,64.7,18.23,0
12/13/1989,0,3.57,12.39,31.93,19.54,101.26,21.35,63.06,17.16,0
12/14/1989,0,3.54,12.52,31.04,18.52,101.37,21.38,59.89,15.09,0
12/15/1989,0,2.89,13.76,30.68,16.92,101.38,21.71,60.72,14.82,0
12/16/1989,0,2.43,13.64,31.77,18.13,101.35,21.66,61.92,16.65,0
12/17/1989,0,2.91,12.43,32.32,19.89,101.28,21.27,61.61,17.18,0
12/18/1989,0,2.96,13.44,33.45,20.01,101.22,21.35,61.26,17.35,0
12/19/1989,0,2.79,13.29,33.87,20.58,101.18,21.36,58.2,16.93,0
12/20/1989,0,2.35,13.89,34.3,20.41,101.08,21.92,59.16,17.25,0
12/21/1989,0,1.96,13.47,34.39,20.92,100.95,21.37,64.19,19.43,0
12/22/1989,0,1.21,11.63,34.22,22.59,100.9,20.36,67.26,20.69,0
12/23/1989,0.11,1.3,11.65,34.87,23.22,100.84,20.79,66.59,20.98,1
12/24/1989,3.94,1.09,11.83,34.38,22.55,100.92,17.95,70.44,21.74,1
12/25/1989,0.02,1.36,11.53,35.33,23.8,100.93,19.94,66.65,21.3,1
12/26/1989,0.55,1.51,12.9,35.45,22.55,100.89,20.82,63.19,19.69,1
12/27/1989,0,1.17,13.02,34.64,21.62,100.96,19.02,65.36,19.69,0
12/28/1989,0,1.11,13.7,34.91,21.21,101.03,22.11,63.45,19.12,0
12/29/1989,0,1.19,14.96,35.65,20.69,101.05,20.99,62.41,18.75,0
12/30/1989,6.27,1.05,12.48,34.36,21.88,100.99,20.22,67.1,20.06,1
12/31/1989,0.93,1.22,12.72,34.55,21.83,100.84,20.18,66.77,20.02,1
1/1/1990,0,1.41,13.3,35.11,21.81,100.87,19.21,63.81,19.79,0
1/2/1990,0,1.86,13.62,34.79,21.17,100.93,20.71,63.8,19.36,0
1/3/1990,0.01,1.81,13.94,35.25,21.31,101.04,19.32,63.13,18.78,1
1/4/1990,0.01,1.53,13.07,34.89,21.82,101.11,20.87,61.4,18.31,1
1/5/1990,0,1.72,13.97,35.14,21.17,101.17,21.91,58.16,17.28,0
1/6/1990,0,1.58,14.85,35.49,20.64,101.15,17.87,58.64,17.36,0
1/7/1990,0,1.71,13.87,35.2,21.33,101.15,22.25,55.94,16.96,0
1/8/1990,0,1.08,13.71,35.52,21.81,101.12,21.38,55.79,17.73,0
1/9/1990,0,1.38,13.31,36.15,22.84,101.03,21.38,61.65,20.22,0
1/10/1990,0.06,1.85,11.96,35.83,23.87,100.9,21.43,61.79,20.47,1
1/11/1990,1.2,1.62,12.21,35.93,23.72,100.87,18.73,61.44,20.55,1
1/12/1990,1.39,1.63,12.41,36.23,23.82,100.9,18.13,62.36,20.8,1
1/13/1990,0.19,1.68,12.55,37.03,24.48,100.78,19.44,61.21,20.28,1
1/14/1990,0,1.43,14.39,37.13,22.74,100.69,19.76,58.87,19.48,0
1/15/1990,0,1.69,14.24,37.45,23.21,100.74,20.3,58.73,19.9,0
1/16/1990,0.09,2.32,13.58,37.06,23.48,100.8,21.16,57.92,19.29,1
1/17/1990,4.1,1.81,9.62,33.58,23.96,100.81,20.57,66.14,20.46,1
1/18/1990,0.11,1.22,12.37,34.39,22.02,100.81,21.13,63.65,19.63,1
1/19/1990,0.27,2.21,12.68,35.56,22.88,100.92,19.25,57.98,18.95,1
1/20/1990,0,2.15,12.83,36.76,23.93,100.96,17.53,50.97,17.14,0
1/21/1990,0,2.29,13.14,36.53,23.39,100.98,22.38,49.15,16.6,0
1/22/1990,0,2.54,13.12,37.28,24.16,100.97,22.49,46.24,15.61,0
1/23/1990,0,2.65,13.37,35.7,22.33,101.07,22.33,45.93,14.76,0
1/24/1990,0,2.7,13.24,34.59,21.35,101.1,22.94,42.95,13.04,0
1/25/1990,0.1,2.28,14.58,35.61,21.03,101.15,22.69,41.01,12.85,1
1/26/1990,0.61,1.9,13.02,35.48,22.46,101.19,22.11,47.46,15.14,1
1/27/1990,1.03,2.4,12.86,35.72,22.86,101.12,22.35,47.54,15.32,1
1/28/1990,3.71,2.05,12.91,34.75,21.84,101.14,21.26,50.06,15.47,1
1/29/1990,0,1.11,14.99,35.8,20.81,101.16,22.18,48.49,15.02,0
1/30/1990,0,1.29,15.12,36.4,21.28,101.16,20.3,52.24,16.57,0
1/31/1990,0,1.46,15.1,37.54,22.44,101.1,21.85,50.13,16.98,0
2/1/1990,0.04,2.15,13.88,36.86,22.98,101.1,18.14,47.88,15.47,1
2/2/1990,0,1.7,13.84,36.78,22.94,101.21,22.86,48.52,15.74,0
2/3/1990,0,1.7,14.4,37.78,23.38,101.2,23.37,44.57,15.15,0
2/4/1990,0,2.06,13.51,37.61,24.1,101.14,22.82,46.08,16,0
2/5/1990,0,2.06,14.4,37.79,23.39,101.17,22,50.22,17.14,0
2/6/1990,0,2.2,14.38,38.15,23.77,101.27,19.41,44.43,15.62,0
2/7/1990,0,2.25,10.55,35.39,24.84,101.39,23.51,43.39,15.14,0
2/8/1990,0,1.95,14.73,37.62,22.89,101.21,21.71,43.39,14.75,0
2/9/1990,0,1.84,13.62,37.02,23.4,101.2,21.16,48.49,15.92,0
2/10/1990,0,1.73,15.2,37.83,22.63,101.3,22.91,46.71,15.16,0
2/11/1990,0,2.31,14.09,37.31,23.22,101.29,22.47,51.06,17.46,0
2/12/1990,0,1.85,13.86,37.88,24.02,101.22,23.09,47.52,16.64,0
2/13/1990,0,1.63,14.68,37.62,22.94,101.14,23.23,48.64,16.9,0
2/14/1990,0,2.48,13.37,37.46,24.09,101.03,21.07,50.85,18.08,0
2/15/1990,0.2,2.46,13.97,37.62,23.65,100.94,19.78,49.92,17.97,1
2/16/1990,0,2.64,13.73,38.07,24.34,100.93,22.06,48.63,17.97,0
2/17/1990,0,2.71,13.33,38.2,24.87,100.92,22.57,48.9,18.47,0
2/18/1990,0,3.2,13.07,38.41,25.34,100.93,21.86,50.63,19.2,0
2/19/1990,0,3.15,12.71,38.32,25.61,100.98,22.72,50.45,19.13,0
2/20/1990,0.17,2.91,13.48,38.2,24.72,100.91,20.56,52.04,19.41,1
2/21/1990,0.06,2.98,13.1,38.74,25.64,100.8,22.82,49.12,18.75,1
2/22/1990,0.07,2.88,14.1,38.94,24.84,100.78,22.73,47.09,17.6,1
2/23/1990,0,2.86,13.8,38.91,25.11,100.76,24.15,47.33,17.86,0
2/24/1990,0,2.8,13.45,38.37,24.92,100.79,23.6,49.59,18.47,0
2/25/1990,0,2.91,13.46,38.65,25.19,100.75,21.85,49.15,18.74,0
2/26/1990,0.02,3.59,13.16,38.49,25.33,100.82,21.65,49.81,18.78,1
2/27/1990,0.01,3.01,13.65,38.38,24.73,100.89,22.37,46.94,17.6,1
2/28/1990,0.77,2.43,14.35,38.92,24.57,100.93,22.35,50.26,18.69,1
3/1/1990,3.26,2.63,12.66,37.97,25.31,100.92,20.68,53.3,19.73,1
3/2/1990,0,3.32,12.73,38.17,25.44,100.9,20.94,49.36,18.72,0
3/3/1990,0.02,2.19,8.76,34.21,25.45,100.94,18.65,56.86,19.54,1
3/4/1990,0.32,1.78,12.21,37.5,25.29,100.88,19.91,50.55,18.8,1
3/5/1990,0.04,2.83,13.57,38.45,24.88,100.87,20.45,47.15,17.73,1
3/6/1990,1.38,3.61,13.19,38.49,25.3,101,21.33,48.77,18.11,1
3/7/1990,0.91,1.65,11.79,36.9,25.11,101.21,19.85,55.1,19.76,1
3/8/1990,2.42,1.43,11.07,36.22,25.15,101.25,13.33,59.18,20.28,1
3/9/1990,0.38,2.89,8.9,34.79,25.89,101.36,18.22,57.95,19.59,1
3/10/1990,0,2.55,13.85,38.44,24.59,101.34,20.9,49.01,18.11,0
3/11/1990,0.23,1.86,13.76,39.4,25.64,101.17,21.17,48.77,19.34,1
3/12/1990,5.47,2.25,9.81,36.1,26.29,101.08,19.62,58.36,21.38,1
3/13/1990,0.07,2.15,11.62,37.26,25.64,101.07,21.84,55.25,20.35,1
3/14/1990,1.11,2.44,12.36,38.27,25.91,101.1,21.67,52.54,19.77,1
3/15/1990,2.38,2.23,12.58,37.93,25.35,101.12,19.04,53.9,19.89,1
3/16/1990,0.9,1.89,12.6,37.47,24.87,101.13,21.43,54.25,19.9,1
3/17/1990,0.07,2.39,12.67,38.93,26.26,101.13,21.58,45.71,17.14,1
3/18/1990,0.6,2.4,13.59,39.2,25.61,101.09,21.46,42.63,16.67,1
3/19/1990,2.52,1.9,11.94,37.67,25.73,101.01,22.83,49.1,18.46,1
3/20/1990,0,2.08,11.33,37.31,25.98,100.95,21.52,49.24,18.78,0
3/21/1990,0.53,2.41,11.32,37.47,26.15,100.97,19,50.19,19.37,1
3/22/1990,0.13,2.31,11.86,38.2,26.34,100.94,18.46,49.09,19.65,1
3/23/1990,0,2.45,9.35,37.23,27.88,100.88,20.86,49.87,20.03,0
3/24/1990,0,2.25,12.81,39.63,26.82,100.77,21.74,50.04,20.5,0
3/25/1990,0.21,3.2,12.15,39.79,27.64,100.71,19.98,51.92,21.22,1
3/26/1990,0.01,2.54,10.85,38.71,27.86,100.74,22.64,49.26,20.04,1
3/27/1990,0.15,3.32,12.65,39.42,26.77,100.82,23.13,49.15,19.82,1
3/28/1990,0,3.43,13.54,39.46,25.92,100.91,22.07,49.06,19.22,0
3/29/1990,0,2.36,14.53,40.29,25.76,100.84,22.72,47.23,19.27,0
3/30/1990,0.06,2.57,13.4,40.07,26.67,100.85,23.11,43.99,18.45,1
3/31/1990,1.85,2.79,12.95,40.08,27.13,100.76,22.98,46.41,19.57,1
4/1/1990,0,2.82,13.37,41.1,27.73,100.73,21.38,44.96,19.19,0
4/2/1990,0,3.24,13.62,41.31,27.69,100.68,23.68,45.19,19.53,0
4/3/1990,0.04,2.57,11.95,39.71,27.76,100.76,21.19,46.28,19.88,1
4/4/1990,0.69,2.25,8.81,37.68,28.87,100.78,18.46,50.92,20.57,1
4/5/1990,0,3.59,13.74,40.84,27.1,100.77,18.63,45.74,18.49,0
4/6/1990,0,1.92,10.94,37.93,26.99,100.76,24.3,46.35,18.72,0
4/7/1990,1.41,2.3,7.57,35.92,28.35,100.87,19.17,53.15,20.35,1
4/8/1990,0.95,2.52,9.04,35.46,26.42,100.74,17,61.67,21.54,1
4/9/1990,0.42,2.6,11.8,39.01,27.21,100.5,22.92,50.66,19.68,1
4/10/1990,0,2.81,15.54,40.87,25.33,100.37,23.27,48.73,19.4,0
4/11/1990,0,2.7,12.85,40.85,28,100.41,22.82,48.18,20.66,0
4/12/1990,0,2.93,13.44,41.42,27.98,100.43,22.62,47.74,20.75,0
4/13/1990,0.01,2.88,9.76,38.32,28.56,100.57,21.88,51.33,21.25,1
4/14/1990,0.06,3.08,10.58,39.56,28.98,100.57,22.36,48.88,20.76,1
4/15/1990,0.89,3.53,10.99,39.47,28.48,100.56,22.1,51.44,21.14,1
4/16/1990,0.9,3.54,11.35,39.06,27.71,100.58,23.32,55.78,21.61,1
4/17/1990,0.29,3.46,14.61,41.57,26.96,100.54,17.6,53.24,21.37,1
4/18/1990,2.4,3.74,11.51,38.97,27.46,100.59,19.63,57.52,22.18,1
4/19/1990,0.01,2.88,11.41,38.43,27.02,100.56,25.13,56.18,21.84,1
4/20/1990,0.14,2.64,12.36,39.09,26.73,100.56,18.59,55.01,21.73,1
4/21/1990,0,2.82,13.04,40.25,27.21,100.66,19.42,51.02,20.68,0
4/22/1990,0,2.71,14.54,41.29,26.75,100.62,17.13,52.18,21.57,0
4/23/1990,0,2.47,10.44,38.9,28.46,100.6,24.87,52.76,21.75,0
4/24/1990,0.19,2.89,8.32,36.8,28.48,100.69,19.68,55.08,21.62,1
4/25/1990,0.4,2.29,10.17,37.84,27.67,100.74,20.3,53.32,20.92,1
4/26/1990,1.68,2.13,11.27,38.86,27.59,100.76,19.27,52.68,21.24,1
4/27/1990,0.55,1.92,8.54,36.2,27.66,100.86,23.93,57.18,21.09,1
4/28/1990,2.36,1.44,11.53,38.47,26.94,100.77,19.15,55.35,21.24,1
4/29/1990,0.45,2.39,11.91,39.36,27.45,100.65,23.31,55.08,21.49,1
4/30/1990,1.54,2.19,9.72,37.31,27.59,100.61,19.97,57.37,21.87,1
5/1/1990,0.01,2.61,13.26,41.02,27.76,100.54,19.16,46.61,19.59,1
5/2/1990,0.76,2.47,12.37,40.57,28.2,100.53,22.61,49.74,21,1
5/3/1990,0,3.13,12.12,40.74,28.62,100.51,21.87,48.41,20.86,0
5/4/1990,1.24,1.95,12.27,40.77,28.5,100.53,23.98,47.35,20.5,1
5/5/1990,3,2.47,5.02,32.63,27.61,100.69,16.32,63.82,22.01,1
5/6/1990,0.01,1.52,12.56,39.28,26.72,100.73,15.45,52.35,20.85,1
5/7/1990,0.57,2.17,10.22,38.32,28.1,100.68,19.1,52.74,21.23,1
5/8/1990,3.63,1.97,8.51,36.62,28.11,100.56,24.54,58.02,22.11,1
5/9/1990,0.04,2.07,7.31,35.05,27.74,100.47,23.62,63.17,23.07,1
5/10/1990,0.02,1.65,8.08,35.91,27.83,100.48,21.32,58.76,22.18,1
5/11/1990,0.08,1.66,6.74,34.48,27.74,100.5,19.73,58.36,21.87,1
5/12/1990,0.48,1.14,8.45,36.05,27.6,100.4,21.3,55.07,21.32,1
5/13/1990,0.2,1.3,7.84,35.38,27.54,100.45,20.11,57.44,21.74,1
5/14/1990,0.01,2.51,9.42,36.48,27.06,100.47,19.96,57.15,21.71,1
5/15/1990,0.05,2.4,11.49,38.37,26.88,100.52,23.9,53.98,21.36,1
5/16/1990,0.26,3.09,11.26,38.75,27.49,100.4,25.54,51.41,20.42,1
5/17/1990,0.81,2.74,16.31,41.63,25.32,100.28,25.48,53.05,20.84,1
5/18/1990,2.38,3.03,8.72,36.53,27.81,100.46,24.56,63.23,23.38,1
5/19/1990,4.34,2.85,7.02,34.19,27.17,100.59,17.39,69.16,23.56,1
5/20/1990,19.75,2.13,6.39,32.48,26.09,100.63,16.26,79.75,24.65,1
5/21/1990,4.86,1.46,9.24,34.97,25.73,100.56,19.33,76.42,24.35,1
5/22/1990,0.71,1.96,5.73,32.19,26.46,100.61,21.22,76.67,24.21,1
5/23/1990,3.81,2.48,9.39,34.79,25.4,100.71,17.72,72.42,23.59,1
5/24/1990,2.57,1.94,8.01,33.83,25.82,100.84,23.28,75.7,23.74,1
5/25/1990,5.54,2,4.85,29.97,25.12,100.82,14.37,85.38,24.46,1
5/26/1990,9.58,1.91,6.87,31.87,25,100.76,17.93,82.02,24.22,1
5/27/1990,1.65,2.84,9.26,33.84,24.58,100.62,18.92,73.61,23.26,1
5/28/1990,13.47,3.2,7.09,32.7,25.61,100.59,22.15,77.82,24.07,1
5/29/1990,4.87,3.01,5.81,31.25,25.44,100.6,18.73,83.11,24.66,1
5/30/1990,2.87,2.91,6.39,32.06,25.67,100.58,18.66,81.17,24.46,1
5/31/1990,0.88,2.72,10.04,34.91,24.87,100.53,21.58,73.22,23.63,1
6/1/1990,3.08,2.93,7.46,33.2,25.74,100.54,24.21,75.52,24.06,1
6/2/1990,4.52,2.85,7.4,33.2,25.8,100.53,17.66,77.7,24.08,1
6/3/1990,0.66,2.73,7.24,32.79,25.55,100.61,17.65,76.57,23.92,1
6/4/1990,1.91,1.84,8.88,33.96,25.08,100.68,23.69,75.66,23.95,1
6/5/1990,3.14,1.18,9.63,34.98,25.35,100.64,20.72,70.26,23.35,1
6/6/1990,3.36,2.03,8.53,34.21,25.68,100.67,24.46,72.38,23.52,1
6/7/1990,1.73,2.18,9.24,34.69,25.45,100.72,18.48,70.53,23.23,1
6/8/1990,17.6,2.42,10.06,35.46,25.4,100.66,20.35,74.4,23.83,1
6/9/1990,24.71,3.08,5.24,30.65,25.41,100.62,18.98,86.38,24.9,1
6/10/1990,9.06,2.92,8.35,32.53,24.18,100.59,20.98,82.3,24.11,1
6/11/1990,18.7,3.19,4.73,29.61,24.88,100.72,18.93,87.63,24.5,1
6/12/1990,3.57,2.69,3.88,28.26,24.38,100.76,15.09,88.83,23.88,1
6/13/1990,1.15,2.63,8,31.67,23.67,100.63,14.54,82.89,23.75,1
6/14/1990,0.31,2.21,7.08,31.23,24.15,100.61,23.69,82.38,23.98,1
6/15/1990,11.48,3.07,5.15,29.89,24.74,100.62,10.19,86,24.18,1
6/16/1990,7.67,3.14,5.58,28.74,23.16,100.66,8.86,87.03,23.16,1
6/17/1990,3.02,2.93,6.89,30.16,23.27,100.66,16.07,83.91,23.06,1
6/18/1990,0.03,3.22,8.33,31.64,23.31,100.56,20.84,80.32,23.44,1
6/19/1990,2.13,3.02,8.49,32.76,24.27,100.48,22.7,80.72,24.31,1
6/20/1990,10.46,2.63,6.58,31.41,24.83,100.46,20.45,85.2,24.67,1
6/21/1990,30.67,2.46,3.99,29.46,25.47,100.4,20.42,90.12,25.17,1
6/22/1990,4,2.43,3.2,28.35,25.15,100.41,17.13,89.56,24.72,1
6/23/1990,5.12,2.42,4.03,29.01,24.98,100.44,21.97,89.92,24.98,1
6/24/1990,5.45,2.39,4.94,29.98,25.04,100.5,13.96,89.24,25.25,1
6/25/1990,50.03,2.35,3.97,29.18,25.21,100.49,17.16,92.1,25.51,1
6/26/1990,19.22,2.23,5.53,29.93,24.4,100.52,16.8,89.52,24.99,1
6/27/1990,13.29,2.25,4.4,28.53,24.13,100.63,21.35,89.02,24.06,1
6/28/1990,5.67,2.52,4.59,28.22,23.63,100.66,16.29,91.22,24.05,1
6/29/1990,1.09,2.9,6.84,30.9,24.06,100.62,19.74,86.01,24.26,1
6/30/1990,1.07,2.84,6.88,30.85,23.97,100.53,20.97,86.43,24.53,1
7/1/1990,0.91,2.47,6.07,30.33,24.26,100.51,21.8,88.05,24.82,1
7/2/1990,4.79,1.66,4.77,29.1,24.33,100.69,15.81,89.93,24.73,1
7/3/1990,3.33,2.27,8.18,31.49,23.31,100.81,20.68,85.38,24.45,1
7/4/1990,0.19,1.23,6.44,30.46,24.02,100.78,22.65,84.52,24.39,1
7/5/1990,1.47,1.97,6.76,30.8,24.04,100.75,21.94,85.7,24.63,1
7/6/1990,0.05,1.48,6.76,30.5,23.74,100.87,22.09,82.14,23.83,1
7/7/1990,0.05,1.69,8.41,32.13,23.72,100.82,24.26,80.42,23.93,1
7/8/1990,1.41,2.3,8.68,31.99,23.31,100.6,23.98,84.05,24.36,1
7/9/1990,2.6,2.95,5.4,30.1,24.7,100.51,22.08,87.64,24.57,1
7/10/1990,2.33,2.72,5.58,30.29,24.71,100.63,21.62,86.74,24.46,1
7/11/1990,7.72,2.48,6.48,30.65,24.17,100.76,21.14,85.08,24.14,1
7/12/1990,0.2,2.5,6.52,30.4,23.88,100.77,21.84,86.72,24.37,1
7/13/1990,4.43,2.82,4.39,28.63,24.24,100.67,17.39,90.49,24.44,1
7/14/1990,2.38,2.27,7.01,30.73,23.72,100.72,17.8,84.83,23.79,1
7/15/1990,2.32,1.92,6.73,30.07,23.34,100.9,22.09,85.77,23.91,1
7/16/1990,1.93,1.83,6.79,30.39,23.6,100.81,22.37,84.6,23.69,1
7/17/1990,5.1,2.36,4.79,28.95,24.16,100.65,20.37,89.91,24.15,1
7/18/1990,5.88,2.78,5.96,29.78,23.82,100.63,21.38,88.73,24.26,1
7/19/1990,10.73,2.34,6.49,29.74,23.25,100.65,18.53,88.69,24.21,1
7/20/1990,20.29,2.05,4.81,28.83,24.02,100.57,15.98,89.87,24.12,1
7/21/1990,19.45,2.17,5.75,29.42,23.67,100.52,16.18,86.95,23.64,1
7/22/1990,10.43,2.94,5.31,28.52,23.21,100.51,15.88,89.84,23.57,1
7/23/1990,1.8,2.9,6.98,30.62,23.64,100.6,17.92,85.74,23.92,1
7/24/1990,3.5,2.5,7.59,30.94,23.35,100.7,21.28,85.62,24.11,1
7/25/1990,2.31,2.41,6.21,30.06,23.85,100.58,22.11,87.56,24.4,1
7/26/1990,4.89,2.57,6.08,30.29,24.21,100.46,22.51,88.31,24.8,1
7/27/1990,6.76,2.76,6.57,30.94,24.37,100.45,19.62,88.6,25.18,1
7/28/1990,2.87,2.54,5.5,29.86,24.36,100.48,18.15,89.8,24.98,1
7/29/1990,2.87,2.38,5.54,30.1,24.56,100.37,18.23,89.22,25.04,1
7/30/1990,3.32,2.91,4.91,29.64,24.73,100.31,13.58,89.16,24.7,1
7/31/1990,10.55,3.18,5.67,30,24.33,100.44,16.95,89.75,24.89,1
8/1/1990,5.06,2.65,6.6,31.1,24.5,100.61,16.66,88.2,25.16,1
8/2/1990,1.53,2.48,5.16,29.9,24.74,100.65,21.14,88.95,25,1
8/3/1990,23.81,2.65,6.22,30.83,24.61,100.59,17.86,87.96,24.87,1
8/4/1990,23.19,2.73,5.3,29.94,24.64,100.63,21.4,88.77,24.78,1
8/5/1990,10.99,2.71,5.66,30.02,24.36,100.7,23.05,89.94,24.91,1
8/6/1990,6.76,1.69,7.03,30.54,23.51,100.7,17.9,86.23,24.19,1
8/7/1990,0.57,1.26,7.39,31.2,23.81,100.72,20.38,84.94,24.42,1
8/8/1990,2.18,1.68,5.54,30.3,24.76,100.72,19.92,84.14,24.19,1
8/9/1990,8.22,1.92,4.43,28.97,24.54,100.8,19.55,89.53,24.45,1
8/10/1990,1.95,1.56,7.15,30.71,23.56,100.8,21.32,84.79,24.01,1
8/11/1990,4.05,2.51,5.16,29.17,24.01,100.78,20.95,88.9,24.33,1
8/12/1990,3.04,2.1,4.96,28.9,23.94,100.8,18.45,89,23.98,1
8/13/1990,11.71,2.38,4.4,27.99,23.59,100.85,17.09,90.4,23.71,1
8/14/1990,18.9,2.73,6.13,29.15,23.02,100.79,17.88,89.06,23.65,1
8/15/1990,18.46,2.23,3.86,26.94,23.08,100.67,16.32,92.72,23.93,1
8/16/1990,40.05,3.21,4.22,28.46,24.24,100.49,9.4,92.33,24.7,1
8/17/1990,4.48,3.34,4.72,28.27,23.55,100.51,13.45,89.55,23.51,1
8/18/1990,29.81,4.23,4.59,27.94,23.35,100.44,17.67,90.41,23.83,1
8/19/1990,6.87,3.3,5.08,28.65,23.57,100.63,12.64,90.25,23.83,1
8/20/1990,7.62,2.76,6.03,28.96,22.93,100.73,10.5,88.86,23.63,1
8/21/1990,1.21,2.18,6.08,29.02,22.94,100.72,17.8,86.05,23,1
8/22/1990,0.13,3.3,7.44,31.06,23.62,100.56,17.98,86.89,24.26,1
8/23/1990,15.85,3.63,6,30.13,24.13,100.61,14.39,89.44,24.89,1
8/24/1990,4.94,2.99,5.49,29.91,24.42,100.72,17.04,89.3,24.68,1
8/25/1990,1.56,2.23,5.89,29.85,23.96,100.71,20.16,88.2,24.11,1
8/26/1990,4.89,2.43,7.05,30.38,23.33,100.68,20.25,87.55,24.16,1
8/27/1990,9.04,2.48,7.52,30.65,23.13,100.68,16.14,86.97,24.08,1
8/28/1990,9.12,2.85,4.44,28.55,24.11,100.55,14.77,91.65,24.56,1
8/29/1990,1.63,3.91,4.28,28.61,24.33,100.25,9.66,90.86,24.37,1
8/30/1990,4.19,4.26,4.65,29.3,24.65,100.31,15.36,90.63,24.99,1
8/31/1990,5.54,2.91,5.25,30.59,25.34,100.56,20.76,88.94,25.32,1
9/1/1990,0.01,1.96,7.2,31.46,24.26,100.63,21.85,86.72,25.07,1
9/2/1990,5.17,2.08,6.51,30.58,24.07,100.53,17.25,88.71,25.23,1
9/3/1990,29.22,3.16,3.25,28.09,24.84,100.45,8.71,93.2,24.97,1
9/4/1990,18.63,2.51,3.45,27.89,24.44,100.64,15.11,92.26,24.57,1
9/5/1990,1.7,2.45,4.63,28.53,23.9,100.8,18.44,91.43,24.35,1
9/6/1990,0.05,1.84,5.16,29,23.84,100.84,21.45,89.8,24.24,1
9/7/1990,0.65,2.52,7.23,30.56,23.33,100.77,19.78,88.54,24.52,1
9/8/1990,1.23,2.94,6.79,30.64,23.85,100.67,19.19,89.76,24.88,1
9/9/1990,6.22,2.79,4.18,28.79,24.61,100.69,13.98,91.59,24.87,1
9/10/1990,1.09,2.91,4.73,28.76,24.03,100.82,17.21,91.5,24.63,1
9/11/1990,0.63,2.37,6.08,30.09,24.01,100.79,16.79,88.96,24.68,1
9/12/1990,0.11,1.38,6.22,29.32,23.1,100.74,16.22,87.31,23.85,1
9/13/1990,0.27,1.52,8.73,32.12,23.39,100.63,20.42,82.73,24.25,1
9/14/1990,2.76,1.11,6.45,31.16,24.71,100.71,23.23,84.39,24.7,1
9/15/1990,2.96,1.69,7.23,31.63,24.4,100.7,16.89,83.24,24.54,1
9/16/1990,10.22,1.91,4.61,28.82,24.21,100.61,18.42,90.14,24.76,1
9/17/1990,14.29,1.69,6.53,30.39,23.86,100.47,19.36,88.95,24.78,1
9/18/1990,15.69,2.43,5.36,29.79,24.43,100.28,16.99,89.7,24.9,1
9/19/1990,19.44,2.8,6.19,30.24,24.05,100.46,16.07,90.07,25.03,1
9/20/1990,2.16,2.49,5.38,29.76,24.38,100.75,13.56,90.16,24.82,1
9/21/1990,0.58,1.68,7.19,30.81,23.62,100.86,21.6,86.55,24.58,1
9/22/1990,1.78,1.21,3.39,27.43,24.04,100.78,17.35,92.32,24.26,1
9/23/1990,9.11,1.45,6.63,30.7,24.07,100.68,19.42,87.65,24.69,1
9/24/1990,1.86,1.69,4.23,28.9,24.67,100.79,19,91.66,24.96,1
9/25/1990,1.85,1.05,5.75,29.48,23.73,100.95,16.55,88.3,24.32,1
9/26/1990,5.9,1.51,4.2,28.35,24.15,100.91,19.26,92.31,24.66,1
9/27/1990,9.36,2.94,3.54,27.51,23.97,100.83,16.66,92.51,24.06,1
9/28/1990,33.25,3.1,3.03,26.9,23.87,100.71,17.25,93.78,24.06,1
9/29/1990,5.38,2.28,5.71,29.76,24.05,100.7,22.48,90.4,24.62,1
9/30/1990,7.46,2.16,5.41,29.13,23.72,100.86,17.56,86.98,23.31,1
10/1/1990,5.79,2.07,4.29,28.09,23.8,100.82,17.53,89.65,23.69,1
10/2/1990,7.74,2.19,4.55,28.33,23.78,100.72,19.8,91.57,24.32,1
10/3/1990,17.72,3.33,4.77,29.37,24.6,100.39,12.06,90.29,24.63,1
10/4/1990,10.95,4.18,3.6,28.02,24.42,100.45,13.76,91.07,24.29,1
10/5/1990,3.9,2.87,5.47,29.56,24.09,100.77,15.47,90.52,24.58,1
10/6/1990,1.18,2,6.69,30.06,23.37,100.92,20.98,87.45,24.03,1
10/7/1990,0.84,1.42,7.08,29.84,22.76,100.89,21.55,84.04,23.59,1
10/8/1990,3.62,1.06,6.27,30.74,24.47,100.92,11.85,84.11,24.56,1
10/9/1990,7.39,1.07,5.73,30.02,24.29,101.02,20.06,85.44,24.06,1
10/10/1990,0.88,2.36,7.64,30.92,23.28,100.99,24.09,84.05,23.6,1
10/11/1990,5.46,2.57,6.77,30.21,23.44,100.95,18.84,86.99,24.09,1
10/12/1990,1.52,1.96,6.97,30.94,23.97,100.83,20.27,85.58,24.19,1
10/13/1990,0.67,2.41,7.56,30.64,23.08,100.71,20.95,84.34,23.44,1
10/14/1990,1.19,2.54,8.15,31.06,22.91,100.58,18.18,86.47,24.04,1
10/15/1990,3.1,1.54,5.05,29.14,24.09,100.62,15.56,88.48,24.28,1
10/16/1990,0.09,0.76,5.91,29.96,24.05,100.66,19.51,85.46,24.22,1
10/17/1990,0.99,1.11,6.41,30.49,24.08,100.62,15.17,87.53,24.57,1
10/18/1990,6.23,2.18,3.41,28.19,24.78,100.62,17.05,92.75,24.95,1
10/19/1990,2.37,3.39,3.12,27.44,24.32,100.61,12.34,92.86,24.31,1
10/20/1990,9.48,2.03,7.25,30.75,23.5,100.73,18.87,88.68,24.62,1
10/21/1990,3.36,1.07,7.82,31.25,23.43,100.9,22.13,84.84,24.54,1
10/22/1990,15.61,1.26,6.16,30.87,24.71,100.92,17.94,83.9,23.96,1
10/23/1990,13.61,1.37,5.36,29.94,24.58,100.84,16.52,89.56,24.75,1
10/24/1990,2.43,1.17,7.16,31.04,23.88,100.87,21.32,86.16,24.77,1
10/25/1990,9.12,1.37,5.8,30.22,24.42,100.88,21.8,87.01,24.55,1
10/26/1990,23.99,1.58,8.08,30.37,22.29,100.97,21.73,83.88,23.41,1
10/27/1990,6.4,1.55,5.64,29.86,24.22,101.04,21.19,88.2,24.33,1
10/28/1990,1.48,1.57,5.91,30.15,24.24,101.06,18.68,87.63,24.2,1
10/29/1990,1.15,1.5,7.43,30.95,23.52,101.02,20.16,86.11,24.27,1
10/30/1990,0.43,1.58,7.47,30.95,23.48,100.98,21.33,82.8,23.95,1
10/31/1990,3.64,2.05,7.68,31.27,23.59,100.9,21.24,85.34,24.5,1
11/1/1990,3.89,1.23,7.34,31.73,24.39,100.95,21.9,82.34,24.24,1
11/2/1990,3.09,1.29,7.23,31.56,24.33,100.93,21.61,84.16,24.44,1
11/3/1990,2.23,1.46,6.11,30.35,24.24,100.95,20.02,86.94,24.28,1
11/4/1990,0.03,1.6,8.06,31.31,23.25,100.82,21.75,85.31,24.29,1
11/5/1990,0.45,1.36,5.17,28.9,23.73,100.83,20.1,88.36,24.27,1
11/6/1990,1.88,1.44,5.96,29.83,23.87,100.85,19.38,87.73,24.37,1
11/7/1990,1.57,1.4,5.57,29.39,23.82,100.76,18.19,88.74,24.32,1
11/8/1990,1.75,1.07,6.4,30.4,24,100.67,19.5,86.29,24.25,1
11/9/1990,5.02,1.32,5.33,29.32,23.99,100.77,17.49,88.78,24.13,1
11/10/1990,4.99,1.83,3.77,25.97,22.2,100.97,8.38,93.46,23.04,1
11/11/1990,0.01,2.65,7.27,27.9,20.63,101.01,17.36,86.96,21.33,1
11/12/1990,4.7,4.11,6.56,28.35,21.79,100.84,15.39,86.97,21.66,1
11/13/1990,1.75,1.81,6.25,27.08,20.83,100.89,11.69,86.82,21.24,1
11/14/1990,1.81,2,8.13,30.07,21.94,100.95,18.16,86.68,23.01,1
11/15/1990,0.14,2.81,6.9,28.39,21.49,100.72,19.98,85.43,21.6,1
11/16/1990,0.28,2.14,8.19,29.08,20.89,100.73,22.77,81.56,21.35,1
11/17/1990,0,1.12,8.08,30.34,22.26,100.92,20.77,82.33,22.71,0
11/18/1990,0,0.97,8.57,30.99,22.42,100.9,20.68,79.67,22.92,0
11/19/1990,0.02,1.24,5.9,29.86,23.96,100.94,20.82,83.33,23.52,1
11/20/1990,0.25,1.52,7.18,30.92,23.74,101,20.65,84.39,23.78,1
11/21/1990,0.08,2.85,7.47,31.04,23.57,101.01,15.77,84.61,24.01,1
11/22/1990,0.01,2.87,9.11,30.59,21.48,101.13,17.29,81.89,22.61,1
11/23/1990,0,3.02,9.23,30.65,21.42,101.11,21.52,82.49,22.51,0
11/24/1990,0,3.45,8.47,30.01,21.54,101.1,21.88,79.86,21.18,0
11/25/1990,0,2.89,9.25,29.03,19.78,101.1,20.34,81.43,20.86,0
11/26/1990,0,3.07,9.68,29.85,20.17,101.13,20.79,79.74,20.79,0
11/27/1990,0,2.97,9.54,29.77,20.23,101.1,20.93,78.49,20.44,0
11/28/1990,0.03,2.76,9.46,30.09,20.63,101.03,20.43,77.91,20.42,1
11/29/1990,2.53,1.76,10.43,29.98,19.55,100.97,20.31,79.87,20.4,1
11/30/1990,0,2.31,9.93,30.09,20.16,101.11,20.57,78.8,20.02,0
12/1/1990,0,3.34,8.97,28.23,19.26,101.31,18.76,76.24,18.25,0
12/2/1990,0,3.73,9.62,27.71,18.09,101.51,21.68,74.9,17.21,0
12/3/1990,0,4.13,10.36,28.17,17.81,101.56,16.65,76.57,17.96,0
12/4/1990,0.03,4.71,9.79,29.33,19.54,101.63,20.38,75.98,19.12,1
12/5/1990,0,3.86,11.09,28.71,17.62,101.58,21.63,75.19,17.64,0
12/6/1990,0,2.89,12.32,30.24,17.92,101.35,21.12,76.53,18.94,0
12/7/1990,0,3.19,10.64,31.72,21.08,101.22,20.96,74.67,20.71,0
12/8/1990,0,3.41,10.74,32.43,21.69,101.07,19.63,73.4,21.19,0
12/9/1990,0,3.17,11.08,33,21.92,100.98,20.15,73.49,21.4,0
12/10/1990,0,2.74,9.9,32.97,23.07,100.96,19.53,73.43,21.88,0
12/11/1990,0.01,2.63,9.27,32.75,23.48,101.09,18.63,71.18,21.14,1
12/12/1990,0.03,3.15,10.09,32.63,22.54,101.11,21.32,69.46,20.13,1
12/13/1990,0.53,2.1,12.6,33.57,20.97,100.99,19.54,70.3,20.54,1
12/14/1990,0.06,2.86,11.69,33.95,22.26,101.02,20.41,70.05,21.03,1
12/15/1990,0,3.55,11.71,33.67,21.96,101.08,19.57,66.71,19.93,0
12/16/1990,0.02,3.25,11.68,32.73,21.05,101.1,18.97,67.88,19.44,1
12/17/1990,0.45,2.7,11.48,33.64,22.16,101.07,21,67.86,20.45,1
12/18/1990,0.3,1.96,11.09,34.07,22.98,101.04,19.74,72.34,21.67,1
12/19/1990,0.68,1.06,8.46,31.91,23.45,101.05,15.76,75.45,22.08,1
12/20/1990,0,1.9,12.77,34.89,22.12,100.98,19.84,66.9,20.41,0
12/21/1990,0,1.88,12.05,34.5,22.45,101.03,20.06,65.37,19.48,0
12/22/1990,0,3.02,13.2,34.08,20.88,101.06,20.92,63.26,18.52,0
12/23/1990,0,3.16,12.85,33.01,20.16,101.17,21.23,62.27,17.25,0
12/24/1990,0,2.88,13.56,32.69,19.13,101.1,21.27,61.06,16.75,0
12/25/1990,0.01,2.76,13.28,33.99,20.71,101.1,21.24,61.42,18.08,1
12/26/1990,0.66,2.53,10.42,33.29,22.87,101.19,16.7,66.99,20.18,1
12/27/1990,0.97,2.39,11.61,34.2,22.59,101.18,17.3,68.05,20.03,1
12/28/1990,0,2.92,14.41,34.15,19.74,101.16,21.39,61.27,17.13,0
12/29/1990,0,2.69,14.93,34.05,19.12,101.16,21.7,57.86,15.5,0
12/30/1990,0.72,1.7,14.83,34.11,19.28,101.07,21,59.43,16.75,1
12/31/1990,0,1.55,15.37,35.8,20.43,100.93,21.7,59.69,18.37,0
1/1/1991,0,1.54,12.89,36.01,23.12,100.88,21.22,65.14,20.9,0
1/2/1991,0,1.69,12.96,36.32,23.36,100.91,18.95,63.94,20.24,0
1/3/1991,0.53,1.45,13.44,36.07,22.63,100.97,20.83,62.05,19.74,1
1/4/1991,1.43,0.84,12.36,35.18,22.82,101,16.96,65.75,20.96,1
1/5/1991,0.01,1.84,11.85,36.07,24.22,100.96,20.38,61.95,20.53,1
1/6/1991,0.04,1.37,10.89,34.17,23.28,100.96,18.27,64.17,20.56,1
1/7/1991,0,1.5,12.39,35.79,23.4,100.98,20.43,58.21,18.63,0
1/8/1991,0,1.6,14.46,36.16,21.7,100.98,21.42,54.56,16.22,0
1/9/1991,0.68,2.22,14.59,35.47,20.88,101.04,20.98,57.8,16.87,1
1/10/1991,0,1.66,14.12,35.51,21.39,101.03,21.42,55.65,16.29,0
1/11/1991,0,1.65,15.06,36.14,21.08,101.02,22.33,51.96,15.86,0
1/12/1991,0,1.94,15.29,36.43,21.14,101.05,22.19,49.19,14.47,0
1/13/1991,0,1.4,15.72,36.23,20.51,101.06,21.87,51.7,16.61,0
1/14/1991,0,2.16,12.51,36.22,23.71,101.09,22.38,51.7,17.91,0
1/15/1991,0,3.65,13.09,35.8,22.71,101.19,22.44,47.19,15.65,0
1/16/1991,0,3.29,14.14,35.52,21.38,101.25,21.45,49.35,15.66,0
1/17/1991,0,2.42,14.74,35.94,21.2,101.19,22.17,48.49,15.39,0
1/18/1991,0,1.76,14.75,36,21.25,101.13,21.81,46.93,15.22,0
1/19/1991,0.01,1.04,13.69,36.71,23.02,101,21.78,47.02,16.19,1
1/20/1991,1.09,1.33,14.01,37.25,23.24,100.97,20.65,54.69,19,1
1/21/1991,0,1.56,10.2,35.2,25,101.07,17.71,56.29,19.38,0
1/22/1991,0.03,1.68,10.67,36.29,25.62,100.99,16.46,53.16,19.34,1
1/23/1991,0.04,2.06,13.1,38.16,25.06,100.9,20.08,45.42,14.98,1
1/24/1991,0,1.96,14.97,37.26,22.29,100.89,21.21,46.94,15.01,0
1/25/1991,0,1.39,13.83,37.6,23.77,100.92,22.44,48.34,17.33,0
1/26/1991,1.02,2.31,12.16,37.62,25.46,101.01,19.88,46.86,17.14,1
1/27/1991,0.75,2.86,13.67,37.09,23.42,101.01,18.22,48.74,16.38,1
1/28/1991,2.53,3.34,14.29,36.22,21.93,100.94,20.78,49.61,16.21,1
1/29/1991,0.01,3.4,13.44,36.02,22.58,100.91,22.81,46.61,15.65,1
1/30/1991,0,3.91,13.17,35.36,22.19,101.01,22.68,45.15,14.81,0
1/31/1991,0,3.86,13.79,36.02,22.23,101.03,22.73,45.15,15.09,0
2/1/1991,0,3.85,13.3,35.88,22.58,101.01,23.24,44.42,15.2,0
2/2/1991,0,2.88,14.28,36.57,22.29,100.99,23.38,42.21,14.29,0
2/3/1991,0,2,13.99,36.38,22.39,101.04,23.39,45.45,15.37,0
2/4/1991,0,2.59,12.6,36.27,23.67,101.07,22.89,44.48,15.58,0
2/5/1991,0,2.59,12.52,36.15,23.63,101.1,23.27,45.22,15.71,0
2/6/1991,0,2.1,13.34,37.1,23.76,101.05,23.01,42,14.85,0
2/7/1991,0.02,1.35,14.02,37.68,23.66,100.93,22.27,47.24,17.17,1
2/8/1991,0.65,1.82,12.89,37.57,24.68,100.98,19.51,47.63,17.56,1
2/9/1991,0.1,1.92,13.53,37.53,24,101.04,19.07,47.83,16.87,1
2/10/1991,0.54,1.84,13.6,37.41,23.81,100.93,21.62,50.76,17.69,1
2/11/1991,0.38,2.24,14.42,38.11,23.69,100.83,21.04,50.19,16.87,1
2/12/1991,0,1.46,14.85,38.6,23.75,100.84,22.2,45.3,16.09,0
2/13/1991,1.11,1.87,13.94,38.6,24.66,100.79,22.14,50.52,18.44,1
2/14/1991,0,1.69,13.26,39,25.74,100.78,22.77,49.23,18.83,0
2/15/1991,0,1.78,13.46,39.06,25.6,100.63,20.64,47.71,18.68,0
2/16/1991,0.01,2.42,13.07,39.08,26.01,100.65,22,46.98,18.14,1
2/17/1991,0.06,2.48,14.37,39.35,24.98,100.8,21.1,43.29,16.4,1
2/18/1991,0,2.54,12.54,38.12,25.58,100.89,22.16,47.23,18.35,0
2/19/1991,0,2.29,11.78,38.36,26.58,100.89,21.96,46.05,18.16,0
2/20/1991,1.11,2.55,10.88,36.74,25.86,101.06,17.72,46.47,17.19,1
2/21/1991,0,3.98,12.8,38.03,25.23,101.22,23.36,42.07,16.07,0
2/22/1991,0,4.49,14.27,37.34,23.07,101.4,23.9,43.42,15.08,0
2/23/1991,0,4.97,13,35.95,22.95,101.47,23.35,42.7,14.12,0
2/24/1991,0,4.46,15.53,35.88,20.35,101.43,23.86,41.74,12.52,0
2/25/1991,0,2.62,15.24,36.61,21.37,101.33,23.9,45.19,15.41,0
2/26/1991,0.74,2.26,12.95,37.86,24.91,101.16,23.54,43.57,16.85,1
2/27/1991,2.16,2.02,11.53,37.43,25.9,101.11,22.93,51.2,19.26,1
2/28/1991,0.36,2.42,9.9,36.13,26.23,101.11,20.04,54.33,19.24,1
3/1/1991,0.08,3.59,14.77,39.31,24.54,101.09,21.07,50.47,18.34,1
3/2/1991,0.07,2.05,13.83,38.23,24.4,101.17,23.14,51.88,19.16,1
3/3/1991,0.6,2.4,11.88,37.61,25.73,101.09,21.61,51.87,19.55,1
3/4/1991,0.11,2.95,13.56,38.04,24.48,101.04,20.03,47.46,17.78,1
3/5/1991,0,2.68,14.25,38.71,24.46,101.01,23.01,45.05,16.63,0
3/6/1991,0,2.7,15.15,39.36,24.21,100.89,24.73,46.86,16.98,0
3/7/1991,0,3.08,14.87,38.98,24.11,100.9,23.25,45.29,16.45,0
3/8/1991,0,2.38,14.45,38.85,24.4,100.92,22.42,44.95,17.06,0
3/9/1991,0.44,3.14,13.71,39.38,25.67,100.83,22.94,45.45,17.99,1
3/10/1991,1.05,3.06,11.98,37.78,25.8,100.81,22.92,47.1,18.25,1
3/11/1991,0.08,2.35,13.48,38.75,25.27,100.79,22.15,46.46,18.1,1
3/12/1991,0,2.76,13.41,39.93,26.52,100.74,22.78,46.04,18.72,0
3/13/1991,0.12,2.72,13.18,40.25,27.07,100.81,22.8,45.12,18.53,1
3/14/1991,0,2.24,14.62,39.85,25.23,100.9,22.19,38.27,13.42,0
3/15/1991,0.17,2.42,15.42,39.5,24.08,100.81,22.78,45.45,17.44,1
3/16/1991,1.5,3.38,12.3,39.57,27.27,100.85,18.79,51.59,19.51,1
3/17/1991,2.51,3.46,8.87,34.87,26,101.05,9.97,59.23,20.26,1
3/18/1991,8.26,2.54,12.66,37.89,25.23,101.03,22.62,60.75,20.76,1
3/19/1991,0,2.23,14.24,38.07,23.83,100.84,22.52,58.84,20.07,0
3/20/1991,0.02,2.4,14.12,38.15,24.03,100.73,22.68,55.73,19.9,1
3/21/1991,0,2.62,14,39.32,25.32,100.68,22.78,51.1,19.69,0
3/22/1991,0,3.12,13.53,39.38,25.85,100.61,21.31,50.48,19.7,0
3/23/1991,0,3.09,13.71,39.88,26.17,100.59,23.14,51.38,20.24,0
3/24/1991,0,3.22,14.76,40.72,25.96,100.63,22.46,46.41,18.54,0
3/25/1991,0,3.21,14.16,39.41,25.25,100.66,23.11,46.91,18.07,0
3/26/1991,0,3.1,13.6,40.6,27,100.62,23.67,43.43,17.89,0
3/27/1991,0,3.1,15.36,40.5,25.14,100.71,26.33,43.79,16.43,0
3/28/1991,0,2.99,15.11,40.27,25.16,100.87,22.83,45.92,16.78,0
3/29/1991,0,1.55,14.91,39.62,24.71,100.97,21.52,41.17,15.14,0
3/30/1991,0.15,2.01,14.37,39.25,24.88,100.84,23.11,42.38,16.56,1
3/31/1991,3.01,2.41,13.04,38.4,25.36,100.88,18.17,49.28,19.01,1
4/1/1991,9.34,3.28,11.34,37.24,25.9,101.03,17.16,55,19.51,1
4/2/1991,11.28,3.73,12.55,35.81,23.26,101.22,21.59,62.68,20.31,1
4/3/1991,0.87,3.27,13.64,37.69,24.05,101.17,25,56.78,19.71,1
4/4/1991,2.01,2.07,11.46,36.32,24.86,101.03,21.68,61.75,20.99,1
4/5/1991,0,1.88,11.48,36.6,25.12,100.9,22.1,60.46,21.57,0
4/6/1991,0,2.37,11.08,37,25.92,100.85,21.2,60.04,21.85,0
4/7/1991,0.01,2.48,9.72,35.89,26.17,100.77,22.92,62.25,22.18,1
4/8/1991,0.61,2.59,11.13,37.03,25.9,100.67,23.8,61.15,22.15,1
4/9/1991,0,2.17,9.89,36.35,26.46,100.63,24.5,62.78,22.19,0
4/10/1991,0,3.21,13.85,39.91,26.06,100.49,22.06,55.7,21.04,0
4/11/1991,0.02,3.3,13.99,39.94,25.95,100.47,23.08,54.56,20.86,1
4/12/1991,0,2.7,14.38,40.62,26.24,100.5,24.29,50.93,20.29,0
4/13/1991,0.01,2.84,13.6,40.55,26.95,100.62,22.57,43.45,17.83,1
4/14/1991,0.07,2.95,14.2,40.9,26.7,100.63,24.62,45.66,19.12,1
4/15/1991,0.01,3.03,13.99,40.69,26.7,100.56,22.31,42.58,17.55,1
4/16/1991,0,2.88,13.94,40.13,26.19,100.57,23.53,45.98,19.16,0
4/17/1991,0,3,13.52,40.79,27.27,100.58,22.82,45.79,19.68,0
4/18/1991,0,2.88,13.97,41.47,27.5,100.59,19.07,43.14,18.7,0
4/19/1991,0.05,3.1,13.55,41.53,27.98,100.59,24.43,43.84,19.24,1
4/20/1991,2.09,2.37,11.28,39.58,28.3,100.65,22.74,48.36,20.64,1
4/21/1991,6.56,2.63,8.86,36.42,27.56,100.71,16.16,57.62,21.62,1
4/22/1991,36.26,1.44,5.24,31.13,25.89,100.86,17.67,78.87,23.87,1
4/23/1991,16.4,0.75,5.94,31.65,25.71,100.91,13.65,78.92,23.99,1
4/24/1991,1.83,2.08,8.03,33.67,25.64,100.81,26.08,74.16,23.51,1
4/25/1991,0.23,2.33,11.4,36.89,25.49,100.71,19.87,63.22,21.59,1
4/26/1991,1.98,2.01,10.16,35.39,25.23,100.69,23.04,66.85,22.45,1
4/27/1991,0.34,1.92,11.58,37.31,25.73,100.72,19.58,62.07,22.08,1
4/28/1991,0.18,1.75,10.86,37.11,26.25,100.67,24.36,64.32,23.13,1
4/29/1991,3.3,2.54,9.97,36.53,26.56,100.68,23.47,67.55,23.92,1
4/30/1991,0.11,2.41,8.94,35.82,26.88,100.64,25.55,69.16,23.74,1
5/1/1991,0.76,2.58,9.01,35.43,26.42,100.61,24.55,68.61,23.77,1
5/2/1991,8,2.23,7.81,33.73,25.92,100.72,26.51,75.3,24.38,1
5/3/1991,0.91,1.31,7.18,33.03,25.85,100.9,15.94,73.96,24.05,1
5/4/1991,9.82,2.07,8.69,34.28,25.59,100.9,24.08,71.7,23.59,1
5/5/1991,9.83,2.08,10.71,35.75,25.04,100.76,20.95,70.61,23.54,1
5/6/1991,0.35,2.36,8.55,34.22,25.67,100.72,24.96,72.01,23.62,1
5/7/1991,0.09,2.13,11.13,35.95,24.82,100.83,25.72,69.56,23.15,1
5/8/1991,0.39,1.68,10.93,36.7,25.77,100.88,25.71,65.44,22.73,1
5/9/1991,5.87,2.09,8.69,34.04,25.35,100.89,22.58,71.68,23.43,1
5/10/1991,0.71,1.8,9.01,34.48,25.47,100.96,22.79,72.85,23.47,1
5/11/1991,0.14,1.57,9.75,35.68,25.93,100.89,23.3,66.87,23.13,1
5/12/1991,2.44,1.61,11.29,37.12,25.83,100.77,23.61,64.62,22.95,1
5/13/1991,5.75,1.98,6.78,33.15,26.37,100.76,20.61,76.06,24.49,1
5/14/1991,0.03,1.42,7.78,33.57,25.79,100.72,25.15,72.1,23.71,1
5/15/1991,2.47,1.21,8.02,33.86,25.84,100.77,20.36,69.94,22.84,1
5/16/1991,6.67,1.48,7.82,32.81,24.99,100.85,19.04,74.25,23.58,1
5/17/1991,0.41,1.22,9.24,34.57,25.33,100.78,24.94,72.54,23.8,1
5/18/1991,2.91,1.13,8.32,33.97,25.65,100.68,18.47,69.27,22.99,1
5/19/1991,9.03,1.12,7.5,33.14,25.64,100.7,23.96,76.3,24.44,1
5/20/1991,10.56,1.88,9.97,35.34,25.37,100.82,24.52,72.36,23.8,1
5/21/1991,8.39,2.36,9.49,34.34,24.85,100.99,21.73,71.71,22.47,1
5/22/1991,0.79,1.9,12.44,36.88,24.44,100.72,26.25,66.84,22.44,1
5/23/1991,1.42,2.36,10.75,35.93,25.18,100.61,26.4,69,23.3,1
5/24/1991,3.72,1.8,7.71,33.33,25.62,100.61,19.28,76.55,24.25,1
5/25/1991,3.16,1.35,6.08,31.88,25.8,100.59,18.4,79.81,24.52,1
5/26/1991,16.54,1.52,6.48,31.78,25.3,100.52,19.9,82.33,24.76,1
5/27/1991,20.03,1.61,5.67,31.15,25.48,100.5,17.91,82.96,24.65,1
5/28/1991,8.32,1.77,7.97,32.94,24.97,100.49,15.66,80.01,24.41,1
5/29/1991,0.58,1.72,8.15,33.05,24.9,100.53,22.54,75.77,23.37,1
5/30/1991,1.83,1.7,8.29,33.32,25.03,100.57,22.32,76.23,23.82,1
5/31/1991,4.3,1.92,8.71,33.94,25.23,100.54,23.74,78.47,24.37,1
6/1/1991,1.29,1.82,7.61,33.19,25.58,100.58,22.67,79.15,24.53,1
6/2/1991,4.17,1.38,7.27,32.75,25.48,100.58,22.11,80.12,24.48,1
6/3/1991,13.4,1.5,8.78,34.22,25.44,100.57,19.15,77.8,24.44,1
6/4/1991,4.22,0.98,4.45,30.28,25.83,100.64,18.86,80.89,24.16,1
6/5/1991,9.14,0.82,5.33,30.34,25.01,100.65,17.38,83.5,24.36,1
6/6/1991,9.49,1.77,5.52,30.87,25.35,100.61,12.99,84.04,24.47,1
6/7/1991,14.67,2.41,6.56,31.35,24.79,100.59,17.38,85.9,24.99,1
6/8/1991,5.07,2.75,6.64,31.62,24.98,100.57,17.98,85.68,25.06,1
6/9/1991,2.03,2.87,5.66,30.95,25.29,100.64,18.1,84.72,24.52,1
6/10/1991,5.35,2.39,5.35,30.11,24.76,100.79,21.33,84.57,23.79,1
6/11/1991,3.32,2.47,6.44,28.52,22.08,100.84,15.67,84.91,22.01,1
6/12/1991,5.37,2.13,6.55,28.77,22.22,100.84,13.77,86.06,23.19,1
6/13/1991,0.41,1.9,7.78,31.37,23.59,100.9,19.51,79.97,23.04,1
6/14/1991,4.01,2.17,11.11,34.03,22.92,100.77,23.27,76.19,23.2,1
6/15/1991,5.63,2.49,9.37,33.35,23.98,100.62,21.78,79.94,24.37,1
6/16/1991,23.28,2.93,3.59,28.67,25.08,100.68,16.22,91.71,25.15,1
6/17/1991,20.19,3.14,5.15,29.85,24.7,100.77,13.45,88.31,24.66,1
6/18/1991,4.72,2.93,6.41,30.81,24.4,100.78,20.47,86.6,24.52,1
6/19/1991,3.87,2.78,7.11,30.96,23.85,100.68,17.71,84.29,23.73,1
6/20/1991,4.53,2.83,8.53,31.91,23.38,100.62,22.48,83.45,24.2,1
6/21/1991,5.05,3.05,7.2,31.91,24.71,100.66,20.35,86.5,25.31,1
6/22/1991,17.6,3.19,4.73,29.76,25.03,100.72,17.64,90.35,25.33,1
6/23/1991,15.53,3.55,5.53,29.55,24.02,100.79,13.14,87.32,23.82,1
6/24/1991,3.15,2.8,6.78,30.3,23.52,100.74,17.2,87.41,24.14,1
6/25/1991,0.44,3.06,7.42,31.59,24.17,100.81,21.57,84.3,23.99,1
6/26/1991,0.04,1.52,9.52,32.18,22.66,100.81,23.99,81.83,23.91,1
6/27/1991,0.18,1.18,9.49,33.27,23.78,100.76,23.75,74.65,23.33,1
6/28/1991,2.83,1.36,8.16,32.52,24.36,100.71,22.37,78.47,24.3,1
6/29/1991,2.2,1.9,4.75,29.78,25.03,100.73,22.64,85.53,24.44,1
6/30/1991,4.55,2.09,4.07,28.84,24.77,100.71,21.2,87.69,24.38,1
7/1/1991,20.05,2.59,6.8,30.6,23.8,100.61,18.2,88.57,24.85,1
7/2/1991,18.8,3.3,3.5,28.27,24.77,100.59,15.44,92.38,24.9,1
7/3/1991,5.91,2.86,4.62,28.9,24.28,100.79,17.63,90.51,24.46,1
7/4/1991,9.33,1.99,7.46,30.83,23.37,100.89,22.37,84.9,24.12,1
7/5/1991,0.96,1.29,7.1,31.02,23.92,100.85,22.31,83.23,24.38,1
7/6/1991,19.01,1.69,6.16,30.79,24.63,100.69,22.68,85.24,24.76,1
7/7/1991,19.9,1.55,5.49,29.76,24.27,100.62,17.09,86.42,24.21,1
7/8/1991,4.48,2.08,7.09,30.52,23.43,100.57,19.17,87.03,24.23,1
7/9/1991,9.44,1.4,6.77,30.73,23.96,100.5,16.37,87.07,24.57,1
7/10/1991,8.42,2.55,4.57,29.18,24.61,100.44,18.51,91.18,24.91,1
7/11/1991,7.37,4.54,3.54,28.69,25.15,100.35,12.98,91.47,24.94,1
7/12/1991,14.38,4.2,4.68,28.41,23.73,100.32,7.5,90.51,24.12,1
7/13/1991,11.33,3.13,4.97,28.64,23.67,100.39,11.86,91.08,24.12,1
7/14/1991,17.38,3.52,5.56,29.38,23.82,100.6,8.95,89.97,24.48,1
7/15/1991,2.63,2.06,5.5,29.54,24.04,100.84,19.24,90.01,24.69,1
7/16/1991,2.76,1.07,5.73,29.62,23.89,100.92,16.15,86.3,24.12,1
7/17/1991,0.16,0.97,7.45,31.4,23.95,100.78,23.38,82.84,24.39,1
7/18/1991,1.72,1.43,6.74,31.42,24.68,100.61,22.49,84.41,25.01,1
7/19/1991,4.68,2.59,4.63,29.58,24.95,100.53,20.18,90.27,25.15,1
7/20/1991,14.35,3.11,4.43,28.61,24.18,100.55,14.7,91.29,24.65,1
7/21/1991,5.05,3.13,6.64,30.71,24.07,100.46,21.66,88.03,24.67,1
7/22/1991,5.65,3,4.22,29.22,25,100.37,19.02,91.21,25.14,1
7/23/1991,11.12,3.39,3.73,28.62,24.89,100.36,17.36,92.48,25.12,1
7/24/1991,4.25,3.5,4.65,29.51,24.86,100.51,16.29,90.63,25.04,1
7/25/1991,10.42,3.3,3.73,28.85,25.12,100.61,13.74,91.74,24.96,1
7/26/1991,12.13,3.16,3.56,28.53,24.97,100.61,9.42,91.94,24.87,1
7/27/1991,4.07,3.01,4.46,29.01,24.55,100.58,17.74,90.35,24.68,1
7/28/1991,3.94,3.12,4.28,28.47,24.19,100.74,13.57,91.14,24.48,1
7/29/1991,5.55,2.36,5.89,29.45,23.56,100.81,11.79,89.17,24.19,1
7/30/1991,2.56,1.97,6.76,30.48,23.72,100.65,21.35,87.59,24.69,1
7/31/1991,6.04,1.86,6.07,30.08,24.01,100.58,14.54,89.21,24.79,1
8/1/1991,0.92,1.84,6.5,30.42,23.92,100.68,23.58,87.69,24.55,1
8/2/1991,5.77,1.59,6.4,30.02,23.62,100.85,22.25,86.91,24.38,1
8/3/1991,1.5,1.22,7.36,31.18,23.82,100.84,22.12,83.24,24.19,1
8/4/1991,11.84,1.55,4.13,28.87,24.74,100.71,19.15,88.82,24.66,1
8/5/1991,29.19,2.95,5.22,29.19,23.97,100.6,8.91,91.15,24.48,1
8/6/1991,3.17,3.09,5.18,29.03,23.85,100.6,8.7,90.28,24.31,1
8/7/1991,2.6,2.9,5.68,30.03,24.35,100.64,17.45,88.58,24.57,1
8/8/1991,2.33,2.08,7.31,30.76,23.45,100.73,22.63,87.08,24.39,1
8/9/1991,0.18,2.29,7.92,31.31,23.39,100.7,23.96,87.2,24.76,1
8/10/1991,6.85,2.54,6.42,30.41,23.99,100.65,21.1,89.07,24.95,1
8/11/1991,5.46,2.51,4.97,29.24,24.27,100.71,21.23,90.18,24.67,1
8/12/1991,4.49,2.13,6.56,29.71,23.15,100.67,17.49,87.89,23.78,1
8/13/1991,5.15,3,5.64,29.37,23.73,100.7,13.37,87.49,23.9,1
8/14/1991,7.61,2.85,6.05,29.81,23.76,100.74,17.72,88.35,24.28,1
8/15/1991,10.28,3.16,5.34,29.49,24.15,100.69,12,89.47,24.49,1
8/16/1991,1.39,2.91,5.87,29.71,23.84,100.51,8.39,89.2,24.57,1
8/17/1991,5.8,3.93,5.85,29.92,24.07,100.33,6.15,89.35,24.58,1
8/18/1991,12.91,4.02,4.42,28.86,24.44,100.4,6.54,90.47,24.73,1
8/19/1991,22.22,3.55,4.38,29.05,24.67,100.48,5.56,91.14,24.87,1
8/20/1991,11.18,3,4.45,29.58,25.13,100.56,11.74,91.13,25.28,1
8/21/1991,5.98,2.43,3.71,28.67,24.96,100.71,15.7,90.42,24.75,1
8/22/1991,11.7,2.99,4.42,28.75,24.33,100.72,13.19,92.01,24.68,1
8/23/1991,11.74,3.24,5.47,29.73,24.26,100.58,11.54,90.6,24.86,1
8/24/1991,3.23,3.13,5.46,29.48,24.02,100.44,13.37,89.72,24.43,1
8/25/1991,8.08,2.76,5.6,29.69,24.09,100.48,17.79,90.51,24.81,1
8/26/1991,5.24,2.58,5.09,29.82,24.73,100.6,18.78,91.01,25.34,1
8/27/1991,6.52,2.54,4.74,29.5,24.76,100.62,17.28,90.42,25.03,1
8/28/1991,6.85,2.85,4.47,28.45,23.98,100.49,13.1,92.48,24.53,1
8/29/1991,4.41,2.26,6.02,30.04,24.02,100.57,13.45,88.4,24.49,1
8/30/1991,7.37,2.27,6.87,30.47,23.6,100.65,16.34,89.96,24.85,1
8/31/1991,20.59,2.27,5.04,29.46,24.42,100.8,16.18,90.03,24.76,1
9/1/1991,0.04,1.71,7.21,31.22,24.01,100.88,21.7,86.6,24.83,1
9/2/1991,3.93,2.27,6.05,30.48,24.43,100.77,23.72,88.11,24.95,1
9/3/1991,11.41,2.95,4.33,29.02,24.69,100.69,15.92,91.17,24.8,1
9/4/1991,9.68,2.86,5.68,29.88,24.2,100.74,11.75,90.25,24.92,1
9/5/1991,1.95,2.63,4.53,28.92,24.39,100.93,18.19,90.91,24.64,1
9/6/1991,1.89,2.53,4.64,28.59,23.95,100.86,14.35,90.63,24.22,1
9/7/1991,10.65,3.15,5.17,28.91,23.74,100.65,14.85,91.26,24.65,1
9/8/1991,3.56,2.77,3.64,28.5,24.86,100.75,14.85,92.15,24.97,1
9/9/1991,17.41,2.57,4.22,28.94,24.72,100.82,11.69,91.26,24.81,1
9/10/1991,7.88,1.9,5.19,29.68,24.49,100.84,18.6,88.93,24.73,1
9/11/1991,12.78,2.34,5.88,30.03,24.15,100.81,16.08,90.16,24.74,1
9/12/1991,29.37,2.43,4.62,28.97,24.35,100.8,16.8,91.4,24.65,1
9/13/1991,8.22,2.34,5.09,29.15,24.06,100.79,16.75,90.64,24.63,1
9/14/1991,9.79,1.77,4.79,28.45,23.66,100.77,17.21,91.78,24.36,1
9/15/1991,6.19,1.5,6.03,29.45,23.42,100.71,15.34,89.09,24.27,1
9/16/1991,5.61,1.39,6.08,29.83,23.75,100.68,21.75,86.61,24.23,1
9/17/1991,0.21,1.36,6.13,30.2,24.07,100.61,17.04,86.9,24.49,1
9/18/1991,8.21,1.74,6.01,29.97,23.96,100.49,18.33,88.79,24.63,1
9/19/1991,12.65,1.81,5.68,29.55,23.87,100.59,17.76,88.94,24.43,1
9/20/1991,6.11,1.81,6.23,30.34,24.11,100.73,18.15,89.8,25.05,1
9/21/1991,6.71,1.98,5.2,29.19,23.99,100.82,16.25,89.89,24.37,1
9/22/1991,4.6,1.11,7.61,30.87,23.26,100.71,16.83,84.25,23.98,1
9/23/1991,19.67,2.41,5.74,29.92,24.18,100.65,17.55,89.61,24.92,1
9/24/1991,7.36,2.72,5.25,29.38,24.13,100.72,21.34,91.31,24.81,1
9/25/1991,4.22,2.52,5.56,29.58,24.02,100.73,18.4,90.82,24.7,1
9/26/1991,8.08,2.18,4.05,28.49,24.44,100.76,19.02,92.44,25,1
9/27/1991,18.53,2.2,4.08,28.17,24.09,100.82,21.43,93.19,24.76,1
9/28/1991,31.65,2.9,4.02,27.85,23.83,100.79,20.16,93.68,24.5,1
9/29/1991,12.81,2.54,4.69,28.21,23.52,100.76,17.1,92.77,24.36,1
9/30/1991,9.46,3.46,4.79,28.52,23.73,100.77,17.23,91.18,24.04,1
10/1/1991,6.65,2.21,4.57,27.85,23.28,100.83,12.83,93.01,24.09,1
10/2/1991,4.97,1.7,6.78,29.68,22.9,100.81,14.6,90.1,24.25,1
10/3/1991,3.23,1.31,5.77,29.03,23.26,100.74,15.88,89.49,24.11,1
10/4/1991,6.39,1.26,4.02,27.63,23.61,100.6,9.92,91.8,24.18,1
10/5/1991,5.5,2.27,3.82,27.96,24.14,100.58,16.83,93.59,24.64,1
10/6/1991,4.94,2.04,5.11,29.17,24.06,100.66,17.25,90.62,24.48,1
10/7/1991,6.68,2.47,6.63,30.28,23.65,100.63,17.02,89.62,24.59,1
10/8/1991,12.48,2.63,5.66,29.35,23.69,100.57,12.06,92.39,24.72,1
10/9/1991,6.26,1.74,4.88,28.52,23.64,100.59,17.25,92.3,24.55,1
10/10/1991,3.77,2.49,4.52,28.75,24.23,100.68,16.59,93.35,24.79,1
10/11/1991,15.73,0.8,6.99,30.52,23.53,100.82,15.75,85.56,23.94,1
10/12/1991,23.13,1.39,3.1,27.33,24.23,100.9,16.86,93.87,24.59,1
10/13/1991,0,1.02,7.27,30.47,23.2,100.95,21.29,85.72,23.54,0
10/14/1991,0.27,0.56,7.64,30.92,23.28,100.99,20.06,81.27,23.48,1
10/15/1991,1.43,0.92,6.61,30.37,23.76,101.01,21.45,85.53,24.11,1
10/16/1991,1.9,0.68,6.17,30.62,24.45,100.95,22.9,83.71,24.14,1
10/17/1991,7.8,1.71,5.12,29.36,24.24,100.89,20.16,87.83,24.29,1
10/18/1991,4.45,0.78,6.45,30.07,23.62,100.96,19.91,81.66,23.36,1
10/19/1991,9.79,0.96,4.37,28.8,24.43,100.91,19.8,86.2,23.91,1
10/20/1991,8.53,1.96,3.76,27.69,23.93,100.8,15.66,92.06,24.23,1
10/21/1991,3.54,0.99,5.56,28.98,23.42,100.91,16.5,87.44,23.56,1
10/22/1991,11.83,2.28,6.48,29.26,22.78,100.92,18.01,89.24,23.6,1
10/23/1991,8.98,2.24,4.56,27.43,22.87,100.87,18.47,93.74,23.84,1
10/24/1991,2.16,2.21,4.59,27.7,23.11,100.82,16.51,92.56,23.84,1
10/25/1991,3.42,2.38,6.08,29.36,23.28,100.68,18.81,88.25,23.91,1
10/26/1991,9.29,1.41,6.2,29.72,23.52,100.79,20.61,86.48,23.8,1
10/27/1991,0.22,2.01,6.37,29.79,23.42,100.88,16.49,86.53,23.56,1
10/28/1991,0,2.16,6.11,29.22,23.11,100.87,20.71,85.25,22.66,0
10/29/1991,0.28,2.13,6.94,28.63,21.69,100.9,20.43,85.35,21.78,1
10/30/1991,0.59,1.8,9.2,28.63,19.43,101.04,23.33,81.66,20.16,1
10/31/1991,0,1.83,9.6,29,19.4,101.15,22.13,81.37,20.3,0
11/1/1991,0,1.91,9.49,28.7,19.21,101.15,23.45,82.47,20.32,0
11/2/1991,0.15,1.95,9.36,29.43,20.07,101.11,23.25,85.01,21.75,1
11/3/1991,0.76,2.35,8.28,29.43,21.15,101.08,23.26,84.34,21.83,1
11/4/1991,0.38,2.24,7.7,28.79,21.09,101.07,22.09,84.2,21.52,1
11/5/1991,0,2.27,7.51,28.8,21.29,101.12,22.01,84.28,21.66,0
11/6/1991,0.08,2.17,9,29.92,20.92,101.11,21.57,85.99,22.63,1
11/7/1991,0.12,2.42,7.36,29.74,22.38,101,19.44,85.46,22.92,1
11/8/1991,0.99,2.23,5.78,28.77,22.99,100.78,13.87,89.74,23.61,1
11/9/1991,0.86,2.33,4.53,27.82,23.29,100.94,11.32,90.41,23.44,1
11/10/1991,0.11,2.33,6.51,29.3,22.79,101.13,20.43,86.44,22.92,1
11/11/1991,0.13,2.35,6.13,26.25,20.12,101.29,21.71,87.26,20.9,1
11/12/1991,0,2.88,8.39,27.74,19.35,101.26,20.78,83.95,20.31,0
11/13/1991,0,2.92,9.55,27.39,17.84,101.37,21.53,82.92,19.3,0
11/14/1991,0,3.56,8.31,26.25,17.94,101.44,20.86,80.17,18.01,0
11/15/1991,0,3.24,10.01,26.63,16.62,101.37,21.77,82.62,18.19,0
11/16/1991,0.01,3.24,10.64,28.48,17.84,101.28,21.52,84.4,20.05,1
11/17/1991,0.38,3.18,8.58,29.26,20.68,101.29,19.68,86.35,21.96,1
11/18/1991,0,2.83,8.63,28.09,19.46,101.33,20.97,83.85,20.2,0
11/19/1991,0,2.46,9.84,28.03,18.19,101.21,21.53,82.44,19.01,0
11/20/1991,0,2.59,10.61,28.65,18.04,101.14,21.77,82.56,19.88,0
11/21/1991,0.05,2.38,9.79,30.05,20.26,101.06,21.72,83.54,21.72,1
11/22/1991,0.56,2.48,8.51,30.99,22.48,101.07,18.6,82.68,22.69,1
11/23/1991,0.29,2.64,9.32,30.9,21.58,101.1,20.46,82.86,22.54,1
11/24/1991,0,2.63,9.47,30.74,21.27,101.14,21.37,81.16,21.68,0
11/25/1991,0,2.91,9.34,30.65,21.31,101.16,21.75,80.51,21.62,0
11/26/1991,0.14,3.35,9.66,30.84,21.18,101.22,20.08,80.43,21.91,1
11/27/1991,4.22,2.5,9.04,30.07,21.03,101.15,18.82,82.42,21.91,1
11/28/1991,0.02,2.29,8.94,30.46,21.52,101,20.48,80.75,21.91,1
11/29/1991,0.03,1.63,9.65,31.54,21.89,100.95,20.13,78.31,21.75,1
11/30/1991,1.13,1.04,8.85,30.83,21.98,100.93,17.67,80.46,22.12,1
12/1/1991,0.07,1.36,10.09,31.23,21.14,100.97,20.03,78.46,21.41,1
12/2/1991,0,1.6,10.69,31.1,20.41,101.13,20.72,77.54,20.47,0
12/3/1991,0,1.95,11.43,30.57,19.14,101.25,20.43,76.44,19.3,0
12/4/1991,0,2.78,11,30.1,19.1,101.29,20.71,76.21,19.38,0
12/5/1991,0,2.65,11.35,30.02,18.67,101.32,21.87,74.17,18.46,0
12/6/1991,0,2.74,11.68,30.17,18.49,101.35,20.93,73.46,18.2,0
12/7/1991,0.08,3.14,11.72,30.3,18.58,101.33,19.29,73.86,18.4,1
12/8/1991,0.28,3.33,10.14,29.91,19.77,101.32,18.61,73.76,18.97,1
12/9/1991,0,3.36,9.81,30.73,20.92,101.27,20.69,75.34,20.46,0
12/10/1991,0,2.67,9.26,30.71,21.45,101.33,18.76,79.45,21.16,0
12/11/1991,0,3.06,8.76,30.75,21.99,101.31,16.96,77.75,21.37,0
12/12/1991,0.19,3.65,7.3,29.78,22.48,101.27,17.35,77.98,21.05,1
12/13/1991,0,3.71,9.24,31.2,21.96,101.29,19.53,73.03,20.27,0
12/14/1991,0,3.34,11.9,32.1,20.2,101.23,20.3,69.85,19.2,0
12/15/1991,0.3,2.96,11.52,32.69,21.17,101.16,20.4,70.66,20.12,1
12/16/1991,0,2.76,11.75,32.79,21.04,101.08,20.63,68.64,19.64,0
12/17/1991,0,3.46,11.86,33.17,21.31,100.97,19.7,66.5,19.45,0
12/18/1991,0.07,3.64,11.62,32.91,21.29,100.91,21.71,65.66,19.14,1
12/19/1991,0.18,3.37,12.55,32.55,20,100.94,21.2,65.55,17.83,1
12/20/1991,0,3.52,12.9,32.24,19.34,101.01,19.26,64.95,17.77,0
12/21/1991,0,2.64,12.38,32.01,19.63,101,20.78,65.21,18.03,0
12/22/1991,0,2.05,13.67,33.6,19.93,101,21.06,64.76,18.5,0
12/23/1991,0,1.44,12.78,33.88,21.1,101,19.59,68.1,20.51,0
12/24/1991,0.01,1.66,11.84,34.41,22.57,101,16.89,67.19,20.84,1
12/25/1991,0.1,1.57,12.18,34.65,22.47,101,18.01,66.01,20.25,1
12/26/1991,1.13,1.43,12.02,34.46,22.44,100.85,17.05,67.72,20.52,1
12/27/1991,0,1.65,11.98,34.24,22.26,100.86,17.04,69.47,21.15,0
12/28/1991,1.37,1.62,9.87,33.21,23.34,101.01,16.34,72.47,21.95,1
12/29/1991,1.53,2.67,6.96,29,22.04,101.29,12.91,73.64,19.54,1
12/30/1991,0,2.28,9.98,30.09,20.11,101.27,15.74,68.41,18.3,0
12/31/1991,0,2.16,12.23,33.94,21.71,101.16,16.8,66.44,19.66,0
1/1/1992,0.38,2.12,12.35,34.87,22.52,101.16,19.16,65.42,20.26,1
1/2/1992,1.24,2.23,11.62,34.53,22.91,101.25,19.74,67.84,20.5,1
1/3/1992,0,1.27,13.02,35.05,22.03,101.32,21.09,64.81,19.94,0
1/4/1992,0.27,1.67,12.25,35.01,22.76,101.22,17.25,64.66,20.14,1
1/5/1992,0.18,1.62,11.32,34.02,22.7,101.12,16.99,68.07,20.86,1
1/6/1992,0.02,2.49,9.64,33.16,23.52,101.19,17.31,70.08,20.82,1
1/7/1992,0.15,1.27,13.12,34.4,21.28,101.17,18.72,67.32,20.09,1
1/8/1992,6.73,1.56,9.72,32.45,22.73,101.22,15.73,72.22,20.55,1
1/9/1992,20.41,2.04,10.51,32.05,21.54,101.34,16.36,72.97,20.21,1
1/10/1992,0,3.2,11.79,33.23,21.44,101.46,20.86,65.38,18.52,0
1/11/1992,0,3.1,12.91,33.12,20.21,101.39,22.36,62.9,17.57,0
1/12/1992,0.03,1.93,13.68,33.55,19.87,101.33,22.13,60.17,17.47,1
1/13/1992,0.16,2.39,11.51,33.21,21.7,101.37,21.64,62.83,18.36,1
1/14/1992,0,4.07,12.02,32.64,20.62,101.4,22.28,56.99,16.27,0
1/15/1992,0,3.6,13.3,31.33,18.03,101.46,22.82,56.67,14.02,0
1/16/1992,0,3.27,14.1,30.98,16.88,101.48,22.14,58.37,13.52,0
1/17/1992,0,3.08,14.94,30.97,16.03,101.52,21.77,56.77,12.69,0
1/18/1992,0,2.89,14.83,30.88,16.05,101.56,21.17,56.2,12.66,0
1/19/1992,0,2.83,14.84,31.43,16.59,101.48,21.32,55.76,12.89,0
1/20/1992,0.04,3.49,12.89,31.98,19.09,101.46,21,58.81,15.6,1
1/21/1992,0,3.4,11.59,31.33,19.74,101.55,20.1,60,16.06,0
1/22/1992,0,3.42,14.54,31.87,17.33,101.6,22.34,54.26,13.1,0
1/23/1992,0,2.43,15.9,32.67,16.77,101.45,19.62,54.16,13.1,0
1/24/1992,0,1.39,15.2,33.4,18.2,101.24,20.03,57.35,15.67,0
1/25/1992,0,1.46,14.3,34.31,20.01,101.18,20.99,57.96,17.14,0
1/26/1992,0.01,1.4,14.21,35,20.79,101.23,22.28,56.56,17.36,1
1/27/1992,0,2.17,14.1,35.67,21.57,101.23,22.09,52.54,16.12,0
1/28/1992,0,2.74,15.72,35.84,20.12,101.23,21.96,48.77,14.19,0
1/29/1992,0,2.36,16.5,36.04,19.54,101.24,22.76,42.99,11.41,0
1/30/1992,0,1.37,16.45,36.32,19.87,101.15,22.36,42.2,11.58,0
1/31/1992,0,1.23,15.53,36.22,20.69,101.03,21.1,50.78,15.99,0
2/1/1992,0.24,1.76,13.08,35.68,22.6,101.05,19.01,56.37,18.29,1
2/2/1992,1.05,1.13,12.78,35.1,22.32,101.14,20.85,57.9,18.78,1
2/3/1992,0.91,1.1,13.82,36.35,22.53,101.04,22,53.36,18.38,1
2/4/1992,0.72,1.39,11.99,36.29,24.3,101.02,21.01,54.85,19.43,1
2/5/1992,0.33,1.8,12.45,36.76,24.31,100.99,20.22,53.87,19.3,1
2/6/1992,3.38,1.85,12.13,36.2,24.07,101.03,15.92,58.53,20.13,1
2/7/1992,0.1,1.51,13.53,37.01,23.48,100.97,22.66,56.19,19.49,1
2/8/1992,0.2,2.45,13.16,36.81,23.65,100.93,21.04,56.99,19.46,1
2/9/1992,0.05,2.93,13.24,36.87,23.63,100.92,21.66,55.78,18.85,1
2/10/1992,0.07,2.89,14.24,37.24,23,100.91,22.06,54.94,18.05,1
2/11/1992,0,2.31,16.16,37.41,21.25,100.89,22.73,52.23,16.79,0
2/12/1992,0,2.58,15.28,37.97,22.69,100.9,21.03,51.78,17.22,0
2/13/1992,0.05,3.02,15.21,37.89,22.68,100.97,22.91,53.85,18.36,1
2/14/1992,0.04,3.58,14.66,38.32,23.66,100.98,20.19,51.51,17.96,1
2/15/1992,0,2.86,15.19,38.42,23.23,100.95,21.55,50.34,17.19,0
2/16/1992,0.09,2.15,14.91,38.68,23.77,100.9,20.62,53.2,18.94,1
2/17/1992,0.28,3.05,13.41,38.08,24.67,100.87,24.9,54.86,19.69,1
2/18/1992,0.19,3.1,14.47,38.6,24.13,100.82,25.12,55.36,19.5,1
2/19/1992,0.59,2.44,14.6,38.21,23.61,100.91,24.6,51.77,18.41,1
2/20/1992,0,2.1,15.06,38.64,23.58,100.88,24.49,49.71,17.95,0
2/21/1992,0.26,2.67,12.55,37.58,25.03,101.07,20.97,49.47,18.3,1
2/22/1992,1.59,0.75,9.84,34.55,24.71,101.29,20.93,56.55,19.01,1
2/23/1992,0,2.7,12.91,37.58,24.67,101.31,20.52,44.2,15.94,0
2/24/1992,0,3.85,13.71,37.19,23.48,101.29,21.7,42.04,15.01,0
2/25/1992,0.56,3.16,13.11,36.37,23.26,101.29,19.94,42.83,14.24,1
2/26/1992,0.51,1.75,15.75,36.32,20.57,101.16,23.05,42.3,12.74,1
2/27/1992,0.04,0.88,14.6,37.3,22.7,100.98,22.4,46.35,16.07,1
2/28/1992,0.01,1.99,12.1,37.17,25.07,100.97,19.59,51.75,18.73,1
2/29/1992,0,3.28,12.73,37.97,25.24,100.94,21.7,53.19,19.61,0
3/1/1992,0.01,3.01,13.46,38.83,25.37,100.92,23.36,49.86,18.48,1
3/2/1992,0,3.13,14.4,39.06,24.66,100.85,24.84,51.3,18.3,0
3/3/1992,0,3.3,16.66,39.33,22.67,100.82,25.33,50.21,16.08,0
3/4/1992,0,3.21,18.3,39.59,21.29,100.9,24.9,51.22,15.85,0
3/5/1992,0,2.26,20.35,40.22,19.87,100.98,25.48,46.73,12.9,0
3/6/1992,0,2.25,18.34,39.67,21.33,101.05,22.85,47.75,14.53,0
3/7/1992,0.01,2.93,12.66,38.33,25.67,101.14,22.89,47.72,18.06,1
3/8/1992,0,2.57,12.53,37.99,25.46,101.16,22.24,48.68,18.51,0
3/9/1992,0,2.5,12.41,38.09,25.68,101.11,21.62,47.85,18.51,0
3/10/1992,0,2.01,13.09,38.8,25.71,101.04,22.03,44.16,17.39,0
3/11/1992,0,2.76,12.3,38.77,26.47,101.09,22.13,42.58,17.24,0
3/12/1992,0,2.81,11.7,37.78,26.08,101.19,22.52,48.49,18.29,0
3/13/1992,0.02,2.76,13.88,39.19,25.31,101.1,21.87,45.58,17.1,1
3/14/1992,0.54,2.44,14.3,39,24.7,101.03,21.5,45.77,17.34,1
3/15/1992,0.17,2.45,14.46,39.05,24.59,100.95,22.83,45.13,17.04,1
3/16/1992,0,2.79,14.24,39.88,25.64,100.91,21.85,44.39,17.17,0
3/17/1992,0,3.11,13.57,40.11,26.54,100.9,21.9,45.82,18.24,0
3/18/1992,0,3.2,13.31,39.79,26.48,100.86,23.38,44.31,18.08,0
3/19/1992,0.09,3.25,12.59,38.54,25.95,100.94,21.54,48.63,19.09,1
3/20/1992,0.43,2.81,12.46,38.84,26.38,101,20.11,47.16,18.95,1
3/21/1992,0.02,3.12,14.17,40.55,26.38,100.97,22.52,45.9,18.4,1
3/22/1992,0,2.88,14.21,40.72,26.51,100.95,21.49,46.27,18.63,0
3/23/1992,0,2.67,13.19,40.35,27.16,100.87,21.59,46.38,19.3,0
3/24/1992,0.44,3.02,12.86,40.12,27.26,100.82,19.83,46.29,19.08,1
3/25/1992,0,2.64,11.68,39.47,27.79,100.74,20.77,46.93,19.63,0
3/26/1992,0,2.83,13.55,41.19,27.64,100.72,20.1,44.47,19.02,0
3/27/1992,0,3.37,13.7,41.18,27.48,100.65,21.74,44.9,19.02,0
3/28/1992,0.06,3.22,13.82,41.09,27.27,100.65,21.02,43.19,18.26,1
3/29/1992,0.27,3.55,13.45,39.64,26.19,100.7,19.62,45.6,18.44,1
3/30/1992,0,3.66,13.5,40.09,26.59,100.7,21.81,47.27,18.84,0
3/31/1992,0,2.44,13.38,40.11,26.73,100.69,21.57,46.93,19.12,0
4/1/1992,0,2.41,13.17,41.12,27.95,100.64,22.13,45.26,19.57,0
4/2/1992,0.37,3.57,12.56,40.72,28.16,100.73,23.78,44.65,19.44,1
4/3/1992,0.65,3.54,14.25,40.96,26.71,100.74,18.69,46.26,18.67,1
4/4/1992,0,3.67,15.83,41.49,25.66,100.66,21.18,47.64,18.13,0
4/5/1992,0,3.57,15.39,40.76,25.37,100.54,22.12,50.81,19.25,0
4/6/1992,0,3.19,14.36,40.73,26.37,100.5,22.94,50.06,19.23,0
4/7/1992,0,3.76,13.25,40.24,26.99,100.57,22.15,53.07,21.05,0
4/8/1992,0,3.41,12.1,39.94,27.84,100.68,18.06,51.26,20.29,0
4/9/1992,0.05,3.66,10.33,38.08,27.75,100.63,18.51,55.4,21.57,1
4/10/1992,0.35,3.23,9.86,36.88,27.02,100.65,22.83,59.66,22.13,1
4/11/1992,0,3.18,11.4,38.63,27.23,100.67,22.79,55.91,21.63,0
4/12/1992,0,3.41,13.03,40.23,27.2,100.74,23.69,52.04,21,0
4/13/1992,0.56,2.72,8.79,36.74,27.95,100.83,19.02,56.58,21.28,1
4/14/1992,6.61,2.91,7.15,33.7,26.55,100.88,19.81,67.34,22.76,1
4/15/1992,6.14,1.53,8.97,33.96,24.99,100.98,17.55,70.23,22.99,1
4/16/1992,0.33,2.31,9.98,35.51,25.53,100.93,23.33,66.09,22.79,1
4/17/1992,0.24,2.21,6.69,32.83,26.14,100.89,21.44,67.75,22.63,1
4/18/1992,3.03,1.73,6.89,32.83,25.94,100.87,21.9,72.16,23.57,1
4/19/1992,0,1.97,9.27,35.24,25.97,100.86,24.33,69.03,23.35,0
4/20/1992,0,2.2,8.72,35.4,26.68,100.86,17.43,63.5,22.42,0
4/21/1992,0,2.8,14.93,40.72,25.79,100.73,26.26,53.72,20.83,0
4/22/1992,0,3.35,12.5,39.66,27.16,100.55,23.64,53.82,21.46,0
4/23/1992,0.05,3.26,13.75,40.91,27.16,100.54,26.36,53.98,21.63,1
4/24/1992,2.46,1.94,10.03,37.89,27.86,100.75,20.95,53.72,20.95,1
4/25/1992,0.01,2.47,14.64,40.19,25.55,100.92,16.93,47.55,19.05,1
4/26/1992,0.01,2.38,14.84,40.61,25.77,100.74,18.85,45.46,17.17,1
4/27/1992,0.01,2.79,11.69,38.44,26.75,100.58,19.46,51.6,20.23,1
4/28/1992,0.78,1.85,7.6,35.09,27.49,100.62,13.44,57.39,21.69,1
4/29/1992,0,2.28,9.75,37.06,27.31,100.68,24.1,54.56,21.55,0
4/30/1992,0.06,2.01,7.21,35.26,28.05,100.77,25.4,55.75,20.87,1
5/1/1992,8.11,1.76,8.8,35.78,26.98,100.6,21.29,63.71,22.9,1
5/2/1992,16.22,2.28,6.38,33.02,26.64,100.54,18.21,78.13,25,1
5/3/1992,3.93,1.54,7.71,33.52,25.81,100.5,19.67,76.35,24.48,1
5/4/1992,7.52,1.75,7.01,33.04,26.03,100.63,21.85,76.79,24.55,1
5/5/1992,10.84,2.14,4.9,29.74,24.84,100.85,22.15,77.06,22.42,1
5/6/1992,0.71,1.79,11.04,35.3,24.26,100.66,23.75,69.94,23.18,1
5/7/1992,0.69,2.51,6.15,32.43,26.28,100.51,19.17,75.5,23.99,1
5/8/1992,1.87,2.27,8.89,33.88,24.99,100.49,21.58,75.73,23.91,1
5/9/1992,0.54,2.88,10.76,36.4,25.64,100.53,24.77,68.38,23.32,1
5/10/1992,0.64,2.54,8.02,34.25,26.23,100.62,22.9,73.36,24.1,1
5/11/1992,2.82,1.72,9.71,35.49,25.78,100.63,20.33,69.12,23.42,1
5/12/1992,0.06,2.39,8.88,34.72,25.84,100.68,24.51,67.18,22.91,1
5/13/1992,3.82,1.82,8.85,35.21,26.36,100.74,22.07,66.92,23.17,1
5/14/1992,4.43,1.85,8.89,34.74,25.85,100.82,19.03,70.58,23.42,1
5/15/1992,8.12,1.5,8.62,34.21,25.59,100.73,19.98,73.02,23.86,1
5/16/1992,1.68,2.09,7.39,33.45,26.06,100.72,17.23,75.42,23.98,1
5/17/1992,2.35,2.85,8.28,33.68,25.4,100.74,17.8,72.11,23,1
5/18/1992,0.71,1.97,12.2,37.48,25.28,100.68,24.02,65.62,22.57,1
5/19/1992,2.21,1.21,8.21,34.29,26.08,100.66,18.8,70.24,23.58,1
5/20/1992,1.42,1.74,7.25,33.4,26.15,100.69,20.54,73.1,23.65,1
5/21/1992,0.9,1.58,9.63,35.95,26.32,100.68,22.1,66.95,22.98,1
5/22/1992,4.7,1.5,6.1,32.16,26.06,100.71,15.88,77.24,24.26,1
5/23/1992,3.05,2.64,8.79,34.4,25.61,100.62,24.39,73.83,23.53,1
5/24/1992,4.04,1.76,9.02,34.45,25.43,100.56,23.96,74.36,23.71,1
5/25/1992,6.96,1.78,9.45,34.65,25.2,100.53,19.31,74.31,23.96,1
5/26/1992,2.34,2.05,9.14,34.39,25.25,100.57,23.78,73.39,23.77,1
5/27/1992,1.15,2.18,11.3,36.61,25.31,100.69,24.02,68.01,23.04,1
5/28/1992,0.26,1.8,10.89,37.07,26.18,100.8,23.51,63.82,22.41,1
5/29/1992,1.16,2.64,8.21,34.31,26.1,100.71,25.34,69.59,23.34,1
5/30/1992,1.27,2.53,12.35,37.76,25.41,100.47,24.02,66.04,23.07,1
5/31/1992,2.4,2.51,11.49,36.52,25.03,100.33,22.06,70.64,23.98,1
6/1/1992,2,2.83,9.05,35.29,26.24,100.4,22.99,72.88,24.27,1
6/2/1992,14.08,2.26,7.63,33.66,26.03,100.53,21.46,78.95,24.87,1
6/3/1992,1.44,1.87,10.27,35.92,25.65,100.53,23.5,69.79,23.38,1
6/4/1992,7.41,2.27,9.28,34.96,25.68,100.48,19.93,74.35,24.27,1
6/5/1992,0.38,1.37,8.13,33.63,25.5,100.51,22.41,73.24,23.86,1
6/6/1992,1.14,1.85,7.6,33.42,25.82,100.54,22.67,74.13,24.04,1
6/7/1992,0.59,2.16,10.65,36.1,25.45,100.47,23.47,68.47,23.11,1
6/8/1992,3.86,1.41,8.52,34.08,25.56,100.42,20.25,74.07,23.99,1
6/9/1992,17.08,2.31,5.53,31.19,25.66,100.53,18,84.01,24.76,1
6/10/1992,10.14,1.84,6.3,31.25,24.95,100.63,22.7,82.58,24.34,1
6/11/1992,4.12,2.01,6.94,31.96,25.02,100.6,20.8,81.29,24.41,1
6/12/1992,4.02,2.13,6.92,31.96,25.04,100.49,19.85,81.63,24.38,1
6/13/1992,6.36,2.52,8.07,33.12,25.05,100.5,19.09,82.13,24.67,1
6/14/1992,2.76,2.42,7.27,32.36,25.09,100.58,22.05,81.28,24.23,1
6/15/1992,2.41,1.34,9.53,33.82,24.29,100.59,17.56,75.78,23.59,1
6/16/1992,3.38,2.58,7.23,32.17,24.94,100.52,20.35,80.15,24.03,1
6/17/1992,3.44,2.38,6.91,31.78,24.87,100.5,20.06,84.29,24.45,1
6/18/1992,5.68,2,6.99,31.47,24.48,100.57,21.63,82.48,23.99,1
6/19/1992,9.68,2.14,4.49,29.54,25.05,100.68,20.57,87.63,24.32,1
6/20/1992,19.51,2.46,6.27,30.53,24.26,100.65,13.92,87.86,24.55,1
6/21/1992,3.12,1.93,7.16,31.57,24.41,100.6,21.9,83,24.28,1
6/22/1992,12.99,3.02,6.2,31,24.8,100.56,16.21,86.32,24.66,1
6/23/1992,19.28,3.17,5.12,29.64,24.52,100.54,13.27,88.93,24.57,1
6/24/1992,20.78,2.94,6.64,31.03,24.39,100.56,17.29,87.47,24.77,1
6/25/1992,24.18,3.14,4.2,28.83,24.63,100.58,13.88,89.81,24.45,1
6/26/1992,44.18,3.33,4.51,28.83,24.32,100.38,9.05,90.4,24.38,1
6/27/1992,20,3.7,5.63,29.36,23.73,100.34,13.05,86.73,23.5,1
6/28/1992,3.26,4.04,6.66,30.47,23.81,100.49,16.22,82.24,22.85,1
6/29/1992,0.39,3.17,6.43,29.91,23.48,100.62,17.08,85.06,23.37,1
6/30/1992,0.22,2.8,6.77,30.81,24.04,100.63,21.82,87.1,24.45,1
7/1/1992,5.38,2.62,7.63,31.01,23.38,100.67,22.89,86.22,24.37,1
7/2/1992,8.59,2.37,7.37,31.34,23.97,100.67,24.12,86.55,24.77,1
7/3/1992,2.17,2.46,6.77,30.67,23.9,100.72,22.93,87.5,24.73,1
7/4/1992,7.73,2.36,6.14,30.83,24.69,100.68,19.69,88.62,25.27,1
7/5/1992,2.61,2.07,5.56,30.15,24.59,100.79,19.53,89.95,25.29,1
7/6/1992,6.1,2.21,5.96,30.81,24.85,100.83,21.71,87.96,25.2,1
7/7/1992,0.88,1.48,6.15,30.23,24.08,100.75,22.4,85.71,24.71,1
7/8/1992,4.24,0.95,5.24,29.84,24.6,100.72,17.04,86.79,24.31,1
7/9/1992,6.08,1.73,5.76,29.56,23.8,100.71,16.29,88.65,24.21,1
7/10/1992,0,0.84,7.62,31.56,23.94,100.79,24.2,78.13,23.22,0
7/11/1992,1.22,0.61,7.33,31.73,24.4,100.83,23.08,75.57,23.54,1
7/12/1992,2.47,1.45,7.39,31.84,24.45,100.72,21.81,81.72,24.54,1
7/13/1992,5.56,2.24,4.63,29.26,24.63,100.57,15.86,89,24.71,1
7/14/1992,4.42,2.56,6.61,30.56,23.95,100.68,17.77,86.44,24.19,1
7/15/1992,0.97,1.39,6.78,30.63,23.85,100.78,17.06,83.13,23.5,1
7/16/1992,5.56,1.32,8.43,31.59,23.16,100.78,24.76,82.59,24.01,1
7/17/1992,5.29,1.64,6.04,30.55,24.51,100.72,19.9,86.42,24.65,1
7/18/1992,14.37,1.57,6.36,30.52,24.16,100.68,22.7,85.94,24.58,1
7/19/1992,3.79,1.7,6.4,30.55,24.15,100.66,22.19,86.71,24.71,1
7/20/1992,4,2.3,5.96,30.51,24.55,100.68,22.23,87.32,24.85,1
7/21/1992,2.28,2.32,4.13,28.91,24.78,100.78,19.11,89.24,24.51,1
7/22/1992,4.2,3.14,6.53,30.29,23.76,100.63,20.54,86.96,24.27,1
7/23/1992,8.95,3.58,4.87,29.37,24.5,100.61,11.19,87.9,24.1,1
7/24/1992,7.15,2.97,5.43,29.73,24.3,100.6,12.93,88.16,24.3,1
7/25/1992,11.65,2.72,4.2,28.76,24.56,100.67,15.31,91.32,24.61,1
7/26/1992,9.57,1.93,4.79,28.57,23.78,100.72,13.8,90.42,24.19,1
7/27/1992,9.81,1.55,7.56,30.73,23.17,100.6,13.47,86.35,24.21,1
7/28/1992,12.97,1.56,4.68,29.17,24.49,100.47,17.82,90.49,24.74,1
7/29/1992,6.47,3.05,4.92,29.26,24.34,100.49,14.52,91.56,24.87,1
7/30/1992,15.42,2.55,3.17,27.77,24.6,100.68,16.17,93.7,24.88,1
7/31/1992,3.25,1.29,4.65,28.62,23.97,100.73,18.39,89.67,24.3,1
8/1/1992,3.14,1.47,7.75,31.43,23.68,100.67,22.32,84.32,24.13,1
8/2/1992,7.53,1.1,7.11,30.81,23.7,100.65,19.41,85.86,24.35,1
8/3/1992,19.01,0.95,6.71,30.86,24.15,100.67,19.47,87.03,24.96,1
8/4/1992,2.67,1.43,3.4,28.29,24.89,100.81,20.98,88.7,24.35,1
8/5/1992,4.49,2.04,6.76,30.63,23.87,100.81,18.06,87.16,24.59,1
8/6/1992,2.91,1.54,4.8,29.12,24.32,100.92,16.4,89.21,24.55,1
8/7/1992,3.53,1.8,5.71,29.84,24.13,100.9,23.02,87.02,24.1,1
8/8/1992,6.06,2.35,5.57,29.31,23.74,100.81,22.61,89.7,24.52,1
8/9/1992,7.48,1.96,4.54,28.9,24.36,100.64,19.97,91.14,24.61,1
8/10/1992,28.42,2.28,3.67,28.22,24.55,100.54,14.49,91.42,24.44,1
8/11/1992,17.87,2.55,4.7,28.67,23.97,100.65,16.7,91.02,24.48,1
8/12/1992,8.78,2.49,5.82,29.85,24.03,100.71,14.33,89.27,24.55,1
8/13/1992,11.11,2.78,5.73,29.57,23.84,100.64,17.05,89.74,24.5,1
8/14/1992,22.23,2.73,4.86,29.13,24.27,100.65,10.85,89.77,24.39,1
8/15/1992,11.43,3.06,4.3,28.72,24.42,100.67,13.09,90.61,24.47,1
8/16/1992,15.01,3.18,4.69,28.99,24.3,100.56,12.5,91.38,24.7,1
8/17/1992,19.54,3.35,5.18,28.98,23.8,100.56,12.18,90.13,24.19,1
8/18/1992,7.65,2.9,5.7,29.42,23.72,100.6,15.47,89.97,24.32,1
8/19/1992,8.31,2.51,4.37,28.51,24.14,100.62,15.69,91.68,24.4,1
8/20/1992,12.47,3.14,4.68,28.96,24.28,100.52,17.3,91.44,24.65,1
8/21/1992,44.92,3.22,3.18,27.82,24.64,100.5,14.35,93.54,24.89,1
8/22/1992,23.93,3.07,3.64,28,24.36,100.46,15.45,93.06,24.79,1
8/23/1992,6.4,2.74,5.57,29.6,24.03,100.52,16.22,90.41,24.69,1
8/24/1992,13.44,1.98,5.66,29.64,23.98,100.57,16.86,90.35,24.91,1
8/25/1992,10.49,2.02,5.62,29.83,24.21,100.53,15.48,89.92,25,1
8/26/1992,7.44,2.07,4.98,29.37,24.39,100.4,15.63,90.66,24.95,1
8/27/1992,6.7,2.27,5.37,29.77,24.4,100.33,18.21,89.76,24.88,1
8/28/1992,2.97,2.45,5.42,29.6,24.18,100.28,11.99,90.93,25.07,1
8/29/1992,8.33,2.82,4.46,29.06,24.6,100.26,15.46,91.77,24.96,1
8/30/1992,9.76,2.62,4.61,28.85,24.24,100.3,13.05,92.04,24.87,1
8/31/1992,5.75,3.04,4.69,28.76,24.07,100.37,16.8,91.89,24.73,1
9/1/1992,4.62,2.48,4.44,29.04,24.6,100.48,17.31,91.47,24.97,1
9/2/1992,7.92,2.3,5.13,29.39,24.26,100.64,16.42,91.74,25.03,1
9/3/1992,1.93,2.94,5.08,29.22,24.14,100.57,18.51,91.03,24.67,1
9/4/1992,1.33,2.68,4.31,28.49,24.18,100.55,16.81,91.84,24.53,1
9/5/1992,3.65,2.81,4.06,27.67,23.61,100.59,16.81,92.47,24.01,1
9/6/1992,3.01,2.48,6.18,29.96,23.78,100.59,19.07,89.97,24.58,1
9/7/1992,0.71,2.24,5.49,29.4,23.91,100.57,17.2,90.89,24.74,1
9/8/1992,0.37,2.44,5.27,29.46,24.19,100.58,16.85,89.96,24.59,1
9/9/1992,0.98,2.37,5.95,29.89,23.94,100.66,20.83,89.34,24.66,1
9/10/1992,1.53,1.47,5.45,29.32,23.87,100.78,21.29,87.91,24.36,1
9/11/1992,0.36,1.79,5.79,29.81,24.02,100.68,20.48,88.72,24.51,1
9/12/1992,3.52,1.97,6.09,29.33,23.24,100.6,16.96,89.53,24.27,1
9/13/1992,2.29,1.59,6.84,30.28,23.44,100.67,15.58,85.34,23.87,1
9/14/1992,4.86,2.6,6.62,30.32,23.7,100.76,19.9,87.82,24.42,1
9/15/1992,3.84,2.07,7.47,30.93,23.46,100.83,23.35,87.46,24.59,1
9/16/1992,8.37,1.45,7.1,30.51,23.41,100.9,22.31,86.35,24.22,1
9/17/1992,15.7,2.47,6.33,30.25,23.92,100.78,17.49,87.68,24.18,1
9/18/1992,4.91,2.07,5.74,28.91,23.17,100.72,17.58,88.86,23.76,1
9/19/1992,12.5,1.82,6.56,29.72,23.16,100.64,19.21,87.53,24.05,1
9/20/1992,39.76,2.54,4.98,28.73,23.75,100.61,18.18,92.37,24.68,1
9/21/1992,6.59,2.47,5.09,28.72,23.63,100.6,18.44,91.52,24.51,1
9/22/1992,14.5,1.89,4.89,28.85,23.96,100.58,14.22,91.98,24.68,1
9/23/1992,18.46,2.03,6.18,30.13,23.95,100.55,16.1,89.11,24.64,1
9/24/1992,3.89,1.7,6.19,30.19,24,100.58,18,87.67,24.53,1
9/25/1992,0.66,1.36,4.05,28.41,24.36,100.58,21.7,90.56,24.53,1
9/26/1992,2.4,1.19,5.86,29.72,23.86,100.76,16.78,88.71,24.57,1
9/27/1992,11.87,1.17,6.24,30.07,23.83,100.8,22.34,87.92,24.76,1
9/28/1992,29.79,0.88,3.97,28.71,24.74,100.82,18.26,89.65,24.78,1
9/29/1992,16.94,1.29,6.47,30.79,24.32,100.78,21.37,84.06,24.12,1
9/30/1992,5.55,1.03,6.03,30.13,24.1,100.83,18.44,87.14,24.36,1
10/1/1992,0.79,0.81,7.43,31.17,23.74,100.85,19.25,83.05,24.04,1
10/2/1992,3.8,0.96,4.78,29.03,24.25,100.9,20.68,86.63,24.02,1
10/3/1992,12.89,1.63,4,28.02,24.02,100.8,21.43,91.58,24.19,1
10/4/1992,11.5,1.12,7,30.64,23.64,100.74,18.24,84.9,24.03,1
10/5/1992,4.12,1.11,6.09,30.31,24.22,100.77,20.73,83.1,23.86,1
10/6/1992,25.21,1.43,6.83,30.19,23.36,100.76,19.55,84.96,23.99,1
10/7/1992,9.33,1.88,7.11,30.56,23.45,100.66,20.19,88.94,24.89,1
10/8/1992,21.65,2.19,5.75,30.6,24.85,100.65,18.56,89.66,25.52,1
10/9/1992,11.63,1.16,5.38,29.78,24.4,100.76,16.28,90.8,24.97,1
10/10/1992,7.94,0.91,3.54,28.12,24.58,100.76,18.63,89.12,24.45,1
10/11/1992,25.06,1.48,4.58,28.36,23.78,100.75,16.77,89.27,24.18,1
10/12/1992,5.21,1.89,5.19,29.25,24.06,100.68,19.01,90.8,24.71,1
10/13/1992,4.59,1.66,6.26,29.87,23.61,100.82,18.98,84.82,24,1
10/14/1992,13.64,1.6,5.95,29.56,23.61,100.88,16.5,87.07,23.83,1
10/15/1992,4.69,1.4,7.98,30.77,22.79,100.84,19.14,86.7,24.14,1
10/16/1992,11.76,1.44,5.38,29.44,24.06,100.82,13.86,86.64,23.93,1
10/17/1992,5.24,0.91,7.32,30.49,23.17,100.87,18.72,85.85,24,1
10/18/1992,13.37,1.78,4.96,28.53,23.57,100.98,17.79,90.62,23.84,1
10/19/1992,0.93,2.39,7.55,30.07,22.52,100.99,18.38,86.21,23.15,1
10/20/1992,0.01,2.65,7.43,29.68,22.25,100.88,21.43,86.69,23.13,1
10/21/1992,0.01,2.89,6.94,30.33,23.39,100.8,21.35,85.48,23.37,1
10/22/1992,0.03,3.11,7.38,30.2,22.82,100.78,21.2,85.47,23.03,1
10/23/1992,0.52,3.33,4.81,27.02,22.21,100.79,15.06,88.32,22.24,1
10/24/1992,9.47,4.83,4.93,27.16,22.23,100.6,10.05,90.54,22.67,1
10/25/1992,3.47,4.33,3.7,26.23,22.53,100.69,9.79,93.47,23.1,1
10/26/1992,4.86,3.54,5.71,28.76,23.05,100.9,10.82,89.94,23.81,1
10/27/1992,0.66,2.8,7.98,28.35,20.37,100.95,18.22,86.44,21.74,1
10/28/1992,2.59,1.69,6.92,28.7,21.78,100.76,17.27,87.13,22.42,1
10/29/1992,18.81,1.57,6.92,29.09,22.17,100.71,11.87,90.74,23.85,1
10/30/1992,12.13,2.33,4.67,28.3,23.63,100.8,6.23,91.9,24.15,1
10/31/1992,3.37,1.83,6.62,29.17,22.55,100.95,16.61,84.89,22.99,1
11/1/1992,2.61,1.59,6.37,29.85,23.48,101.03,20.87,88.06,23.73,1
11/2/1992,2.27,2.6,8.05,30.24,22.19,101.01,22.26,86.71,23.42,1
11/3/1992,1.83,2.96,7.72,30.26,22.54,100.95,20.56,87.02,23.62,1
11/4/1992,0.86,3.31,7.39,29.28,21.89,100.88,23.09,86.57,22.84,1
11/5/1992,0.21,3.1,8.45,29.85,21.4,100.9,23.12,84.88,22.5,1
11/6/1992,0.67,2.59,7.08,29.36,22.28,100.91,18.42,86.76,23.05,1
11/7/1992,4.39,1.96,7.48,30.32,22.84,100.89,16.35,86.58,23.73,1
11/8/1992,4.01,1.51,6.74,29.94,23.2,100.97,19.19,87.13,23.55,1
11/9/1992,0.8,3.52,8.18,28.52,20.34,101.26,18.73,84.88,21.39,1
11/10/1992,0,4.51,7.06,26.26,19.2,101.39,21.71,83.36,19.21,0
11/11/1992,0.09,4.1,9.5,27.57,18.07,101.28,21.82,85.13,19.82,1
11/12/1992,0.36,3.15,8.28,28.75,20.47,101.18,21.5,86.88,21.73,1
11/13/1992,0.06,3.6,7.27,27.77,20.5,101.05,17.5,85.71,21.09,1
11/14/1992,0.99,3.8,8,27.45,19.45,100.88,17.21,88.25,21.36,1
11/15/1992,0.86,2.37,5.61,27.59,21.98,100.99,8.75,88.64,22.38,1
11/16/1992,0.9,3.2,8.46,29.48,21.02,100.95,21.65,85.93,22.17,1
11/17/1992,2.6,2.67,9.03,29.45,20.42,100.95,20.9,85.88,22.1,1
11/18/1992,1.21,1.73,7.09,29.88,22.79,100.96,21.36,84.83,23.05,1
11/19/1992,0.41,1.91,6.58,29.94,23.36,100.96,20.94,85.22,23.44,1
11/20/1992,7,2.3,7.05,30.09,23.04,101,17.64,85.38,23.05,1
11/21/1992,0.36,2.57,7.95,29.08,21.13,101.02,20.5,83.37,21.56,1
11/22/1992,0.01,2.46,9.11,29.56,20.45,101.22,20.97,82.99,21.26,1
11/23/1992,0,2.42,9.42,29.26,19.84,101.33,18.08,82.53,20.64,0
11/24/1992,0,2.36,9.35,29.63,20.28,101.3,21.55,83.06,21.35,0
11/25/1992,0,2.93,9.64,29.04,19.4,101.18,21.5,80.67,20.21,0
11/26/1992,0,3.54,8.03,28.03,20,101.13,20.93,79.19,19.5,0
11/27/1992,0.01,3.08,10.62,28.98,18.36,101.23,21.45,82.47,20.05,1
11/28/1992,0,3.37,7.88,28.43,20.55,101.37,17.75,82.91,20.55,0
11/29/1992,0,3.07,9.29,28.13,18.84,101.45,21.25,79.15,18.45,0
11/30/1992,0,3.11,10.77,27.51,16.74,101.4,21.42,76.6,16.71,0
12/1/1992,0,3.16,11.69,27.71,16.02,101.39,21.23,76.73,16.62,0
12/2/1992,0,3.48,10.54,28.5,17.96,101.35,21.45,76.87,17.93,0
12/3/1992,0,3.18,11.46,30.21,18.75,101.29,20.83,78.4,19.88,0
12/4/1992,0,3.34,9.17,30.54,21.37,101.23,18.94,81.12,21.6,0
12/5/1992,0,3.28,9.96,30.85,20.89,101.17,17.1,78.87,21.24,0
12/6/1992,0.03,2.81,7.66,29.06,21.4,101.1,17.94,80.89,21.18,1
12/7/1992,0.7,2.41,10.19,31.46,21.27,101,21.26,77.13,21.45,1
12/8/1992,1.7,2.02,7.84,29.47,21.63,101.05,17.32,81.8,21.62,1
12/9/1992,0.93,1.84,8.76,30.62,21.86,101.07,17.26,81.32,22.22,1
12/10/1992,0,2.08,10.26,32.29,22.03,101.04,19.36,78,22.2,0
12/11/1992,0.55,1.66,9.4,32.22,22.82,101.06,18.85,77.62,22.24,1
12/12/1992,0.34,1.11,10.73,32.26,21.53,101.1,19.42,74.47,20.71,1
12/13/1992,0.03,1.01,11.46,32.57,21.11,101.08,20.9,72.81,20.39,1
12/14/1992,1.56,1.33,11.62,32.52,20.9,101.08,20.79,74.97,20.57,1
12/15/1992,0.27,2.72,11.58,31.65,20.07,101.22,18.05,71.61,18.71,1
12/16/1992,0,3.08,12.15,31.14,18.99,101.28,18.99,70.37,18.47,0
12/17/1992,0,2.69,12.11,30.75,18.64,101.31,21.53,68.13,17.06,0
12/18/1992,0,2.67,12.73,30.49,17.76,101.32,21.65,67.41,16.48,0
12/19/1992,0,2.3,12.82,32.18,19.36,101.17,21.7,71.89,19.53,0
12/20/1992,1.1,1.9,12.19,33.48,21.29,101.11,19.08,71.24,20.87,1
12/21/1992,4.34,2.14,10.08,32.63,22.55,101.13,19.11,75.32,21.78,1
12/22/1992,0.09,2.39,9.2,31.58,22.38,101.15,14.96,75.19,21.16,1
12/23/1992,0.04,2.87,10.42,32.27,21.85,101.13,11.94,71.46,19.68,1
12/24/1992,0.11,2.62,10.17,30.9,20.73,101.03,14.91,72.51,19.69,1
12/25/1992,0.01,1.81,10.09,32.42,22.33,101.12,13.1,72.5,20.88,1
12/26/1992,0.01,2.22,11.89,32.74,20.85,101.13,17.31,70.32,20.48,1
12/27/1992,0.02,1.43,11.54,34.16,22.62,101.05,15.41,70.71,21.54,1
12/28/1992,1.96,1.2,10.44,34.18,23.74,101.07,19.86,70.7,21.92,1
12/29/1992,0.93,1.19,10.23,33.3,23.07,101.22,17.88,72.82,22.14,1
12/30/1992,1.23,1.41,11.35,34.86,23.51,101.24,18.31,67.87,20.93,1
12/31/1992,2.3,1.68,11.66,33.96,22.3,101.39,19.12,69.32,20.2,1
1/1/1993,0,2.01,12.97,33.63,20.66,101.37,21.2,66.38,18.97,0
1/2/1993,0,2.05,13.13,33.71,20.58,101.34,20.83,63.62,18.21,0
1/3/1993,0,1.73,13.78,33.95,20.17,101.29,21.45,64.24,18.34,0
1/4/1993,0,1.07,14.04,34.41,20.37,101.24,19.81,64.4,18.96,0
1/5/1993,0,1.61,12.96,34.64,21.68,101.25,19.98,63.33,18.82,0
1/6/1993,0,1.37,13.33,34.5,21.17,101.15,20.29,63.23,18.99,0
1/7/1993,0,1.75,12.04,33.74,21.7,101.16,19.28,60.89,17.73,0
1/8/1993,0,2.6,13.69,34.04,20.35,101.28,19.95,60.84,17.64,0
1/9/1993,0,1.5,14.67,34.87,20.2,101.23,21.44,59.72,18.06,0
1/10/1993,0,1.93,13.99,35.42,21.43,101.02,21.42,57.96,17.98,0
1/11/1993,0.33,1.51,13.58,35.55,21.97,100.88,21.17,61.85,19.3,1
1/12/1993,0.08,1.75,13.77,34.8,21.03,100.88,18.71,60.5,17.39,1
1/13/1993,0,0.96,14.6,35.12,20.52,100.84,21.64,60.29,17.97,0
1/14/1993,0.17,1.33,12.01,35.73,23.72,100.73,21.38,62.03,20.43,1
1/15/1993,0.57,1.5,12.86,36.82,23.96,100.78,19.45,62.45,20.95,1
1/16/1993,12.13,3.05,5.58,27.48,21.9,101.08,13.98,77.15,20.11,1
1/17/1993,0.23,3.31,13.27,33.38,20.11,101.09,21.33,60.59,17.13,1
1/18/1993,0.46,2.99,13.72,33.68,19.96,101.06,20.28,60.98,17.31,1
1/19/1993,0,2.92,14.12,34.07,19.95,100.98,21.78,57.87,16.34,0
1/20/1993,0,2.82,14.59,34.34,19.75,101,21.16,56.31,15.74,0
1/21/1993,0,2.69,15.62,34.72,19.1,101.05,20.61,55.49,15.41,0
1/22/1993,0.12,2.51,14.1,33.96,19.86,101.19,21.55,57.53,16.33,1
1/23/1993,0,1.28,13.53,34.65,21.12,101.14,14.52,59.54,18.26,0
1/24/1993,4.08,1.91,5.14,27.64,22.5,101.17,14.4,76.5,20.28,1
1/25/1993,16.34,1.58,6.94,28.88,21.94,101.28,16.42,81.9,20.68,1
1/26/1993,8.4,1.34,9.33,29.42,20.09,101.36,14.96,77.39,19.51,1
1/27/1993,1.17,3,6.18,26.48,20.3,101.47,5.5,73.37,17.23,1
1/28/1993,0.43,3.2,10.49,28.14,17.65,101.48,13.41,64.28,14.2,1
1/29/1993,0,3.82,12.61,29.41,16.8,101.47,23.3,56.74,12.62,0
1/30/1993,0,3.49,14.31,29.28,14.97,101.49,22.87,54.77,10.86,0
1/31/1993,0,2.88,12.71,29.11,16.4,101.45,21.93,60.94,14.31,0
2/1/1993,0.54,3.41,11.57,30.32,18.75,101.52,14.9,61.63,15.29,1
2/2/1993,0.01,3.56,13.42,31.36,17.94,101.5,20.92,54.5,13.86,1
2/3/1993,0,3.61,13.69,32.89,19.2,101.47,23.29,56.45,15.78,0
2/4/1993,0,3.29,13.84,33.51,19.67,101.47,22.77,55.02,15.55,0
2/5/1993,0,2.66,14.65,33.41,18.76,101.37,22.23,56.08,15.26,0
2/6/1993,0,1.23,14.59,33.72,19.13,101.24,21.23,57.32,16.11,0
2/7/1993,0,1.06,14.16,34.33,20.17,101.12,21.29,59.63,18.32,0
2/8/1993,0,1.93,11.16,33.71,22.55,101.12,18.48,62.97,19.69,0
2/9/1993,0,1.79,12.03,34.82,22.79,101.17,20.92,59.11,18.79,0
2/10/1993,0,2.19,13.55,35.81,22.26,101.2,21.22,50.1,15.49,0
2/11/1993,0,2.21,14.7,35.83,21.13,101.17,22.64,46.18,13.36,0
2/12/1993,0,2.29,15.18,35.65,20.47,101.17,21.24,48.01,13.88,0
2/13/1993,0,1.4,14.75,35.48,20.73,101.16,21.53,48.98,14.23,0
2/14/1993,0,1.57,14.63,34.75,20.12,101.07,21.18,54,16.25,0
2/15/1993,0.02,2.27,13.84,35.59,21.75,100.95,19.41,54.4,17.09,1
2/16/1993,0,2.25,13.53,35.42,21.89,100.81,22.13,55.57,17.59,0
2/17/1993,0,3.23,13.99,37.18,23.19,100.87,23.33,50.31,16.81,0
2/18/1993,0,2.6,15.14,36.65,21.51,101,23.27,52.79,16.97,0
2/19/1993,0,2.38,14.95,36.95,22,101.02,24.16,50.14,16.74,0
2/20/1993,0,2.07,14.8,37.25,22.45,100.96,23.33,49.95,16.64,0
2/21/1993,0,1.42,15.53,38.24,22.71,100.9,23.03,48.76,16.39,0
2/22/1993,0,2.45,14.97,38.67,23.7,100.9,23.27,49.62,17.64,0
2/23/1993,0.11,3.03,13.88,37.72,23.84,101.05,21.89,47.9,16.9,1
2/24/1993,0,2.22,14.64,37.61,22.97,101.2,22.25,47.44,14.99,0
2/25/1993,0,1.44,15.87,38.25,22.38,101.17,23.72,43,14.65,0
2/26/1993,0.1,1.96,14.74,38.53,23.79,101.02,22.44,45.38,16.23,1
2/27/1993,5.55,1.97,13.44,37.54,24.1,101,22.4,57.04,19.98,1
2/28/1993,0.17,2.45,13.32,38.07,24.75,101.02,20.67,53.22,19.34,1
3/1/1993,1.05,2.36,13.95,38.22,24.27,101.13,21.81,51.71,18.63,1
3/2/1993,0,2.89,13.3,37.37,24.07,101.21,23.36,44.91,16.29,0
3/3/1993,0,2.53,14.37,37.69,23.32,101.18,23.91,42.96,14.72,0
3/4/1993,0,2.02,15.81,37.93,22.12,101.05,22.54,40.22,12.67,0
3/5/1993,0,1.71,15.9,38.19,22.29,100.94,23.1,46.79,15.66,0
3/6/1993,0.1,2.05,16.26,39.24,22.98,100.97,21.9,45.47,15.96,1
3/7/1993,7.6,2.32,14.86,39.2,24.34,100.94,19.12,54.6,19.13,1
3/8/1993,0.12,1.46,13.32,36.86,23.54,101,21.08,57.29,19.62,1
3/9/1993,0.09,1.94,13.44,38.38,24.94,100.98,22.62,47.6,17.15,1
3/10/1993,0.1,1.16,14.36,37.71,23.35,100.99,20.61,47.8,17.43,1
3/11/1993,1.21,2.16,13.16,38.71,25.55,100.92,22.09,48.89,18.49,1
3/12/1993,5.62,1.54,11.2,36.65,25.45,100.92,21.84,57.84,20.34,1
3/13/1993,0.59,2.04,12.51,36.45,23.94,100.88,17.14,57.9,19.82,1
3/14/1993,0.88,2.8,12.91,37.47,24.56,100.78,20.92,53.22,18.51,1
3/15/1993,8.8,2.22,9.36,34.35,24.99,100.77,18.84,65.17,21.48,1
3/16/1993,0.74,2.75,8.8,33.58,24.78,100.72,17.09,71.86,22.53,1
3/17/1993,0.34,2.98,9.65,34.3,24.65,100.68,16.72,69.79,22.45,1
3/18/1993,1.16,2.77,7.37,32.37,25,100.81,16.65,74.21,22.9,1
3/19/1993,7.54,2.16,7.66,32.2,24.54,100.97,14.42,77.71,23.36,1
3/20/1993,17.56,1.51,5.41,30.06,24.65,101.09,10.4,85.18,24.08,1
3/21/1993,3.01,1.08,7.01,31.36,24.35,101.21,20.71,77.56,22.53,1
3/22/1993,4.35,0.88,7.81,31.95,24.14,101.33,22.18,71.08,20.92,1
3/23/1993,0.18,1.33,12.65,35.47,22.82,101.22,19.95,65.92,21.12,1
3/24/1993,0.35,1.79,14.12,36.03,21.91,101.08,20.18,60.19,19.57,1
3/25/1993,0,1.86,13.54,36.9,23.36,100.98,21.97,61.16,20.6,0
3/26/1993,0,1.71,13.09,37.11,24.02,100.91,18.52,58.85,20.61,0
3/27/1993,0,1.82,14.52,38.43,23.91,100.74,21.64,59.03,20.66,0
3/28/1993,0,1.64,15.1,38.92,23.82,100.68,23.44,55.08,19.83,0
3/29/1993,0.02,2.51,13.48,38.56,25.08,100.68,22.72,59.07,21.41,1
3/30/1993,0.95,2.31,9.66,35.74,26.08,100.83,20.87,63.38,21.51,1
3/31/1993,0,2.13,13.25,38.47,25.22,100.77,22.03,56.95,20.95,0
4/1/1993,0,2.33,13.37,38.87,25.5,100.73,23.3,56.36,20.98,0
4/2/1993,0,2.31,13.09,38.89,25.8,100.72,22.03,55.67,21.05,0
4/3/1993,0,1.88,12.14,38.54,26.4,100.72,21.69,55.49,21.05,0
4/4/1993,0,2.63,12.26,38.51,26.25,100.67,22.94,52.98,20.48,0
4/5/1993,0,2.29,11.63,38.79,27.16,100.75,23.61,53.62,21.29,0
4/6/1993,0.05,2.58,11.18,38.56,27.38,100.82,23.02,52.67,21.16,1
4/7/1993,1.36,2.63,12.83,40.16,27.33,100.78,21.78,46.08,19.12,1
4/8/1993,6.07,2.52,12.09,38.06,25.97,100.89,17.04,54.58,19.85,1
4/9/1993,0.27,1.81,14.03,39.04,25.01,101.04,21.1,54.54,19.68,1
4/10/1993,0.7,1.76,11.82,38.33,26.51,101.01,22.42,52.14,19.59,1
4/11/1993,0.28,2.37,8,34.73,26.73,100.96,22.87,58.67,20.7,1
4/12/1993,4.56,2.04,10.37,35.49,25.12,100.96,17.06,62.58,21.06,1
4/13/1993,14.45,1.8,8.53,33.28,24.75,101.19,12.65,68.61,21.73,1
4/14/1993,0.02,1.35,12.56,37.1,24.54,101.17,22.74,60,21.02,1
4/15/1993,0.09,1.17,10.67,36.82,26.15,101.04,22.75,58.51,21.44,1
4/16/1993,0.62,2.03,7.59,34.02,26.43,100.9,18.93,65.72,22.46,1
4/17/1993,0.96,2.35,6.35,32.45,26.1,100.83,18.95,71.42,23.02,1
4/18/1993,15.15,2.25,11.05,35.5,24.45,100.73,26.64,69.09,22.84,1
4/19/1993,0.02,2.56,11.43,36.45,25.02,100.79,24.94,65.78,22.54,1
4/20/1993,1.79,1.51,6.08,32.19,26.11,100.85,20.45,72.9,23.61,1
4/21/1993,0.62,1.64,9.76,35.1,25.34,100.82,24.2,66.67,22.67,1
4/22/1993,0.02,2.11,4.04,29.69,25.65,100.93,14.6,72.05,21.98,1
4/23/1993,0,1.7,13.43,37.98,24.55,100.81,23.76,59.01,20.92,0
4/24/1993,0,1.66,10.86,36.14,25.28,100.82,23.55,62.95,22.04,0
4/25/1993,0,2.35,12.16,37.38,25.22,100.72,24.92,62.2,22.28,0
4/26/1993,0.12,2.28,10.89,35.97,25.08,100.71,23.11,59.28,21.08,1
4/27/1993,0,2.22,14.3,38.4,24.1,100.62,24.97,55.16,19.75,0
4/28/1993,0,2.78,14.08,39.43,25.35,100.56,26.16,54.31,20.71,0
4/29/1993,0,2.94,15.04,40.3,25.26,100.5,22.44,51.43,19.77,0
4/30/1993,0,3.34,15.41,40.46,25.05,100.51,24.65,49.97,18.57,0
5/1/1993,0,3.31,16.35,41,24.65,100.5,21.15,50.95,19.09,0
5/2/1993,0,3.13,13.65,40.51,26.86,100.6,24.84,51.4,20.54,0
5/3/1993,0,2.74,14.96,41.27,26.31,100.63,26.2,47.73,19.46,0
5/4/1993,0,2.34,9.43,37.16,27.73,100.69,25.32,51.26,20.61,0
5/5/1993,0.13,2.47,10.72,38.95,28.23,100.69,24.26,50.85,21,1
5/6/1993,1.64,2.32,8.35,36.08,27.73,100.72,22.19,57.94,21.96,1
5/7/1993,0.03,1.58,10.73,38.6,27.87,100.64,23.62,53.39,21.6,1
5/8/1993,0.35,1.75,11.31,39.12,27.81,100.62,25.58,50.57,21.13,1
5/9/1993,0.01,2.73,8.65,37.44,28.79,100.63,25.09,52.79,21.53,1
5/10/1993,0.27,1.74,6.69,34.69,28,100.78,25.44,59.62,21.92,1
5/11/1993,0.73,1.98,5.85,33.3,27.45,100.84,22.85,64.45,22.33,1
5/12/1993,3.02,1.28,9.09,35.67,26.58,100.88,19.54,62.39,22.31,1
5/13/1993,0.17,1.39,9.71,36.47,26.76,100.82,23.61,59.71,22,1
5/14/1993,4.16,1.89,5.97,32.97,27,100.85,21.15,70.88,23.22,1
5/15/1993,9.02,1.22,8.41,34.32,25.91,100.83,11.17,71.25,23.15,1
5/16/1993,6.14,1.66,8.15,33.81,25.66,100.68,20.9,74.21,23.37,1
5/17/1993,2.98,0.78,6.95,31.8,24.85,100.66,21.59,77.91,23.49,1
5/18/1993,6.02,1.89,5.67,31.01,25.34,100.73,20.04,82.77,24.18,1
5/19/1993,5.7,1.71,9.51,33.97,24.46,100.8,18.91,76.55,23.54,1
5/20/1993,1,1.69,6.26,31.85,25.59,100.82,19.64,79.89,24,1
5/21/1993,0.39,1.49,8.94,34.03,25.09,100.77,20.61,71.99,23.42,1
5/22/1993,2.27,1.07,9.83,35.65,25.82,100.73,18.95,70.17,23.35,1
5/23/1993,1.79,1.47,5.25,31.34,26.09,100.68,16.45,81.6,24.43,1
5/24/1993,1.86,1.77,7.61,32.64,25.03,100.51,21.37,77.84,24.02,1
5/25/1993,3.39,2.16,8.42,33.63,25.21,100.54,18.05,76.54,23.95,1
5/26/1993,0.71,2.46,10.19,35.3,25.11,100.69,22.5,72.86,23.96,1
5/27/1993,1.22,2.52,8.19,34.52,26.33,100.67,22.62,71.98,23.81,1
5/28/1993,2.61,0.96,12.15,37.38,25.23,100.64,17.69,66.42,23.24,1
5/29/1993,5.07,1.94,7.99,34.55,26.56,100.61,19.61,72.61,24.24,1
5/30/1993,5.02,2.4,9.02,34.76,25.74,100.6,24.68,74.19,23.97,1
5/31/1993,0.13,2.12,13.19,37.9,24.71,100.62,23.72,65.21,22.77,1
6/1/1993,0.94,2.1,10.38,36.51,26.13,100.62,25.46,67.35,23.57,1
6/2/1993,1.97,2.11,12.02,38,25.98,100.49,24.28,65.34,23.35,1
6/3/1993,7.53,1.75,8.63,34.94,26.31,100.5,25.67,72.91,24.4,1
6/4/1993,0.83,2.14,9.43,35.44,26.01,100.55,23.42,69.88,23.55,1
6/5/1993,1.86,1.24,7.98,34.32,26.34,100.51,22.85,70.6,23.66,1
6/6/1993,11.8,1.75,9.26,34.98,25.72,100.48,21.07,75.27,24.04,1
6/7/1993,3.99,2.4,5.82,31.72,25.9,100.59,20.67,82.56,24.63,1
6/8/1993,0.74,2.34,8.5,33.62,25.12,100.61,21.65,75.48,23.79,1
6/9/1993,1.1,2.56,7.05,32.6,25.55,100.75,18.74,77.76,24.12,1
6/10/1993,1.59,2.59,8.42,33.86,25.44,100.82,17.51,73.68,23.41,1
6/11/1993,12.24,2.59,10.02,35.08,25.06,100.74,17.24,74.95,23.49,1
6/12/1993,11.25,2.77,6.45,31.57,25.12,100.74,19.06,81,23.91,1
6/13/1993,1.73,2.54,8.29,33.22,24.93,100.77,21.91,77.35,23.72,1
6/14/1993,8.36,1.58,8.38,33.59,25.21,100.83,25.41,75.96,23.96,1
6/15/1993,1.07,1.26,7.85,33.29,25.44,100.87,24.6,75.07,23.66,1
6/16/1993,3,1.43,6.93,31.94,25.01,100.87,20.84,73.64,22.62,1
6/17/1993,10.86,2.01,10.33,34.94,24.61,100.78,24.37,76.15,23.67,1
6/18/1993,6.77,2.25,7.98,32.69,24.71,100.75,22.66,80.16,24.04,1
6/19/1993,7.44,1.48,7.07,32.14,25.07,100.68,16.39,81.3,24.41,1
6/20/1993,5.23,1.73,7.85,32.5,24.65,100.63,18.94,83.28,24.65,1
6/21/1993,25.33,2.07,7.16,31.89,24.73,100.65,18.94,85.24,24.96,1
6/22/1993,26.43,2.55,5.12,30.16,25.04,100.59,20.26,87.58,24.84,1
6/23/1993,46.45,2.88,3.72,28.65,24.93,100.5,16.29,91.47,24.93,1
6/24/1993,5.73,2.34,4.74,29.18,24.44,100.48,13.63,89.47,24.4,1
6/25/1993,4.88,2.48,7.01,31.31,24.3,100.51,18.5,85.71,24.72,1
6/26/1993,9.12,2.46,6.13,30.58,24.45,100.49,16.39,87.93,25.04,1
6/27/1993,0.8,2.9,5.57,30.79,25.22,100.48,12.22,88.53,25.4,1
6/28/1993,1.7,3.4,5.44,30.69,25.25,100.6,13.07,91.32,25.81,1
6/29/1993,5.14,2.37,5.13,30.32,25.19,100.62,15.65,89.06,25.34,1
6/30/1993,7.01,1.6,4.92,29.5,24.58,100.64,13.84,89.15,24.7,1
7/1/1993,0.23,1.33,6.85,31.22,24.37,100.68,20.11,82.58,24.01,1
7/2/1993,3.14,1.9,9.06,32.35,23.29,100.7,23.42,82.67,24.25,1
7/3/1993,1.66,1,6.29,30.9,24.61,100.78,22.84,84.22,24.51,1
7/4/1993,17.26,1.74,5.13,30.25,25.12,100.67,19.92,87.56,25.04,1
7/5/1993,28.59,2.1,6.59,31.46,24.87,100.65,18.98,85.15,24.68,1
7/6/1993,29.71,3.02,4.86,29.42,24.56,100.61,20.57,88.47,24.54,1
7/7/1993,1.83,2.55,6.59,30.74,24.15,100.6,16.62,87.8,24.78,1
7/8/1993,2.2,2.54,4.53,28.26,23.73,100.74,13.13,91.12,24.3,1
7/9/1993,9.01,1.46,6.44,29.66,23.22,100.57,18.14,87.92,24.23,1
7/10/1993,18.19,1.81,4.42,28.87,24.45,100.44,15.98,89.74,24.53,1
7/11/1993,35.79,3.43,4.11,28.23,24.12,100.39,13.13,92.02,24.5,1
7/12/1993,13.75,3.32,4.05,28.15,24.1,100.48,11.2,91.65,24.4,1
7/13/1993,11.53,2.9,4.09,28.8,24.71,100.51,11.47,92.39,25.16,1
7/14/1993,15.71,2.25,4.79,29.58,24.79,100.57,17.74,90.87,25.14,1
7/15/1993,0.75,0.99,7.14,31.1,23.96,100.58,20.3,85.23,24.75,1
7/16/1993,6.3,1.44,5.02,29.75,24.73,100.63,21.79,87.87,24.65,1
7/17/1993,0.25,1.24,8.64,32.34,23.7,100.66,23.16,81.97,24.38,1
7/18/1993,0.24,2.41,7.01,31.53,24.52,100.56,24.7,85.81,24.95,1
7/19/1993,1.81,2.52,5.99,30.82,24.83,100.61,23.77,88.69,25.25,1
7/20/1993,0.23,2.49,5.62,30.28,24.66,100.65,20.28,90.03,25.02,1
7/21/1993,2.52,2.25,5.77,30.27,24.5,100.68,21.76,88.81,24.97,1
7/22/1993,5.47,2.21,4.72,29.69,24.97,100.67,20.56,90.44,25.16,1
7/23/1993,23.97,2.03,4.59,29.13,24.54,100.57,20.4,90.26,24.89,1
7/24/1993,0.92,2.27,5.02,29.76,24.74,100.48,18.84,89.41,24.91,1
7/25/1993,15.81,2.22,4.83,29.48,24.65,100.47,20.11,91.17,25.12,1
7/26/1993,7.4,2.46,5.21,30.12,24.91,100.42,20.38,89.15,25.2,1
7/27/1993,2.78,2.73,4.43,29.4,24.97,100.37,16.36,91.47,25.4,1
7/28/1993,9.25,2.01,4.68,29.23,24.55,100.38,17.68,91.88,25.16,1
7/29/1993,7.92,3,3.69,28.72,25.03,100.48,12.84,91.61,25.03,1
7/30/1993,1.11,3.1,3.97,28.86,24.89,100.52,16.46,90.62,24.72,1
7/31/1993,2.85,2.42,4.44,28.9,24.46,100.58,18.37,90.54,24.68,1
8/1/1993,4.27,2.76,4.84,29.21,24.37,100.64,14.05,90.84,24.84,1
8/2/1993,0.61,2.24,4.78,29.01,24.23,100.75,15.68,89.58,24.4,1
8/3/1993,10.92,2.27,5.83,29.39,23.56,100.88,16.22,86.89,23.82,1
8/4/1993,5.41,2.31,6.99,30.6,23.61,100.82,21.38,87.65,24.41,1
8/5/1993,2.6,2.46,6.59,30.36,23.77,100.91,22.31,86.83,24.05,1
8/6/1993,3.19,2.85,6.52,30.2,23.68,100.93,18.06,88.33,24.35,1
8/7/1993,0.95,3.25,4.88,29.18,24.3,100.72,20.26,90.36,24.4,1
8/8/1993,3.1,3.57,4.47,29.2,24.73,100.55,16.27,90,24.68,1
8/9/1993,9.54,3.57,4.75,28.51,23.76,100.6,12.67,88.62,23.64,1
8/10/1993,2.03,2.69,6.16,29.64,23.48,100.74,16.96,87.01,23.9,1
8/11/1993,23.46,2.38,5.28,29.1,23.82,100.69,18.85,90.27,24.51,1
8/12/1993,5.67,2.79,5.94,29.43,23.49,100.54,16.45,88.89,24.1,1
8/13/1993,6.89,3.34,4.73,29.11,24.38,100.6,13.72,88.5,24.04,1
8/14/1993,3.42,3.01,4.8,29.1,24.3,100.75,11.76,90.18,24.47,1
8/15/1993,5.06,2.78,6.39,30.36,23.97,100.82,22.42,88.4,24.44,1
8/16/1993,0.53,2.59,6.62,30.3,23.68,100.8,19.07,88.39,24.56,1
8/17/1993,3.44,3.03,4.5,28.56,24.06,100.93,17.7,88.95,23.9,1
8/18/1993,0.74,2.74,6.93,30.23,23.3,100.89,21.53,86.8,23.92,1
8/19/1993,3.51,2.32,5.39,28.98,23.59,100.89,13.21,88.72,23.74,1
8/20/1993,1.13,2.6,5.41,29.11,23.7,100.75,19.42,88.8,23.73,1
8/21/1993,4.19,3.76,4.87,29.21,24.34,100.62,13.25,89.79,24.42,1
8/22/1993,20.95,2.96,4.32,28.47,24.15,100.72,13.57,92.29,24.62,1
8/23/1993,4.78,2.75,5.44,29.61,24.17,100.89,16.84,89.15,24.35,1
8/24/1993,0.42,1.77,6.38,29.58,23.2,100.87,15.7,87.01,23.7,1
8/25/1993,0.14,1.14,8.2,31.3,23.1,100.79,21.7,81.66,23.51,1
8/26/1993,0.23,2.14,7.68,31.52,23.84,100.69,20.58,85.17,24.64,1
8/27/1993,0.47,2.06,4.91,29.23,24.32,100.68,16.74,88.65,24.25,1
8/28/1993,14.07,2.44,5.16,29.22,24.06,100.63,16.14,90.12,24.33,1
8/29/1993,14.77,1.99,5.11,28.24,23.13,100.6,11.71,90.24,23.67,1
8/30/1993,4.71,2.43,7.49,30.19,22.7,100.77,19.94,87.86,23.88,1
8/31/1993,6.25,2.14,7.19,30.49,23.3,100.89,20.65,87.75,24.36,1
9/1/1993,3.68,2.7,3.36,27.47,24.11,100.82,15.42,91.79,24.31,1
9/2/1993,3.92,3.77,3.74,27.76,24.02,100.55,8.74,93.06,24.57,1
9/3/1993,9.22,2.75,6.11,30.22,24.11,100.62,15.01,88.69,24.54,1
9/4/1993,4.34,2.7,4.86,29.17,24.31,100.71,16.98,90.19,24.4,1
9/5/1993,0.31,2.3,6.34,29.68,23.34,100.96,23.31,87.89,23.98,1
9/6/1993,0.05,1.83,6.18,29.77,23.59,100.92,17.51,87.51,24.05,1
9/7/1993,1.05,2.38,4.16,28.05,23.89,100.73,15.43,90.84,24.3,1
9/8/1993,7.53,2.36,6.48,30.16,23.68,100.63,15.57,90.57,24.75,1
9/9/1993,5.64,3,4.39,28.62,24.23,100.69,14.9,91.48,24.6,1
9/10/1993,2.13,2.58,5.16,29.08,23.92,100.87,16.01,90.3,24.4,1
9/11/1993,3.02,1.55,5.62,29.3,23.68,100.9,17.2,87.95,24.26,1
9/12/1993,4.5,1.73,6.54,30.19,23.65,100.86,19.86,87.21,24.2,1
9/13/1993,21.72,2.51,6.34,29.71,23.37,100.75,15.99,90.08,24.4,1
9/14/1993,27.77,2.92,3.2,27.34,24.14,100.75,12.78,93.93,24.49,1
9/15/1993,3.58,2.31,5.04,29.01,23.97,100.69,16.04,89.05,24.14,1
9/16/1993,5.58,2.68,5.78,29.19,23.41,100.65,16.81,88.79,24.08,1
9/17/1993,13.44,2.66,6.3,29.87,23.57,100.57,16.98,89.04,24.42,1
9/18/1993,16.57,3.08,5.33,29.49,24.16,100.57,13.63,91.02,24.72,1
9/19/1993,14.36,3.02,3.98,28.16,24.18,100.73,13.36,93.42,24.52,1
9/20/1993,9.92,1.46,4.66,28.62,23.96,100.83,12.1,90.63,24.14,1
9/21/1993,0.94,1.08,7.94,30.91,22.97,100.72,18.91,84.83,24.1,1
9/22/1993,13.95,1.55,6.03,29.91,23.88,100.64,14.08,87.24,24.59,1
9/23/1993,1.26,1.05,5.99,30.13,24.14,100.63,21.38,86.46,24.7,1
9/24/1993,8.05,1.57,6.32,30.83,24.51,100.61,14.17,88.12,24.99,1
9/25/1993,10.05,2.05,4.41,28.6,24.19,100.7,19.86,89.82,24.23,1
9/26/1993,3.88,2.42,6.2,29.94,23.74,100.77,19.09,88.61,24.38,1
9/27/1993,1.32,1.72,6.92,30.56,23.64,100.77,19.76,87.06,24.48,1
9/28/1993,1.58,1.92,6.25,30.07,23.82,100.71,19.33,89.41,24.81,1
9/29/1993,2.17,1.7,4.35,28.59,24.24,100.8,18.3,88.58,24.08,1
9/30/1993,5.22,1.11,7.53,31.15,23.62,100.78,18.38,84.69,24.38,1
10/1/1993,7.89,1.36,6.09,30.37,24.28,100.72,14.99,87.52,24.71,1
10/2/1993,3.64,1.23,5.26,29.53,24.27,100.71,19.19,88.3,24.36,1
10/3/1993,9.33,2.06,3.31,27.55,24.24,100.77,10.97,93.28,24.26,1
10/4/1993,2.14,1.34,4.81,28.62,23.81,100.77,9.6,88.62,23.79,1
10/5/1993,2.37,0.85,6.83,30,23.17,100.68,15.22,84.98,23.71,1
10/6/1993,4.8,1.29,6.52,30.15,23.63,100.68,13.52,86.91,24.28,1
10/7/1993,18.33,1.62,5.36,29.7,24.34,100.8,13.01,90.1,24.8,1
10/8/1993,12.17,1.37,5.62,29.9,24.28,100.92,18.4,89.03,24.64,1
10/9/1993,11.93,1.33,4.15,27.76,23.61,100.99,14.54,91.53,24.15,1
10/10/1993,2.8,1.02,7.26,29.87,22.61,100.92,18.11,86.73,23.6,1
10/11/1993,1.94,1.38,7.17,30.6,23.43,100.91,19.72,81.32,23.11,1
10/12/1993,2.48,1.21,7.43,29.91,22.48,101.02,19.13,82.99,23.18,1
10/13/1993,1.76,1.36,7.12,30.58,23.46,101,15.28,85.14,23.85,1
10/14/1993,2.42,1.6,7.99,30.4,22.41,100.91,19.15,86,23.75,1
10/15/1993,2.82,1.94,7.39,31.11,23.72,100.93,19.8,85.32,24.14,1
10/16/1993,1.7,1.92,6.33,30.55,24.22,100.99,20.32,85.28,24.12,1
10/17/1993,1.08,0.51,6.53,30.6,24.07,101,17.61,84.22,24.08,1
10/18/1993,2.08,1.44,4.18,27.73,23.55,101.01,18.21,90.69,23.74,1
10/19/1993,0.42,1.72,7.77,30.14,22.37,101.01,19.78,86.76,23.57,1
10/20/1993,2.63,0.97,6.38,30.43,24.05,101,20.75,84.51,23.75,1
10/21/1993,7.37,1.97,6.5,30.01,23.51,101.02,18.83,87.32,23.97,1
10/22/1993,5.14,1.77,5.45,29.65,24.2,101.02,20.59,87.89,23.94,1
10/23/1993,2.96,2.08,5.11,28.85,23.74,101,19.37,88.82,23.82,1
10/24/1993,17.34,1.08,5.37,29.25,23.88,101.02,18.19,87.41,23.7,1
10/25/1993,4.2,0.82,6.78,30.56,23.78,101.05,19.32,82.25,23.74,1
10/26/1993,2.9,1.1,6.89,30.82,23.93,100.94,18.82,84.27,24.19,1
10/27/1993,2.06,1.86,5.82,29.58,23.76,100.95,17.22,89.79,24.55,1
10/28/1993,0.2,1.73,6.52,30,23.48,101.04,18.78,86.18,24.17,1
10/29/1993,0.19,2.19,7.19,31.46,24.27,101.04,20.91,84.29,24.12,1
10/30/1993,0.03,3.61,8.04,30.51,22.47,101.15,23.5,83.51,23,1
10/31/1993,0.01,3.3,7.66,29.92,22.26,101.19,22.16,84.38,22.62,1
11/1/1993,0,3.14,7.67,29.42,21.75,101.15,23.39,82.84,21.78,0
11/2/1993,0,2.68,8.65,29.01,20.36,101.03,21.59,81.38,20.48,0
11/3/1993,0,2,9.36,29.11,19.75,100.96,21.96,81.74,20.52,0
11/4/1993,0,1.43,10.93,30.4,19.47,100.86,22.47,80.09,21.27,0
11/5/1993,0,1.41,9.36,30.87,21.51,100.78,20.81,81.32,22.63,0
11/6/1993,0,1.29,9.11,31.87,22.76,100.8,21.6,80.2,22.91,0
11/7/1993,0,1.9,9.55,31.72,22.17,100.82,22.19,79.29,22.31,0
11/8/1993,0.01,2.08,9.99,32.14,22.15,100.75,22.2,78.73,22.51,1
11/9/1993,1.38,1.85,9.73,32.23,22.5,100.75,21.68,79.38,23.04,1
11/10/1993,1.27,1.77,9.11,32.23,23.12,100.79,21.24,80.36,23.34,1
11/11/1993,0.95,1.84,8.51,31.54,23.03,100.92,20.85,79.25,22.76,1
11/12/1993,0.42,1.72,9.45,31.64,22.19,100.97,21.84,77.94,21.86,1
11/13/1993,0.12,1.35,10.53,32,21.47,100.97,21.52,76.73,21.39,1
11/14/1993,1.82,1.75,11.08,31.82,20.74,101.02,20.86,77.17,21.1,1
11/15/1993,0.29,1.59,11.02,32.53,21.51,100.98,21.48,73.86,21.05,1
11/16/1993,0,1.3,10.32,32.65,22.33,100.87,22.12,69.53,20.93,0
11/17/1993,0.74,1.6,9.98,32.69,22.71,100.78,21.43,71.67,21.34,1
11/18/1993,1.13,1.44,7.65,30.56,22.91,100.86,19.55,81.78,22.86,1
11/19/1993,10.03,0.89,4.45,28.64,24.19,100.9,14.41,86.53,23.42,1
11/20/1993,0.38,1.7,8.87,31.78,22.91,100.88,19.32,79.87,22.93,1
11/21/1993,0.81,2.78,8.58,31.99,23.41,100.88,19.51,76.13,22.32,1
11/22/1993,0.1,3.7,8.38,30.96,22.58,100.92,21.53,74.38,20.65,1
11/23/1993,0.08,3.25,12.28,32.72,20.44,100.85,18.51,69.32,19.34,1
11/24/1993,0.73,3.9,7.76,28.79,21.03,100.97,12.28,74.01,18.91,1
11/25/1993,0.04,2.03,11.52,30.69,19.17,100.99,16.39,74.04,19.51,1
11/26/1993,0.26,2.35,9.37,31.2,21.83,100.93,18.84,78.28,21.8,1
11/27/1993,2.42,3.28,6.92,30.56,23.64,100.9,14.68,82.8,22.96,1
11/28/1993,1.82,2.84,6.77,30.15,23.38,100.92,14.88,84.44,23.11,1
11/29/1993,2.24,2.17,8.89,32.23,23.34,100.9,16.16,81.56,23.3,1
11/30/1993,0,2.34,9.41,33.04,23.63,100.9,16.19,76.69,22.54,0
12/1/1993,0.01,1.83,11.3,33.75,22.45,100.81,19.5,73.71,22.05,1
12/2/1993,0,1.93,11.06,33.91,22.85,100.72,21.35,70.62,21.71,0
12/3/1993,0.32,1.94,10.54,34.6,24.06,100.67,20.11,70.64,22.14,1
12/4/1993,0.24,2.84,11.82,35.18,23.36,100.74,19.34,68.51,21.65,1
12/5/1993,0.48,4.02,9.32,34,24.68,100.87,16.08,72.11,22.43,1
12/6/1993,0.05,4.17,8.79,31.89,23.1,101.03,17.88,69.18,20.1,1
12/7/1993,0.01,3.57,11.38,32.24,20.86,100.98,17.51,65.21,17.79,1
12/8/1993,0.25,3.26,13.89,32.61,18.72,100.9,18.04,66.26,17.95,1
12/9/1993,29.4,2.99,12.56,33.79,21.23,100.74,10.84,74.62,20.91,1
12/10/1993,0,1.32,9.52,31.55,22.03,100.85,13.51,79.33,22,0
12/11/1993,0.05,0.67,10.89,33.16,22.27,100.81,17.76,75.48,22.32,1
12/12/1993,0.32,1.39,9.18,33.05,23.87,100.89,18.31,74.37,22.15,1
12/13/1993,0,1.45,10.9,34.22,23.32,100.9,19.71,72.02,22.2,0
12/14/1993,0.39,3.24,10.99,34.74,23.75,100.94,17.74,69.47,21.87,1
12/15/1993,0.72,2.76,9.28,32.88,23.6,101.05,12.9,74.15,22.12,1
12/16/1993,0.3,4.3,9,32.46,23.46,101.16,17.08,69.61,20.79,1
12/17/1993,0.01,4.83,9.97,30.65,20.68,101.34,20.51,62.94,17.07,1
12/18/1993,0.05,4.31,10.48,29.36,18.88,101.39,20.76,63.43,16.21,1
12/19/1993,0.02,3.55,10.21,30.31,20.1,101.22,18.26,64.76,16.96,1
12/20/1993,0,3.09,12.14,32.54,20.4,101.09,17.63,64.46,18.51,0
12/21/1993,0.05,4.07,8.93,31.34,22.41,101.25,13.69,65.67,19,1
12/22/1993,0,4.56,10.22,31.23,21.01,101.4,16.3,61.6,17.14,0
12/23/1993,0,4.1,10.85,31.16,20.31,101.37,19.57,61.81,16.74,0
12/24/1993,0,3.57,8.11,27.88,19.77,101.43,20.83,67.4,16.61,0
12/25/1993,0,3.83,9.55,29.11,19.56,101.48,20.71,63.71,15.92,0
12/26/1993,0,3.25,9.05,26.97,17.92,101.44,18.58,65.93,14.8,0
12/27/1993,0,3.34,12.39,30.72,18.33,101.31,19.88,61.94,15.05,0
12/28/1993,0,2.79,15.3,31.72,16.42,101.17,20.08,63.48,15.86,0
12/29/1993,0,3.04,11.37,32.05,20.68,101.22,19.64,62.22,17.05,0
12/30/1993,0,2.05,14.36,33.5,19.14,101.17,17.16,60.28,16.24,0
12/31/1993,0.03,3,13.49,33.94,20.45,101.16,18.79,61.83,17.82,1
1/1/1994,0.03,3.21,10.96,32.81,21.85,101.15,17.74,60.67,17.8,1
1/2/1994,0.38,1.87,13.72,34.73,21.01,101.06,21.28,62.89,18.98,1
1/3/1994,0.89,1.66,13.44,35.17,21.73,101.07,21.07,68.49,20.78,1
1/4/1994,0,1.07,10.24,34.12,23.88,101.02,20.2,68.2,21.51,0
1/5/1994,0,1.34,12.78,35.32,22.54,100.91,19.66,59.87,18.69,0
1/6/1994,0,2.76,14.76,35.42,20.66,100.98,20.34,54.51,15.05,0
1/7/1994,0,1.99,16.06,34.19,18.13,101.02,21.33,56.91,15.43,0
1/8/1994,0,2.09,15.35,35.8,20.45,100.91,21.72,59.59,18.31,0
1/9/1994,0.01,1.72,12.68,34.98,22.3,100.85,20.86,63.17,20.06,1
1/10/1994,0.34,1.19,12.98,35.83,22.85,100.9,17.12,64.64,21.05,1
1/11/1994,2,1.83,9.46,34.24,24.78,100.94,17.42,68.65,21.77,1
1/12/1994,0,1.46,13.24,36.8,23.56,100.89,18.23,60.26,20.19,0
1/13/1994,0,1.92,14.35,36.77,22.42,100.88,20.64,57.06,18.52,0
1/14/1994,0,1.78,14.44,36.17,21.73,100.86,20.86,54.63,16.68,0
1/15/1994,0,1.53,14.94,35.24,20.3,100.89,19.32,58.4,17.05,0
1/16/1994,0,1.83,16.77,36.54,19.77,100.86,20.08,53.22,15.15,0
1/17/1994,0,1.55,16.16,35.69,19.53,100.96,20.96,56.58,16,0
1/18/1994,0,1.67,15.07,34.77,19.7,101.04,20.55,54.63,14.2,0
1/19/1994,1.12,1.42,14.64,34.43,19.79,101.05,20.68,57.86,17,1
1/20/1994,0.88,2.95,13.98,35.06,21.08,101.04,20.67,55.25,16.97,1
1/21/1994,0,3.63,13.41,34.02,20.61,101.04,22.27,49.58,14.53,0
1/22/1994,0,3.42,15.8,34.47,18.67,101.14,23.01,47.58,12.75,0
1/23/1994,0,3.65,14.82,33.43,18.61,101.23,22.07,47.99,12.61,0
1/24/1994,0,3.33,13.51,32.21,18.7,101.24,21.05,47.75,12.31,0
1/25/1994,0,2.95,15.2,33.65,18.45,101.06,22.69,48.46,12.62,0
1/26/1994,0,1.42,17.14,35.89,18.75,101.04,22.62,46.75,13.67,0
1/27/1994,0,2.28,13.79,35.57,21.78,101.14,19.21,49.52,15.4,0
1/28/1994,0,2.65,15.86,36.07,20.21,101.07,22.3,44.63,12.94,0
1/29/1994,1.61,1.12,15.49,36.13,20.64,100.95,22.34,49.09,14.86,1
1/30/1994,0,1.47,15.07,36.68,21.61,100.84,22.3,52.27,16.42,0
1/31/1994,0,1.44,14.74,36.93,22.19,100.88,20.89,46.79,15.62,0
2/1/1994,0,1.9,15.11,37.71,22.6,101,22.64,43.6,14.98,0
2/2/1994,0.02,3.14,12.56,35.99,23.43,101,16.33,52.05,18.24,1
2/3/1994,0,2.87,11.61,35.81,24.2,100.94,22.98,51.03,17.27,0
2/4/1994,0,2.18,13.93,37.91,23.98,100.9,22.29,46.87,16.8,0
2/5/1994,0.01,1.58,14.04,38.44,24.4,100.78,21.04,44.52,16.61,1
2/6/1994,0,2.02,14.38,39.23,24.85,100.79,21.49,49.77,18.8,0
2/7/1994,0,2.26,11.75,38,26.25,100.78,20.25,51.1,19.86,0
2/8/1994,0.03,2,12.91,38.89,25.98,100.66,21.71,48.58,19.11,1
2/9/1994,0.08,2.82,11.91,37.99,26.08,100.68,18.33,51.86,19.89,1
2/10/1994,0.22,2.7,10.25,36.12,25.87,100.68,18.82,55.18,20.21,1
2/11/1994,0.1,2.32,13.69,38.65,24.96,100.55,21.43,51.76,19.73,1
2/12/1994,0,2.37,11.3,37.7,26.4,100.6,21.47,52.18,20.05,0
2/13/1994,0.09,2.74,11.01,37.4,26.39,100.79,18.46,52.25,19.48,1
2/14/1994,0,1.76,13.51,39.12,25.61,100.81,21.01,50,19.41,0
2/15/1994,0,2.75,13.39,39.42,26.03,100.86,21.04,48.23,18.55,0
2/16/1994,0,2.12,12.55,37.88,25.33,100.91,19.42,51.74,19.35,0
2/17/1994,0,2.48,14.2,39.67,25.47,100.93,21.91,47.77,18.17,0
2/18/1994,0,2.38,13.43,39.25,25.82,100.85,22.77,50.64,19.14,0
2/19/1994,0,2.5,13.87,39.34,25.47,100.73,23.26,50.21,19.04,0
2/20/1994,0,1.8,14.32,39.83,25.51,100.71,23.68,46.78,18.28,0
2/21/1994,0,3.18,14.15,39.76,25.61,100.7,23.22,46.24,17.71,0
2/22/1994,0,3.18,14.85,39.21,24.36,100.64,23.67,44.54,15.56,0
2/23/1994,0,2.36,16.79,39.62,22.83,100.74,23.6,45.95,15.02,0
2/24/1994,0,2.11,17.24,39.48,22.24,100.85,23.93,43.5,14.03,0
2/25/1994,0,2.05,17.12,39.42,22.3,100.82,22.29,41.53,14.36,0
2/26/1994,0,1.91,13.91,37.65,23.74,100.9,23.59,44,15.72,0
2/27/1994,0,1.63,14.79,38.39,23.6,100.87,22.43,41.24,13.42,0
2/28/1994,0,1.82,15.17,38.63,23.46,100.95,22.99,39.59,13.06,0
3/1/1994,0,2.8,16.63,38.22,21.59,101.04,23.02,39.38,13,0
3/2/1994,0,3.15,13.71,37.33,23.62,101.04,22.01,42.91,15.64,0
3/3/1994,0,4,15.05,38.35,23.3,101.03,23.4,38.93,13.79,0
3/4/1994,0,2.38,15.76,37.6,21.84,100.99,22.07,38.45,12.4,0
3/5/1994,0,1.66,14.76,38.67,23.91,100.84,21.14,43.22,16.18,0
3/6/1994,0,2.88,13.56,38.94,25.38,100.82,19,45.21,17.43,0
3/7/1994,0,2.54,13.16,39.22,26.06,100.75,20.35,47.79,18.74,0
3/8/1994,0,2.76,13.57,39.99,26.42,100.74,21.03,46.91,19.08,0
3/9/1994,0.89,2.44,9.11,36.73,27.62,100.85,21.5,50.86,20.11,1
3/10/1994,0.24,2.89,10.82,37.91,27.09,100.87,21.05,48.62,19.46,1
3/11/1994,0,3.48,13.15,39.95,26.8,100.84,19.95,47.72,18.42,0
3/12/1994,0.03,1.67,8.43,35.29,26.86,100.86,21.04,51.5,19.41,1
3/13/1994,0.52,2.15,11.11,36.83,25.72,100.86,20.81,52.57,19.96,1
3/14/1994,0.45,1.28,9.55,35.07,25.52,100.93,20.35,59.22,20.52,1
3/15/1994,0.1,2.24,10.89,37.4,26.51,100.95,21.65,48.04,18.31,1
3/16/1994,0.82,2.85,11.93,39.01,27.08,100.93,20.37,48.19,18.87,1
3/17/1994,0.44,2.63,11.49,37.79,26.3,100.87,16.59,44.55,17.27,1
3/18/1994,1.15,2.33,11.92,37.92,26,100.81,14.73,46.05,17.78,1
3/19/1994,5.26,1.65,8.13,34.17,26.04,100.84,15.72,62.47,21.29,1
3/20/1994,0.16,2.17,8.21,33.82,25.61,100.73,15.65,62.84,21.23,1
3/21/1994,1.29,2.28,5.48,31.22,25.74,100.81,17.92,67.24,21.38,1
3/22/1994,3.64,1.91,9.12,33.78,24.66,100.94,16.82,69.62,22.37,1
3/23/1994,8.68,1.3,8.09,32.51,24.42,101.02,15.23,73.73,22.83,1
3/24/1994,1.37,2.54,7.32,31.6,24.28,101.09,12.8,69.52,20.85,1
3/25/1994,0.14,1.97,13.29,36.72,23.43,101,21.73,57.48,19.96,1
3/26/1994,0,1.92,11.56,37.06,25.5,101.16,18.02,55.61,20.28,0
3/27/1994,0,3.24,13.48,39.4,25.92,101.17,25.33,49.46,18.76,0
3/28/1994,0.01,1.7,11.2,37.18,25.98,101.17,20.88,54.23,20.23,1
3/29/1994,0.03,2.25,11.75,38.19,26.44,101.09,22.53,52.54,20.06,1
3/30/1994,0.02,1.47,7.05,33.6,26.55,101.16,20.6,60.31,20.98,1
3/31/1994,0.07,1.82,8.16,33.94,25.78,101.04,21.41,61.28,20.95,1
4/1/1994,0.22,2.24,14,39.03,25.03,100.84,21.7,56.28,20.93,1
4/2/1994,0,2.13,10.97,37.71,26.74,100.85,19.03,53.26,20.39,0
4/3/1994,0,2.92,12.79,39.19,26.4,100.81,21.63,50.34,20.02,0
4/4/1994,0,2.26,13.35,39.99,26.64,100.84,21.56,48.06,19.46,0
4/5/1994,0.11,2.99,13.45,40.48,27.03,100.72,22.95,48.68,19.89,1
4/6/1994,5.34,2.82,9.9,36.37,26.47,100.58,22.28,60.38,21.69,1
4/7/1994,0.04,2.58,12.79,38.64,25.85,100.42,19.65,54.33,20.07,1
4/8/1994,0.03,3.05,12.6,38.98,26.38,100.44,17.18,53.52,20.26,1
4/9/1994,0.6,3.16,13.61,39.45,25.84,100.55,24.91,53.96,20.77,1
4/10/1994,0.89,3.51,13.27,40.26,26.99,100.55,23.97,52.12,20.68,1
4/11/1994,0.2,2.83,9.76,37.07,27.31,100.58,25.06,56.33,21.3,1
4/12/1994,0.02,2.67,11.11,38.15,27.04,100.75,21.45,55.7,21.56,1
4/13/1994,0.55,2.05,7.41,34.93,27.52,101,21.49,60.26,21.82,1
4/14/1994,0.65,2.53,13.93,40.09,26.16,100.99,22.43,48.37,19.5,1
4/15/1994,0.85,2.61,13.31,40.69,27.38,100.96,23.43,46.24,18.95,1
4/16/1994,2.65,2.62,13.59,39.89,26.3,100.85,23.17,50.8,19.89,1
4/17/1994,4.18,1.62,11.12,37.52,26.4,100.78,21.8,59.53,21.86,1
4/18/1994,17.22,2.64,8.07,34.45,26.38,100.74,20.92,69.36,22.94,1
4/19/1994,1.15,2.06,8.8,34.13,25.33,100.71,19.81,73.01,23.29,1
4/20/1994,0.07,1.05,10.7,36.27,25.57,100.67,24.77,65.55,22.69,1
4/21/1994,0.36,1.67,6.97,33.36,26.39,100.6,19.58,70.43,23.39,1
4/22/1994,2,1.32,9,34.9,25.9,100.58,19.88,69,23.13,1
4/23/1994,2.13,1.89,9.77,35.54,25.77,100.62,23.5,67.15,23.04,1
4/24/1994,0.48,2.25,7.8,34.02,26.22,100.65,23.03,69.25,23.34,1
4/25/1994,4.8,2.09,7.84,33.65,25.81,100.64,23.1,73.84,23.81,1
4/26/1994,3.61,2.32,12.63,37.57,24.94,100.59,25.76,68.02,22.92,1
4/27/1994,0,2.29,11.33,37.19,25.86,100.6,24.46,62.46,22.39,0
4/28/1994,0.01,2.65,13.04,38.76,25.72,100.65,21.5,56.23,21.07,1
4/29/1994,0,2.28,14.22,39.66,25.44,100.55,22.6,54.34,20.78,0
4/30/1994,0,2.94,13.31,39.65,26.34,100.52,25,55.09,21.39,0
5/1/1994,0.39,3,11.63,38.94,27.31,100.62,25.38,58.01,22.4,1
5/2/1994,0.09,3.13,12.63,40,27.37,100.63,25.71,56.08,22.22,1
5/3/1994,1.18,3.08,14.13,40.71,26.58,100.6,25.5,53.79,21.48,1
5/4/1994,9.61,2.95,9.2,36.32,27.12,100.65,21.73,68.28,23.87,1
5/5/1994,0.56,2.52,8.66,34.74,26.08,100.59,20.7,70.83,23.67,1
5/6/1994,1.85,3.05,8.11,34,25.89,100.69,14.97,73.28,23.4,1
5/7/1994,7.18,2.4,7.63,33.02,25.39,100.71,19.21,76.46,23.77,1
5/8/1994,16.04,2.37,6.99,32.28,25.29,100.71,16.29,82.17,24.38,1
5/9/1994,4.01,2.45,5.75,30.97,25.22,100.69,19.52,83.83,24.56,1
5/10/1994,8.91,2.4,5.62,30.85,25.23,100.67,19.63,83.15,24.42,1
5/11/1994,1.17,3.09,7.18,32.51,25.33,100.57,20.07,76.85,23.76,1
5/12/1994,5.92,2.2,7.7,33.08,25.38,100.63,21.35,79.19,24.36,1
5/13/1994,2.44,2.62,7.96,34.05,26.09,100.68,21.75,75.03,23.9,1
5/14/1994,0.51,2.94,9.18,34.43,25.25,100.71,21.53,73.9,23.89,1
5/15/1994,1.29,2.07,7.53,33.12,25.59,100.58,25.54,75.28,24.05,1
5/16/1994,1.43,2.4,9.73,35.43,25.7,100.59,21.4,71.84,23.69,1
5/17/1994,16.03,1.93,8.1,33.85,25.75,100.63,19.56,77.64,24.33,1
5/18/1994,47.26,1.9,4.33,29.95,25.62,100.56,15.48,89.94,25.42,1
5/19/1994,6.67,2.89,5.7,30.52,24.82,100.62,11.7,87.87,24.81,1
5/20/1994,1.06,2.4,7.58,31.98,24.4,100.82,21.46,81.13,24.06,1
5/21/1994,0.94,2.09,8.58,33.61,25.03,100.81,22.58,77.65,24.11,1
5/22/1994,0.63,1.53,7.51,32.28,24.77,100.64,26.32,79.71,24.19,1
5/23/1994,0.85,1.69,7.16,32.38,25.22,100.52,25.53,78.98,24.3,1
5/24/1994,0.49,2.34,7.41,32.98,25.57,100.51,24.86,76.82,23.91,1
5/25/1994,4.13,1.58,5.04,30.29,25.25,100.51,15.74,84.66,24.45,1
5/26/1994,1.36,2.58,5.17,29.56,24.39,100.37,21.49,85.55,24.01,1
5/27/1994,13.32,2.65,6.54,31.81,25.27,100.44,20.93,84.33,24.82,1
5/28/1994,4.61,2.13,6.73,31.57,24.84,100.55,17.69,84.96,24.73,1
5/29/1994,0.39,1.94,8.22,33.19,24.97,100.55,23.15,80.34,24.75,1
5/30/1994,0.53,2.24,7.17,32.53,25.36,100.55,26.03,81.23,24.86,1
5/31/1994,2.12,2.22,8.31,33.85,25.54,100.49,18.14,77.2,24.25,1
6/1/1994,14.1,2.58,6.39,31.66,25.27,100.41,19.69,85.77,25.24,1
6/2/1994,1.28,2.51,6.2,31.6,25.4,100.42,17.97,84.33,25.04,1
6/3/1994,24.26,3,6.14,31.59,25.45,100.45,21.12,84.27,24.75,1
6/4/1994,35.74,3.25,4.33,29.6,25.27,100.52,21.64,89.96,25.16,1
6/5/1994,0.69,2.42,6.65,31.3,24.65,100.5,23.72,85.8,25,1
6/6/1994,1.5,1.35,7,31.77,24.77,100.45,23.42,83.31,24.73,1
6/7/1994,12.18,2.06,5.41,30.59,25.18,100.43,19.89,87.78,25.04,1
6/8/1994,30.57,2.55,5.39,30.23,24.84,100.56,13.92,89.72,25.33,1
6/9/1994,12.51,2.59,5.61,30.51,24.9,100.63,17.84,88.52,25.1,1
6/10/1994,0.62,1.55,4.83,29.47,24.64,100.67,17.95,88.44,24.68,1
6/11/1994,1.43,2.14,6.67,30.82,24.15,100.73,20.93,86.99,24.61,1
6/12/1994,2.72,2.01,6.18,30.57,24.39,100.75,23.6,87.6,24.81,1
6/13/1994,13.6,2.61,5.87,30.16,24.29,100.79,19.96,88.37,24.82,1
6/14/1994,5.2,2.03,5.03,29.59,24.56,100.72,22.7,88.66,24.81,1
6/15/1994,17.78,2.32,6,30.43,24.43,100.63,24.39,87.08,24.54,1
6/16/1994,3.2,2.4,6.63,30.84,24.21,100.67,20.83,86.53,24.49,1
6/17/1994,2.63,2.55,6.72,30.55,23.83,100.61,18.26,87.28,24.55,1
6/18/1994,3.18,2.64,5.08,29.37,24.29,100.53,19.58,88,24.12,1
6/19/1994,29.2,2.42,4.48,28.44,23.96,100.56,17.54,91.47,24.41,1
6/20/1994,3.59,2.37,6.86,30.13,23.27,100.59,14.15,87.14,23.82,1
6/21/1994,2.15,2.68,5.69,29.9,24.21,100.45,15.02,88.34,24.33,1
6/22/1994,2.56,2.39,4.25,28.42,24.17,100.41,17.91,89.73,24.21,1
6/23/1994,1.77,3.42,5.99,30.3,24.31,100.43,18.01,88.02,24.61,1
6/24/1994,5.89,3.1,4.59,28.97,24.38,100.49,13.87,90.21,24.41,1
6/25/1994,0.61,3,6.71,30.69,23.98,100.51,17.99,86.4,24.19,1
6/26/1994,0.4,2.88,7.51,31.42,23.91,100.5,21.26,85.31,24.42,1
6/27/1994,1.32,1.75,7.15,30.59,23.44,100.55,23.1,86.07,24.43,1
6/28/1994,12.65,2.04,4.49,29.14,24.65,100.41,14.51,89.78,24.56,1
6/29/1994,21.68,2.9,3.75,27.94,24.19,100.27,10.16,91.01,24.16,1
6/30/1994,28.23,3.02,4.75,28.66,23.91,100.46,16.33,91.15,24.51,1
7/1/1994,0.08,1.93,6.54,30.41,23.87,100.63,21.76,87.14,24.39,1
7/2/1994,4.12,1.58,7.07,30.84,23.77,100.69,22.93,85.96,24.42,1
7/3/1994,19.65,1.94,5.1,29.36,24.26,100.58,19.41,88.28,24.43,1
7/4/1994,0.59,1.9,7.3,30.78,23.48,100.5,18.45,86.26,24.43,1
7/5/1994,1.66,2.79,5.5,30.05,24.55,100.54,16.98,89.18,24.86,1
7/6/1994,4.54,3.51,4.33,28.92,24.59,100.53,15.8,91.64,24.9,1
7/7/1994,3.59,3.55,5.34,29.59,24.25,100.49,14.6,89.28,24.37,1
7/8/1994,0.95,2.95,4.81,29.15,24.34,100.49,17.16,89.99,24.53,1
7/9/1994,3.39,2.77,6.46,30.24,23.78,100.43,18.85,89.27,24.57,1
7/10/1994,6.19,3.27,5.03,29.11,24.08,100.4,12.27,89.88,24.29,1
7/11/1994,6.09,2.63,4.49,27.95,23.46,100.52,11.06,90.93,23.93,1
7/12/1994,5.28,2.37,6.06,29.63,23.57,100.63,15.56,88.58,24.15,1
7/13/1994,2.66,3.2,6.5,30.13,23.63,100.67,16.2,86.54,23.87,1
7/14/1994,1.71,2.93,6.39,30.1,23.71,100.63,15.91,88.54,24.49,1
7/15/1994,1.66,2.8,4.9,29.18,24.28,100.62,17.87,89.62,24.38,1
7/16/1994,0.7,2.57,6.07,29.65,23.58,100.62,14.79,89.08,24.36,1
7/17/1994,2.23,2.37,6.65,30.32,23.67,100.62,19.92,87.96,24.51,1
7/18/1994,1.23,2.83,4.95,29.36,24.41,100.66,12.58,90.23,24.5,1
7/19/1994,1.03,3.56,4.7,29.02,24.32,100.71,13.78,88.84,24.15,1
7/20/1994,1.86,3.05,6.02,29.95,23.93,100.72,15.11,86.52,23.86,1
7/21/1994,0.6,2.9,6.6,30.32,23.72,100.69,18.86,87.08,24.21,1
7/22/1994,0.5,3.39,5.86,30.13,24.27,100.69,19.83,86.49,24.04,1
7/23/1994,1.14,3.28,5.73,29.52,23.79,100.68,19.31,88.12,24.06,1
7/24/1994,4.34,3.43,5.62,30.13,24.51,100.66,20.81,87.31,24.32,1
7/25/1994,2.67,3.18,6.94,30.58,23.64,100.47,21.7,86.78,24.35,1
7/26/1994,0.3,3.15,5.94,30.28,24.34,100.35,22.29,87.47,24.51,1
7/27/1994,0.34,3.45,5.49,30.12,24.63,100.38,18.43,87.37,24.33,1
7/28/1994,3.52,3.62,5.35,29.7,24.35,100.39,16.18,87.53,24.2,1
7/29/1994,4.94,3.21,6.56,30.39,23.83,100.34,15.15,87.53,24.33,1
7/30/1994,10.15,3.54,4.6,29.1,24.5,100.29,10.21,90.06,24.49,1
7/31/1994,33.1,4.08,3.43,28.04,24.61,100.35,11.94,91.56,24.5,1
8/1/1994,14.28,3.53,4.44,28.96,24.52,100.44,13.08,90.76,24.59,1
8/2/1994,9.78,2.97,6.36,30.51,24.15,100.46,17.55,89.39,24.78,1
8/3/1994,1.92,2.98,4.13,28.68,24.55,100.5,18.8,91.76,24.68,1
8/4/1994,5.7,3.09,5.41,29.56,24.15,100.55,16.6,89.7,24.53,1
8/5/1994,6.14,3.34,6.15,30.31,24.16,100.59,16.42,88.19,24.64,1
8/6/1994,7.54,3.19,4.48,28.88,24.4,100.68,17.73,90.23,24.62,1
8/7/1994,10.2,2.98,5.46,29.32,23.86,100.79,19.11,89.42,24.22,1
8/8/1994,6.04,3.33,5.46,29.53,24.07,100.76,17.93,89.09,24.37,1
8/9/1994,0.68,3.19,5.37,29.83,24.46,100.81,18.74,88.7,24.56,1
8/10/1994,8.67,1.9,5.66,29.41,23.75,100.87,23.65,88.57,24.23,1
8/11/1994,1.01,1.53,6.91,30.48,23.57,100.82,23.55,85.94,24.09,1
8/12/1994,0,2.36,8.13,31.91,23.78,100.77,22.6,84.25,24.45,0
8/13/1994,0,2.67,8.4,31.98,23.58,100.69,24.87,84.88,24.54,0
8/14/1994,0.09,2.82,8.22,31.43,23.21,100.54,23.85,86.2,24.62,1
8/15/1994,0.15,3.42,5.78,30.45,24.67,100.49,20.06,87.17,24.54,1
8/16/1994,2.97,3.25,6.58,30.87,24.29,100.6,17.02,86.85,24.55,1
8/17/1994,11.16,1.9,5.15,29.44,24.29,100.72,18.65,88.57,24.49,1
8/18/1994,5.49,1.35,5.03,28.95,23.92,100.65,18.2,89,24.29,1
8/19/1994,11.23,1.62,3.55,27.15,23.6,100.59,19.5,91.84,24.09,1
8/20/1994,0.29,2.13,7.37,30.37,23,100.69,23.33,85.64,23.48,1
8/21/1994,2.39,1.69,10.45,32.53,22.08,100.67,21.17,82.16,23.85,1
8/22/1994,10.71,1.6,5.43,29.98,24.55,100.71,20.34,88.37,24.81,1
8/23/1994,1.73,1.37,5.56,29.5,23.94,100.68,18.54,88.19,24.54,1
8/24/1994,8.46,2.96,5.2,29.53,24.33,100.59,10.4,88.99,24.25,1
8/25/1994,4.82,3.02,4.75,28.62,23.87,100.63,17.5,90.11,23.83,1
8/26/1994,3.87,3.08,6.31,29.99,23.68,100.7,22.05,86.99,23.76,1
8/27/1994,8.9,2.71,7.53,30.43,22.9,100.77,19.56,88.67,24.2,1
8/28/1994,21.22,3.16,6.4,30.32,23.92,100.68,13.87,88.61,24.29,1
8/29/1994,44.4,2.8,4.63,28.5,23.87,100.64,14.24,91.51,24.17,1
8/30/1994,9.68,2.54,4.74,28.74,24,100.62,12.35,90.9,24.37,1
8/31/1994,11.73,2.4,5.83,29.46,23.63,100.59,16.11,89.42,24.13,1
9/1/1994,3.37,2.48,4.5,27.84,23.34,100.6,20.03,91.38,23.87,1
9/2/1994,6.73,2.74,5.95,29.39,23.44,100.59,21.11,89.32,24.23,1
9/3/1994,18.68,2.96,5.22,29.18,23.96,100.61,18.51,90.68,24.6,1
9/4/1994,12.86,2.51,4.66,28.8,24.14,100.6,12.6,90.58,24.46,1
9/5/1994,11.12,2.76,4.97,28.93,23.96,100.54,13.46,91.66,24.59,1
9/6/1994,1.01,3.38,5.36,29.68,24.32,100.45,16.14,90.65,24.87,1
9/7/1994,1.99,3.29,5.34,30.2,24.86,100.61,19.14,89.24,24.83,1
9/8/1994,1.46,2.7,5.64,29.93,24.29,100.88,19.45,89.4,24.81,1
9/9/1994,3.61,1.82,5.21,29.44,24.23,100.91,21.42,90.23,24.82,1
9/10/1994,4.08,2.58,4.63,28.74,24.11,100.8,17.9,90.77,24.52,1
9/11/1994,16.08,1.69,6.29,29.72,23.43,100.78,11.83,87.97,24.14,1
9/12/1994,16.43,1.84,6.92,30.33,23.41,100.76,16.81,86.63,24.18,1
9/13/1994,36.13,2.76,5.81,29.63,23.82,100.62,15.61,90.44,24.87,1
9/14/1994,2.18,2.2,5.54,29.46,23.92,100.62,18.15,90.56,24.66,1
9/15/1994,6.93,1.96,4.42,28.6,24.18,100.67,15.59,91.72,24.71,1
9/16/1994,33.96,1.96,4.33,28.43,24.1,100.77,13.71,91.95,24.71,1
9/17/1994,20.38,2.21,4.88,28.36,23.48,100.75,16.72,92.04,24.35,1
9/18/1994,1.81,3.16,4.54,28.35,23.81,100.76,12.5,91.72,24.19,1
9/19/1994,1.16,3.05,5.63,29.04,23.41,100.79,15.36,89.88,24.02,1
9/20/1994,0.32,2.53,5.32,28.89,23.57,100.82,16.78,90.36,24.13,1
9/21/1994,0.77,2.15,5.82,28.9,23.08,100.91,21.38,89.04,23.68,1
9/22/1994,3.57,1.53,7.8,30.73,22.93,100.9,21.42,86.75,24.22,1
9/23/1994,1.02,1.67,6.3,30.38,24.08,100.86,20.1,87.18,24.46,1
9/24/1994,1.44,2.22,6.84,30.04,23.2,100.88,17.83,88.22,24.07,1
9/25/1994,1.56,1.79,6.43,30.03,23.6,100.84,20.95,87.52,24.14,1
9/26/1994,0.34,2.09,6.63,29.88,23.25,100.79,18.88,87.83,24.18,1
9/27/1994,1.16,2.36,5.21,28.5,23.29,100.77,16.79,92,24.31,1
9/28/1994,3.15,1.71,7.96,31.37,23.41,100.75,18.27,86.51,24.36,1
9/29/1994,13.75,0.71,5.03,29.42,24.39,100.81,14.16,89.07,24.38,1
9/30/1994,14.35,1.46,7.5,30.68,23.18,100.88,19.04,86.49,24.34,1
10/1/1994,1.43,0.7,5.91,30.37,24.46,100.93,22.65,83.51,23.53,1
10/2/1994,8.84,1.2,6.01,29.67,23.66,100.8,19.22,87.9,24.17,1
10/3/1994,2.27,1.11,4.73,28.56,23.83,100.84,13.89,89.18,23.96,1
10/4/1994,3.9,1.1,4.98,28.24,23.26,100.85,18.81,88.57,23.72,1
10/5/1994,12.12,1.71,6.47,29.78,23.31,100.92,18.9,86.71,23.94,1
10/6/1994,1.56,0.76,6.37,30.73,24.36,100.92,18.79,81.49,23.91,1
10/7/1994,0.4,1.28,8.71,32.06,23.35,100.83,20.51,82.2,24.3,1
10/8/1994,2.33,1.33,7.07,31.69,24.62,100.81,18.86,83.07,24.31,1
10/9/1994,1.91,1.19,8.05,31.44,23.39,100.83,21.77,84.77,24.39,1
10/10/1994,1.49,1.09,5.74,30.44,24.7,100.89,23.62,86.52,24.58,1
10/11/1994,6.59,1.23,4.95,29.38,24.43,100.87,21.05,89.81,24.75,1
10/12/1994,4.33,1.61,5.23,29.48,24.25,100.93,17.24,88.8,24.48,1
10/13/1994,1.45,1.24,6.87,30.41,23.54,101,18.49,82.66,23.4,1
10/14/1994,0.96,1.91,7.53,30.33,22.8,101.01,21.93,86.27,23.78,1
10/15/1994,0.31,0.83,9.75,32,22.25,100.94,23.48,79.42,23.08,1
10/16/1994,3.87,0.92,7.63,30.98,23.35,100.9,21.76,80.51,23.69,1
10/17/1994,5.3,0.66,3.63,28.77,25.14,100.99,18.32,83.5,24.14,1
10/18/1994,2.33,1.14,2.6,27.02,24.42,101.05,19.55,89.81,23.88,1
10/19/1994,5.31,1.31,7.58,30.57,22.99,101.01,20.38,84.96,23.64,1
10/20/1994,16.08,3.1,7.6,30.72,23.12,100.95,17.29,86.02,23.49,1
10/21/1994,2.25,3.51,6.59,29.2,22.61,101.02,18.46,87.79,22.88,1
10/22/1994,0.03,3.74,7.78,28.7,20.92,101.09,21.29,83.16,20.94,1
10/23/1994,0,3.23,9,28.09,19.09,101.14,23.44,81.57,19.34,0
10/24/1994,0.04,3.1,8.76,27.71,18.95,101.09,20.75,82.45,19.37,1
10/25/1994,0.6,3.39,8.49,28.49,20,100.88,22.17,83.43,20.22,1
10/26/1994,3.97,3.11,6.61,27.59,20.98,100.84,16.51,85.1,20.77,1
10/27/1994,0.59,2.74,8.78,30.16,21.38,100.81,12,86.03,22.65,1
10/28/1994,4.33,2.83,4.4,27.16,22.76,100.89,17.17,91.91,23.18,1
10/29/1994,12.48,2.69,4.19,27.73,23.54,100.94,13.68,91.31,23.54,1
10/30/1994,2.92,2.48,7.26,29.01,21.75,101.16,21.81,85,22.33,1
10/31/1994,0,3.36,8.2,29.39,21.19,101.28,22.06,82.39,21.6,0
11/1/1994,0,3,8.74,28.84,20.1,101.29,23.68,83.57,20.93,0
11/2/1994,0,3.31,8.81,29.31,20.5,101.29,22.17,81.69,20.87,0
11/3/1994,0.12,3.19,9.88,29.71,19.83,101.32,23.76,81.09,20.75,1
11/4/1994,0.13,2.77,10.32,29.96,19.64,101.33,23.09,80.32,20.63,1
11/5/1994,1.33,2.75,9.83,30.86,21.03,101.19,21.98,81.48,22.01,1
11/6/1994,1.95,3.25,8.35,30.64,22.29,101.13,21.38,82.6,22.52,1
11/7/1994,0,3.31,8.81,29.6,20.79,101.18,22.96,78.27,20.3,0
11/8/1994,0.02,2.61,11.71,30.22,18.51,101.19,23.34,78.13,20.13,1
11/9/1994,0,2.95,9.7,31,21.3,101.19,21.89,78.45,21.43,0
11/10/1994,0,2.77,9.77,31.09,21.32,101.17,20.46,77.8,21.36,0
11/11/1994,0,2.65,9.56,31.74,22.18,101.02,21.11,76.87,21.93,0
11/12/1994,0.17,2.47,10.65,32.01,21.36,100.95,21.71,76.23,21.33,1
11/13/1994,0.52,2.53,11.52,32.28,20.76,101.02,22.89,76.48,21.7,1
11/14/1994,0,2.66,10.57,32.4,21.83,100.99,21.81,74.14,21.42,0
11/15/1994,0,2.4,11.41,32.34,20.93,101.05,21.79,72.68,20.64,0
11/16/1994,0,2.48,11.94,32.95,21.01,100.99,21.71,74.27,21.47,0
11/17/1994,0,2.29,11.26,33.15,21.89,101.04,21.8,71.02,20.99,0
11/18/1994,0,2.13,11.83,32.73,20.9,101.03,21.76,71.49,20.77,0
11/19/1994,0.11,2.04,11.11,33.66,22.55,101.03,21.38,70.05,20.87,1
11/20/1994,7.4,1.75,10.79,32.89,22.1,101.04,21.53,76.71,22.2,1
11/21/1994,2.66,2.22,10.22,33.55,23.33,100.98,21.51,75.37,22.63,1
11/22/1994,0.12,3.11,10.88,33.55,22.67,101.02,20.13,71.06,21.39,1
11/23/1994,0,3.61,10.97,33.64,22.67,101.02,20.89,69.46,20.96,0
11/24/1994,0.15,2.66,10.97,33.16,22.19,101.07,13.71,73.47,21.42,1
11/25/1994,0,1.93,11.24,33.62,22.38,100.91,21.52,69.9,21.05,0
11/26/1994,0,1.8,11.61,34.11,22.5,100.86,21.96,68.15,20.9,0
11/27/1994,0.37,1.34,10.85,33.84,22.99,100.87,21.75,72.28,21.94,1
11/28/1994,0.95,1.03,8.17,32.8,24.63,100.89,19.34,74.95,22.9,1
11/29/1994,1.29,1.31,6.73,31.22,24.49,100.93,17.98,78.58,22.87,1
11/30/1994,2.9,1.43,9.68,32.93,23.25,100.94,15.62,73.31,22.04,1
12/1/1994,0,1.19,10.97,33.98,23.01,100.99,19.45,70.97,21.45,0
12/2/1994,6.63,0.73,11.79,34.76,22.97,100.9,19.71,67.61,21.2,1
12/3/1994,7.94,1.05,6.91,31.27,24.36,100.95,17.47,76.99,22.94,1
12/4/1994,0.4,2.86,9.27,32.22,22.95,101.08,17.95,70.87,20.63,1
12/5/1994,0.16,3.39,10.13,32.87,22.74,101.11,17.38,71.65,21.04,1
12/6/1994,0.23,2.66,7.49,30.29,22.8,101.04,13.54,76.1,20.93,1
12/7/1994,0.06,2.7,9.37,31,21.63,100.95,18.18,73.92,20.09,1
12/8/1994,0.13,1.71,11.11,33.06,21.95,100.85,19.86,68.2,20.32,1
12/9/1994,6.66,0.93,9.23,33.12,23.89,100.81,14.55,70.95,22.16,1
12/10/1994,13.73,1.2,7.94,31.76,23.82,100.74,15.06,79.6,23.48,1
12/11/1994,1.78,1.08,8.46,32.65,24.19,100.7,17.13,78.25,23.35,1
12/12/1994,3.51,1.25,6.6,31.06,24.46,100.84,12.59,84.04,23.76,1
12/13/1994,0.13,1.57,12.04,33.72,21.68,100.97,19.52,73.94,21.79,1
12/14/1994,0.09,1.32,11.37,34.27,22.9,101.01,17.44,70.02,21.36,1
12/15/1994,0,1.8,13.43,34.44,21.01,101.13,21.29,61.72,18.31,0
12/16/1994,0,2.64,12.87,34.93,22.06,101.09,21.21,63.94,19.74,0
12/17/1994,0,2.62,12.11,34.04,21.93,101.18,19.53,66.04,20.04,0
12/18/1994,0,3.45,12.6,34.4,21.8,101.33,20.06,61.84,18.67,0
12/19/1994,0,3.18,13.39,34.09,20.7,101.45,19.83,62.77,18.4,0
12/20/1994,0,3.21,12.44,33.1,20.66,101.49,21.12,62.71,18,0
12/21/1994,0,3.81,12.41,33.27,20.86,101.49,18.78,62.01,17.81,0
12/22/1994,0,3.5,12.85,33.74,20.89,101.42,21.14,62.21,18.08,0
12/23/1994,0,2.7,13.29,33.48,20.19,101.32,21.42,60.76,17.32,0
12/24/1994,0,2.28,12.27,34.32,22.05,101.17,20.61,62.57,19.12,0
12/25/1994,0,1.32,11.6,34.27,22.67,101.08,19.82,63.9,20.1,0
12/26/1994,0.02,1.07,12.49,35.11,22.62,101.03,21.25,63.54,20.43,1
12/27/1994,0.1,1.18,10.8,34.52,23.72,101.08,20.86,66.89,21.37,1
12/28/1994,0,2.44,11.88,34.58,22.7,101.22,20.7,59.79,17.9,0
12/29/1994,0,2,14.64,34.16,19.52,101.21,21.19,54.59,15.21,0
12/30/1994,0,0.91,13.77,34.39,20.62,101.14,21,54.45,15.66,0
12/31/1994,0,1.38,14.03,34.33,20.3,101.13,19.44,59.95,17.1,0
1/1/1995,0.08,1.36,13.07,34.56,21.49,101.14,21.33,60,18.53,1
1/2/1995,0,1.77,13.58,35.58,22,101.05,20.81,55.29,17.91,0
1/3/1995,0.06,1.31,12.95,35.99,23.04,100.96,17.36,58.79,19.65,1
1/4/1995,0.32,2.73,11.72,36.41,24.69,101.06,19.76,57.66,19.75,1
1/5/1995,0,4.9,11.64,33.84,22.2,101.36,21.46,49.69,15.24,0
1/6/1995,0,4.34,13.8,32.41,18.61,101.51,21.03,48.41,12.05,0
1/7/1995,0,3.38,16.28,31.96,15.68,101.52,21.55,47.17,9.7,0
1/8/1995,0,2.34,16.9,33.53,16.63,101.31,21.93,49.24,12.18,0
1/9/1995,0,2.23,14.71,34.73,20.02,101.11,21.44,53.94,16.34,0
1/10/1995,0,1.48,14.62,36.19,21.57,100.97,20.93,52.35,17.14,0
1/11/1995,0,0.94,11.39,34.16,22.77,100.99,17.91,61.24,19.33,0
1/12/1995,0.01,1.08,11.13,35.08,23.95,101.02,17.91,59.36,19.56,1
1/13/1995,0,2.85,13.5,35.48,21.98,101.05,19.25,49.79,15.22,0
1/14/1995,0,3.32,14.26,34.31,20.05,101.19,21.06,48.23,13.82,0
1/15/1995,0,3.11,15.73,34.92,19.19,101.26,20.16,48.98,13.85,0
1/16/1995,0,3.7,14.08,34.58,20.5,101.27,17.7,48.79,14.7,0
1/17/1995,0,3.77,14.19,35.13,20.94,101.29,21.46,46.58,13.96,0
1/18/1995,0,2.2,15.44,35.71,20.27,101.19,21.82,48.18,14.85,0
1/19/1995,0,2.34,15.07,35.72,20.65,101.1,19.25,45.84,13.49,0
1/20/1995,0,1.26,14.04,35.33,21.29,101,18.76,48.69,14.33,0
1/21/1995,0,0.89,15.9,36.18,20.28,100.94,21.28,45.91,13.41,0
1/22/1995,0.37,1.85,15.21,36.65,21.44,100.94,20.24,58.24,17.98,1
1/23/1995,2.37,1.53,13.72,36.33,22.61,101,20.34,62.29,20.04,1
1/24/1995,4.5,1.6,10.06,34.4,24.34,101,17.05,68.62,21.84,1
1/25/1995,0.11,1.55,9.42,34.46,25.04,101.06,13.12,64.03,21.11,1
1/26/1995,0.04,2.03,12.56,37.15,24.59,101.08,15.77,53.76,18.89,1
1/27/1995,0.04,1.38,12.92,37.34,24.42,101.11,20.47,53.44,19.09,1
1/28/1995,0,3.01,12.74,37.82,25.08,101.1,17.96,48.52,17.68,0
1/29/1995,0,3.11,12.93,35.82,22.89,101.24,22.13,46.67,15.81,0
1/30/1995,0,3.27,13.98,36.3,22.32,101.23,22.09,45.9,14.9,0
1/31/1995,0,4.07,13.58,34.74,21.16,101.36,22.76,46.95,14.14,0
2/1/1995,0,4.81,14.42,34.45,20.03,101.5,22.32,47.56,13.57,0
2/2/1995,0,4.66,14.46,34.1,19.64,101.51,22.88,45.54,12.39,0
2/3/1995,0,3.72,15.14,34.46,19.32,101.43,23.16,46.49,13.14,0
2/4/1995,0,4.5,13.32,33.18,19.86,101.47,23.43,46.62,12.92,0
2/5/1995,0,4.57,14.39,33,18.61,101.58,23.05,44.66,11.45,0
2/6/1995,0,3.94,16.24,33.83,17.59,101.52,23.12,42.99,10.53,0
2/7/1995,0,2.16,15.86,34.26,18.4,101.34,23.46,42.69,11.08,0
2/8/1995,0,1.34,15.44,35.33,19.89,101.1,22.78,43.34,12.55,0
2/9/1995,0,1.68,15.21,35.98,20.77,101.05,21.87,45.91,14.33,0
2/10/1995,0.07,1.35,14.22,36.54,22.32,101.06,21.97,47.95,15.52,1
2/11/1995,0.01,1.86,14.39,37.27,22.88,101.02,21.7,45.43,15.05,1
2/12/1995,0,1.64,15.14,38.39,23.25,100.98,22.82,41.01,13.91,0
2/13/1995,0,2.38,14.12,38.11,23.99,100.95,21.91,51.07,18.16,0
2/14/1995,0,1.77,15.03,39.62,24.59,100.85,22.36,47.56,17.93,0
2/15/1995,0,3.09,13.09,38.7,25.61,100.84,21.55,49.43,18.81,0
2/16/1995,0,2.89,13.87,38.48,24.61,100.91,21.87,49.04,18.32,0
2/17/1995,0,2.78,13.25,38.21,24.96,100.92,21.99,47.71,17.82,0
2/18/1995,0,2.2,14.26,38.6,24.34,100.85,23.11,46.64,17.42,0
2/19/1995,0,2.37,13.29,38.56,25.27,100.85,23.28,46.77,18.12,0
2/20/1995,0,2.47,10.31,37.16,26.85,100.91,20.93,48.29,18.52,0
2/21/1995,0,2.8,12.35,37.95,25.6,100.84,21.74,48.13,18.37,0
2/22/1995,0.11,1.83,12.02,38.23,26.21,100.84,23.35,46.76,18.3,1
2/23/1995,0.94,2.61,14.35,38.75,24.4,100.9,23.41,48.31,16.96,1
2/24/1995,0,2.35,15.14,39.11,23.97,100.89,23.36,46.29,14.81,0
2/25/1995,0,1.66,16.57,39.56,22.99,100.86,23.48,45.12,15.32,0
2/26/1995,0,2.16,13.78,38.21,24.43,100.89,18.96,47.51,17.16,0
2/27/1995,0.01,2.61,14.75,38.82,24.07,100.81,24.08,46.99,17.22,1
2/28/1995,0.05,2.18,13.58,38.22,24.64,100.77,22.36,48.29,18.04,1
3/1/1995,0,2.4,12.67,38.32,25.65,100.81,20.39,47.29,18.14,0
3/2/1995,0,2.25,11.94,38.25,26.31,100.78,19.6,50.63,19.58,0
3/3/1995,0.03,2.07,10.13,37.22,27.09,100.81,20.66,54.28,20.14,1
3/4/1995,1.97,2.12,9.1,35.01,25.91,100.91,17.11,59.14,20.28,1
3/5/1995,0.62,1.92,10.68,34.9,24.22,100.99,12.95,48.7,16.95,1
3/6/1995,0.42,2,13.73,38.17,24.44,100.96,18.62,45.23,16.52,1
3/7/1995,0,2.14,13.66,37.76,24.1,101,20.86,45.07,16.76,0
3/8/1995,0,2.88,13.64,37.88,24.24,100.92,22.96,45.64,16.97,0
3/9/1995,0,2.72,14.06,38.43,24.37,100.85,22.89,46.37,17.44,0
3/10/1995,0,3.23,14.1,39.05,24.95,100.9,23.17,47.6,17.93,0
3/11/1995,0,2.43,15.2,39.56,24.36,100.98,23.21,44.04,16.44,0
3/12/1995,0,2.53,15.28,40.04,24.76,100.85,24.3,45.1,16.63,0
3/13/1995,0,3.17,15.07,39.09,24.02,100.85,22.77,45.4,16.16,0
3/14/1995,0,3.41,15.64,38.95,23.31,101,22.37,45.02,15.34,0
3/15/1995,0,2.7,16.6,39.98,23.38,101.08,22.79,46.23,17.03,0
3/16/1995,0,2.93,13.42,39.39,25.97,100.96,23.14,48.82,19.65,0
3/17/1995,1.13,2.27,10.63,37.61,26.98,100.99,23.07,51.06,20.1,1
3/18/1995,4.39,3.23,13.35,39.31,25.96,101.05,22.03,51.92,19.41,1
3/19/1995,0.1,2.68,14.7,39.39,24.69,101.15,21.95,44.2,16.18,1
3/20/1995,0.15,1.97,15.56,39.4,23.84,100.99,17.11,42.49,15.76,1
3/21/1995,2.74,1.99,8.27,34.64,26.37,100.93,16.16,58.05,20.63,1
3/22/1995,0,2.76,11.12,36.57,25.45,100.8,16.7,57.19,20.61,0
3/23/1995,1.65,3.18,11.1,36.68,25.58,100.67,16.82,58.48,21.14,1
3/24/1995,0.04,2.14,8.89,34.94,26.05,100.7,22.46,60.99,21.59,1
3/25/1995,0.8,2.04,8.09,34.75,26.66,100.79,21.47,60.56,21.58,1
3/26/1995,2.71,1.91,6.4,32.53,26.13,100.82,11.96,65.65,21.44,1
3/27/1995,1.46,1.42,12.72,37.4,24.68,100.68,21.74,60.51,21.44,1
3/28/1995,0.19,3.39,11.54,37.73,26.19,100.67,21.06,58.26,21.56,1
3/29/1995,0.01,3.06,14.24,39.46,25.22,100.6,22.99,49.7,18.85,1
3/30/1995,0,2.76,14.01,40.21,26.2,100.53,23.11,50.81,20.38,0
3/31/1995,0.05,2.24,12.6,39.58,26.98,100.58,24.22,52.12,21.2,1
4/1/1995,0,2.78,12.26,40.12,27.86,100.56,21.59,47.1,20.09,0
4/2/1995,0.07,2.31,12.85,40.68,27.83,100.68,23.04,46.66,19.77,1
4/3/1995,0.55,2.89,11.81,39.27,27.46,100.84,20.45,50.82,20.66,1
4/4/1995,0.12,2.78,13.05,40.43,27.38,100.82,18.92,46.78,19.5,1
4/5/1995,0.86,2.61,13.72,40.47,26.75,100.88,21.33,44.1,18.03,1
4/6/1995,0.42,2.41,12.07,39.6,27.53,100.8,22.94,47.81,19.3,1
4/7/1995,1.98,3.08,12.69,39.28,26.59,100.65,23.22,51.89,20.01,1
4/8/1995,1.44,3.09,12.38,38.07,25.69,100.68,18.46,51.31,19.1,1
4/9/1995,1.6,2.6,14.39,39.42,25.03,100.82,23.59,51.67,19.82,1
4/10/1995,2.44,2.24,12.97,39.01,26.04,100.94,22.48,52.85,20.39,1
4/11/1995,0,2.35,13.93,40.43,26.5,100.89,21.14,49.99,20.07,0
4/12/1995,0.19,2.85,11.72,39.48,27.76,100.82,21.28,49.51,20.52,1
4/13/1995,6.24,2.74,9.8,37.14,27.34,100.79,23.15,57.84,21.39,1
4/14/1995,1.38,2.32,11.29,37.27,25.98,100.81,23.98,61.09,22.14,1
4/15/1995,0.9,2.38,9.74,36.45,26.71,100.75,23.02,60.84,22.35,1
4/16/1995,0,1.96,9.68,36.53,26.85,100.66,25.76,60.19,22.5,0
4/17/1995,1.02,2.88,9.28,37.08,27.8,100.7,19.79,55.39,20.92,1
4/18/1995,0,2.41,14.08,40.7,26.62,100.72,21.65,46.51,19.07,0
4/19/1995,0.22,2.96,12.55,40.02,27.47,100.66,23.01,48.13,20.3,1
4/20/1995,0.03,2.99,13.36,40.72,27.36,100.6,23.68,47.84,20.24,1
4/21/1995,0.76,2.73,10.19,38.25,28.06,100.57,24.85,51.68,21.22,1
4/22/1995,3.77,2.75,11.21,39.42,28.21,100.59,24.21,53.8,21.88,1
4/23/1995,2.26,2.96,12.24,39.74,27.5,100.61,24.51,53.45,20.93,1
4/24/1995,0.16,2.86,14.77,40.8,26.03,100.55,24.48,47.55,18.87,1
4/25/1995,5.65,2.49,9.06,35.4,26.34,100.7,24.9,65.47,22.87,1
4/26/1995,4.7,2.02,6.13,32.81,26.68,100.69,19.92,72.89,23.8,1
4/27/1995,0.19,2.35,12.24,37.83,25.59,100.68,21.04,61.2,22.08,1
4/28/1995,0.16,2.6,9.63,36.43,26.8,100.78,17.99,60.99,21.56,1
4/29/1995,0.12,2.34,12.46,38.88,26.42,100.65,24.58,55.33,21.12,1
4/30/1995,1.66,2.65,13.24,39,25.76,100.55,24.46,54.41,20.72,1
5/1/1995,0.77,2.6,11.33,37.84,26.51,100.56,21.67,54.71,20.91,1
5/2/1995,0.06,3.06,11.97,39.07,27.1,100.67,22.04,49.66,19.45,1
5/3/1995,0.12,2,13.55,39.73,26.18,100.64,22.18,49.97,19.97,1
5/4/1995,3.62,2.26,11.41,38.87,27.46,100.55,21.09,53.71,21.49,1
5/5/1995,0.42,2.47,8.38,35.54,27.16,100.48,15.74,56.98,21.27,1
5/6/1995,0.76,1.69,13.04,39.49,26.45,100.55,21.14,50.02,19.89,1
5/7/1995,3.6,1.85,11.15,37.89,26.74,100.64,24.7,56.24,21.74,1
5/8/1995,10.81,1.93,8.18,35.89,27.71,100.61,22.51,63.35,22.84,1
5/9/1995,28.13,2.23,9.38,34.63,25.25,100.56,13.72,75.06,23.96,1
5/10/1995,1.17,1.78,7.32,33.72,26.4,100.55,21.71,75.36,24.29,1
5/11/1995,0.25,2.08,7.41,33.35,25.94,100.67,18.91,72.02,23.28,1
5/12/1995,2.64,2.83,9.15,34.58,25.43,100.68,20.46,71.44,23.15,1
5/13/1995,15.21,3.01,6.07,31.55,25.48,100.66,14.85,83.87,24.74,1
5/14/1995,9.03,2.35,6.06,31.06,25,100.75,14.93,80.55,23.59,1
5/15/1995,0.52,2.21,11.96,36.22,24.26,100.72,24.47,68.25,22.63,1
5/16/1995,0.47,2.46,10.21,35.48,25.27,100.81,24.85,71.56,23.6,1
5/17/1995,2.31,1.93,8.54,34.07,25.53,100.86,23.47,73.51,23.39,1
5/18/1995,0.91,2,11.67,36.65,24.98,100.8,17.76,70.17,23.11,1
5/19/1995,14.95,1.83,8.52,33.7,25.18,100.89,20.27,71.11,22.81,1
5/20/1995,0.07,2.51,11.2,36.25,25.05,100.74,25.83,69.41,23.15,1
5/21/1995,1.03,2.45,12.05,36.81,24.76,100.55,25.27,67.98,23.1,1
5/22/1995,3.2,2.48,10.54,36.16,25.62,100.49,24.76,69.18,23.58,1
5/23/1995,31.18,2.22,5.35,31.64,26.29,100.69,20.99,83.45,25.24,1
5/24/1995,0.29,1.6,10.05,34.94,24.89,100.72,19.95,70.98,23.14,1
5/25/1995,0.54,1.92,8.3,33.84,25.54,100.65,23.29,72,23.34,1
5/26/1995,1.64,2.02,7.38,33.26,25.88,100.61,23.9,75.95,24.01,1
5/27/1995,10.57,1.86,6.43,31.93,25.5,100.63,20.64,82.39,24.65,1
5/28/1995,3.12,1.95,5.77,31.01,25.24,100.71,21.52,83.21,24.53,1
5/29/1995,0.61,1.8,8.55,33.6,25.05,100.71,21.16,74.49,23.27,1
5/30/1995,0.37,1.77,8.38,33.08,24.7,100.67,23.36,75.29,23.54,1
5/31/1995,0.88,1.23,7.28,32.4,25.12,100.6,21.48,77.39,23.79,1
6/1/1995,1.36,2.29,9.97,35.38,25.41,100.54,18.3,73.03,23.61,1
6/2/1995,8.54,2.26,8.13,33.42,25.29,100.47,19.39,79.8,24.49,1
6/3/1995,7.04,1.15,8.18,33.6,25.42,100.51,20.47,77.21,24.38,1
6/4/1995,1.03,1.71,8.25,33.91,25.66,100.51,24.67,75.22,24.28,1
6/5/1995,0.3,2.41,8.43,33.72,25.29,100.53,22.59,74.65,23.95,1
6/6/1995,1.4,2.13,7.03,32.57,25.54,100.53,21.98,76.45,24.01,1
6/7/1995,6.84,2.33,6.61,31.94,25.33,100.52,20.71,82.41,24.47,1
6/8/1995,3.82,2.71,6.1,31.53,25.43,100.54,16.85,82.64,24.42,1
6/9/1995,14.17,2.43,6.01,31.34,25.33,100.52,18.62,85.37,24.93,1
6/10/1995,13.47,2.55,6.03,31.44,25.41,100.51,20,85.04,25.02,1
6/11/1995,3.23,2.09,5.79,30.99,25.2,100.52,24.28,86.06,25.05,1
6/12/1995,0.43,1.76,7.22,31.92,24.7,100.56,22.52,82.28,24.58,1
6/13/1995,0.62,1.22,8.2,33.43,25.23,100.56,20.56,78.74,24.76,1
6/14/1995,11.6,1.07,5.41,31.42,26.01,100.63,20.73,83.53,25.27,1
6/15/1995,19.18,1.34,7.68,32.75,25.07,100.62,22.24,81.83,25.12,1
6/16/1995,6.31,1.84,5.2,30.79,25.59,100.55,23.46,86.65,25.24,1
6/17/1995,9.97,1.78,6.13,31.15,25.02,100.48,21.69,86.24,25.33,1
6/18/1995,6.37,1.88,4.72,30.27,25.55,100.57,18.04,86.99,25.05,1
6/19/1995,9.19,1.82,5.86,30.78,24.92,100.69,16.33,87.09,25.03,1
6/20/1995,0.59,1.96,5.88,31.08,25.2,100.85,21.7,84.99,24.73,1
6/21/1995,0.05,2.04,7.52,32.4,24.88,100.84,22.42,81.48,24.33,1
6/22/1995,2.85,2.09,8.35,32.9,24.55,100.75,20.26,79.4,23.91,1
6/23/1995,6.67,1.99,8.04,32.38,24.34,100.62,18.14,83.66,24.66,1
6/24/1995,22.5,2.63,4.31,29.23,24.92,100.59,20.26,89.26,24.51,1
6/25/1995,14.01,2.75,7.41,31.59,24.18,100.58,19.76,84.15,24.23,1
6/26/1995,1.14,2.55,6.03,30.42,24.39,100.62,17.5,86.24,24.51,1
6/27/1995,9.29,2.02,5.31,29.57,24.26,100.46,18.48,88.68,24.88,1
6/28/1995,5.72,2.2,4.6,29.5,24.9,100.36,18.08,90.15,24.95,1
6/29/1995,22.59,2.15,3.88,28.66,24.78,100.41,15.7,91.33,24.9,1
6/30/1995,15.27,2.85,5.42,29.76,24.34,100.43,17.16,89.84,25.06,1
7/1/1995,9.47,2.3,4.19,28.66,24.47,100.46,17.48,88.42,24.39,1
7/2/1995,1.02,2.31,7.28,31.7,24.42,100.51,18.57,83.63,24.22,1
7/3/1995,4.8,2.65,4.16,29.16,25,100.64,19.83,88.39,24.6,1
7/4/1995,1.31,1.68,4.9,29.47,24.57,100.68,15.13,89.38,24.65,1
7/5/1995,1.78,1.35,7.07,30.79,23.72,100.58,22.61,85.11,24.18,1
7/6/1995,1.43,1.76,6.07,30.4,24.33,100.55,21.11,86.18,24.41,1
7/7/1995,9.03,1.72,3.36,28,24.64,100.52,18.17,90.5,24.42,1
7/8/1995,12.87,1.12,6.93,31.05,24.12,100.53,17.64,82.45,24.16,1
7/9/1995,9.53,1.92,4.72,29.72,25,100.56,21.53,89.14,24.95,1
7/10/1995,16.75,1.94,5.57,29.77,24.2,100.58,14.56,89.5,24.6,1
7/11/1995,1.79,2.13,6.77,30.16,23.39,100.68,19.35,88.21,24.03,1
7/12/1995,0.22,2,7.21,30.72,23.51,100.68,21.14,85.75,23.98,1
7/13/1995,0.85,2.54,7.35,31.01,23.66,100.66,23.02,85.71,24.2,1
7/14/1995,3.17,2.5,7.83,31.36,23.53,100.57,23.66,85.1,24.31,1
7/15/1995,22.39,2.2,5.95,30.1,24.15,100.5,18.61,88.96,24.78,1
7/16/1995,8.5,2.8,4.45,29.02,24.57,100.48,14.01,90.51,24.56,1
7/17/1995,7.5,1.9,5.44,29.4,23.96,100.55,16.28,89.45,24.4,1
7/18/1995,1.91,1.79,5.99,29.79,23.8,100.66,18.38,86.18,24.02,1
7/19/1995,1.36,1.94,6.53,30.58,24.05,100.71,17.64,86.44,24.46,1
7/20/1995,0.96,2.22,6.93,30.8,23.87,100.78,23.89,85.97,24.3,1
7/21/1995,3.19,1.55,6.26,30.18,23.92,100.71,22.58,86.82,24.48,1
7/22/1995,13.43,1.81,7.07,31.13,24.06,100.61,21,85.77,24.81,1
7/23/1995,3.65,1.98,5.95,30.53,24.58,100.58,21.36,87.18,24.86,1
7/24/1995,5.69,2.59,7.02,31.29,24.27,100.62,21.29,86.75,24.65,1
7/25/1995,13.57,3.08,6.67,30.74,24.07,100.57,19.79,88.06,24.38,1
7/26/1995,6.34,1.94,5.68,29.34,23.66,100.71,20.42,89.4,24.23,1
7/27/1995,1.36,2.34,7.08,31.16,24.08,100.69,22.36,86.63,24.44,1
7/28/1995,6.79,2.44,5.91,30.31,24.4,100.5,18.32,87.67,24.74,1
7/29/1995,7.43,2.85,6.16,30.58,24.42,100.37,18.44,88.95,25.02,1
7/30/1995,28.2,3.58,4.96,29.72,24.76,100.33,15.42,90.31,24.97,1
7/31/1995,28.13,3.5,4.75,29.14,24.39,100.57,11.56,91.25,24.82,1
8/1/1995,0.55,2.57,6.45,30.75,24.3,100.69,21.15,87.63,24.86,1
8/2/1995,1.75,1.95,6.68,31.05,24.37,100.56,22.44,87.6,24.96,1
8/3/1995,1.92,2.01,5.65,30.14,24.49,100.36,22.13,87.56,24.86,1
8/4/1995,17.64,3.14,3.89,28.6,24.71,100.47,13.98,91.83,24.9,1
8/5/1995,7.68,2.48,6,29.91,23.91,100.56,12.79,89.3,24.76,1
8/6/1995,3.29,2.55,5.54,30.02,24.48,100.57,19.35,90.07,25.01,1
8/7/1995,2.18,2.66,5.42,30.14,24.72,100.57,18.73,88.91,24.86,1
8/8/1995,4.12,1.06,6.88,30.9,24.02,100.64,20.55,84.6,24.02,1
8/9/1995,3.28,1.76,5.28,29.19,23.91,100.72,17.32,89.61,24.44,1
8/10/1995,1.12,1.45,6.65,31.13,24.48,100.84,21.78,85.75,24.83,1
8/11/1995,2.25,1.3,5.71,30.23,24.52,100.91,22.4,87.41,24.97,1
8/12/1995,0.37,1.57,7.67,31.66,23.99,100.83,18.77,83.72,24.32,1
8/13/1995,1.14,1.75,7.57,31.45,23.88,100.65,17.9,84.71,24.47,1
8/14/1995,4.2,1.6,6.25,30.48,24.23,100.7,19.06,86.86,24.63,1
8/15/1995,1.35,0.99,6.43,30.4,23.97,100.75,21.94,83.63,23.95,1
8/16/1995,1.38,0.72,7.19,31.56,24.37,100.72,22.78,81.92,24.34,1
8/17/1995,0.09,0.69,4.67,29.69,25.02,100.69,17.65,85.39,24.54,1
8/18/1995,0.29,0.95,6.41,30.8,24.39,100.69,17.32,85.03,24.89,1
8/19/1995,0.84,1.12,6.72,31.56,24.84,100.63,18.83,84.49,24.94,1
8/20/1995,2.28,2.53,6.44,31.2,24.76,100.61,18.33,86.94,25.15,1
8/21/1995,5.78,2.52,5.69,30.06,24.37,100.6,17.41,88.62,24.67,1
8/22/1995,10.95,2.5,5.99,30.2,24.21,100.5,19.48,89.29,24.97,1
8/23/1995,6.98,2.47,4.22,29.14,24.92,100.56,19.23,91.54,25.01,1
8/24/1995,4.88,2.61,5.82,30.3,24.48,100.67,17.92,89.04,25.03,1
8/25/1995,6.31,2.49,6.11,30.4,24.29,100.54,19.64,89.9,24.98,1
8/26/1995,29.36,2.76,4.1,28.87,24.77,100.37,13.6,92.3,25.02,1
8/27/1995,23.96,3.2,4,28.79,24.79,100.31,11.83,91.92,25.07,1
8/28/1995,32.66,3.88,3.61,28.72,25.11,100.36,8.52,92.33,25.09,1
8/29/1995,8.43,3.45,4.32,29.15,24.83,100.46,9.15,91.28,24.82,1
8/30/1995,4.86,3,5.31,29.57,24.26,100.5,13.33,89.94,24.77,1
8/31/1995,1.44,3.21,4.45,29.6,25.15,100.51,14.28,89.97,25.05,1
9/1/1995,12.54,2.48,4.82,29.46,24.64,100.54,17.85,90.19,24.98,1
9/2/1995,37.84,1.33,3.38,27.7,24.32,100.58,16.87,92.14,24.73,1
9/3/1995,6.93,1.41,6.5,30.33,23.83,100.59,15.97,87.78,24.67,1
9/4/1995,1.03,3.01,5.53,29.54,24.01,100.58,16.5,90.81,24.61,1
9/5/1995,0.49,2.49,4.79,28.89,24.1,100.63,15.42,90.78,24.53,1
9/6/1995,5.41,2.95,5.65,29.51,23.86,100.62,14.34,91.24,24.85,1
9/7/1995,12.45,3.32,4.43,28.63,24.2,100.73,14,91.78,24.52,1
9/8/1995,2.63,2.75,4.45,28.35,23.9,100.82,19.36,91.65,24.37,1
9/9/1995,8.37,1.26,6.85,30.25,23.4,100.76,19.91,86.74,24.18,1
9/10/1995,21.75,1.81,4.36,28.65,24.29,100.66,11.62,91.05,24.67,1
9/11/1995,5.09,2.19,4.51,28.59,24.08,100.6,17.77,91.82,24.6,1
9/12/1995,11.49,2.75,6.26,30.35,24.09,100.7,18.6,89.28,24.74,1
9/13/1995,4.55,2.46,5.86,29.87,24.01,100.76,17.29,90.72,24.81,1
9/14/1995,8.23,2.12,4.6,28.86,24.26,100.64,17.33,93.07,25.15,1
9/15/1995,23.33,1.53,3.73,28.41,24.68,100.56,17.53,92.94,24.91,1
9/16/1995,13.86,1.54,7.19,30.86,23.67,100.62,16.13,88.39,24.82,1
9/17/1995,10.67,1.98,4.2,28.75,24.55,100.7,18.03,91.53,25.03,1
9/18/1995,8,1.52,3.77,28.14,24.37,100.6,17.6,92,24.59,1
9/19/1995,11.43,1.72,7.25,31.12,23.87,100.51,16.22,87.22,24.79,1
9/20/1995,16.64,1.97,6.14,30.46,24.32,100.71,16.7,89.74,24.84,1
9/21/1995,5.11,1.8,5.29,29.4,24.11,100.85,16.77,90.46,24.83,1
9/22/1995,14.63,1.95,5.63,29.43,23.8,100.8,16.84,90.96,24.91,1
9/23/1995,15.82,2.28,3.77,28.15,24.38,100.72,14.14,93.28,24.92,1
9/24/1995,1.83,1.3,6.36,30.28,23.92,100.72,16.32,87.22,24.07,1
9/25/1995,6.55,1.98,6,30.08,24.08,100.85,15.47,89.16,24.76,1
9/26/1995,2.25,0.73,5.71,30.07,24.36,100.9,21.94,86.77,24.57,1
9/27/1995,5.77,0.96,6.6,31.13,24.53,100.84,21.9,84.11,24.59,1
9/28/1995,6.73,1.35,6.51,31.24,24.73,100.67,19.25,87.27,25.17,1
9/29/1995,10.66,1.14,4.07,28.37,24.3,100.51,12.51,92.1,24.99,1
9/30/1995,7.23,1.58,5.68,30.22,24.54,100.48,19.82,89.44,25.18,1
10/1/1995,2.57,0.86,5.59,30.27,24.68,100.68,17.12,86.9,24.71,1
10/2/1995,5.06,1.39,3.23,27.87,24.64,100.77,16.69,93.11,24.93,1
10/3/1995,22.54,1.94,4.65,29.08,24.43,100.76,15.67,91.72,25.05,1
10/4/1995,10.71,1.6,5.23,29.52,24.29,100.8,18.79,89.36,24.74,1
10/5/1995,3.47,0.67,4.89,29.14,24.25,100.89,19.65,87.94,24.2,1
10/6/1995,15.73,1.1,6.59,30.32,23.73,100.83,14.01,86.7,24.43,1
10/7/1995,29.25,1.52,2.91,26.74,23.83,100.73,17.11,94.57,24.46,1
10/8/1995,16.45,1.55,6.75,30,23.25,100.71,14.76,89.65,24.31,1
10/9/1995,12.11,1.96,7.43,31.08,23.65,100.55,15.67,90.56,25.14,1
10/10/1995,34.85,2.29,2.51,27.48,24.97,100.42,13.89,95.24,25.4,1
10/11/1995,4.52,2.06,4.47,29.48,25.01,100.44,15.68,93.63,25.48,1
10/12/1995,23.26,3.03,5.27,29.75,24.48,100.62,16.16,92.52,25.41,1
10/13/1995,9.11,2.63,5.5,30.46,24.96,100.68,17.07,91.11,25.55,1
10/14/1995,4.09,1.73,5.93,30.25,24.32,100.69,22.7,90.04,25.22,1
10/15/1995,2.71,1.13,4.6,28.62,24.02,100.79,20.4,89.57,24.46,1
10/16/1995,7.77,0.94,4.91,28.98,24.07,100.85,18.89,88.45,24.45,1
10/17/1995,4.33,0.93,5.91,30.19,24.28,100.88,13.67,85.07,24.52,1
10/18/1995,3.07,1.14,6.15,30.55,24.4,100.87,18.76,86.02,24.77,1
10/19/1995,10.28,1.25,5.93,30.46,24.53,100.77,21.42,83.24,24.32,1
10/20/1995,6.09,0.8,4.59,29.03,24.44,100.72,21.08,86.45,24.23,1
10/21/1995,0.74,1.58,8.12,30.88,22.76,100.76,22.19,83.18,23.54,1
10/22/1995,6.94,2.25,7.09,30.37,23.28,100.81,23.66,85.23,23.58,1
10/23/1995,11.08,2.45,7.07,30.23,23.16,100.77,21.66,87.97,24.23,1
10/24/1995,6.1,3.03,5.69,29.93,24.24,100.74,22.52,89.65,24.69,1
10/25/1995,6.23,3,6.26,29.55,23.29,100.71,19.42,88.57,24.02,1
10/26/1995,0.13,3.44,6.35,29.53,23.18,100.53,14.24,88.2,23.75,1
10/27/1995,0.19,1.82,6.86,29.95,23.09,100.44,18.16,88.86,24.1,1
10/28/1995,2.87,1.28,5.75,29.61,23.86,100.62,18.58,90.48,24.83,1
10/29/1995,4.59,2.06,5.69,30.5,24.81,100.54,20.39,89.66,25.32,1
10/30/1995,2.77,2.08,6.11,30.75,24.64,100.56,17.12,86.6,24.53,1
10/31/1995,0.61,1.94,7.11,30.79,23.68,100.59,17.22,84.49,23.6,1
11/1/1995,0.72,2.35,6.65,30.28,23.63,100.56,21.56,85.66,23.5,1
11/2/1995,0.37,1.54,7.71,29.8,22.09,100.69,15.45,86.01,23.06,1
11/3/1995,2.33,1.7,5.63,29.6,23.97,100.8,18.59,89.22,24.39,1
11/4/1995,2.08,1.96,6.48,29.95,23.47,100.82,16.74,85,23.08,1
11/5/1995,0,1.59,7.89,29.41,21.52,100.84,20,82.04,21.8,0
11/6/1995,0.01,1.78,7.64,29.67,22.03,100.79,19.99,83.73,22.2,1
11/7/1995,0.98,1.21,9.47,31.05,21.58,100.85,20.57,81.25,23.05,1
11/8/1995,2.24,2.08,6.67,30.11,23.44,100.94,19,85.74,23.75,1
11/9/1995,2.7,2.76,7.21,30.29,23.08,100.92,19.23,87.55,24.19,1
11/10/1995,11.85,2.35,5.81,29.71,23.9,100.97,16.26,90.37,24.66,1
11/11/1995,22.66,1.75,6.26,30.01,23.75,100.93,17.48,87.93,24.37,1
11/12/1995,0.38,1.61,5.92,29.98,24.06,100.93,20.33,83.22,23.05,1
11/13/1995,5.4,0.65,8.53,31.33,22.8,101,21.84,81.45,23.33,1
11/14/1995,0.31,2.05,7.04,30.58,23.54,100.94,19.44,84.41,23.42,1
11/15/1995,2.77,3.04,6.61,29.6,22.99,100.84,19.86,86.19,23.32,1
11/16/1995,2.45,3.05,6.95,29.25,22.3,100.91,17.32,86.98,23.13,1
11/17/1995,0.08,2.87,7.99,30.27,22.28,100.96,20.07,85.95,23.41,1
11/18/1995,0.03,3.2,8.25,29.97,21.72,100.95,18.43,84.44,22.7,1
11/19/1995,0,2.91,8.33,30.34,22.01,100.83,16.27,85.51,23.11,0
11/20/1995,0,3.04,8.18,29.99,21.81,100.9,17.33,84.61,22.83,0
11/21/1995,0,3.12,8.57,29.89,21.32,100.97,20.54,83.04,22.31,0
11/22/1995,0.29,2.87,8.66,30.31,21.65,101.06,21.55,82.93,22.55,1
11/23/1995,0.49,3.37,7.24,29.38,22.14,101.17,18.05,84.41,22.33,1
11/24/1995,0.09,3.66,6.93,27.73,20.8,101.19,16.78,82.75,20.35,1
11/25/1995,0.18,2.7,9.08,27.59,18.51,101.06,18.76,82.23,19.42,1
11/26/1995,0.89,2.3,7.15,27.24,20.09,101.07,13.3,84.6,20.12,1
11/27/1995,0.06,1.66,5.41,26.27,20.86,101.02,15.69,88.01,20.92,1
11/28/1995,0.31,2.17,8.81,29.82,21.01,100.86,18.68,85.11,22.16,1
11/29/1995,1.08,2.42,6.33,29.68,23.35,100.85,17.93,86.49,23.39,1
11/30/1995,5.96,2.37,7.12,30.51,23.39,100.82,17.64,84.67,23.46,1
12/1/1995,11.06,2.67,6.43,29.46,23.03,100.85,17.43,87.17,23.3,1
12/2/1995,1.07,3.06,6,28.06,22.06,101.05,20.43,83.36,21.33,1
12/3/1995,0.1,2.85,9.01,28.6,19.59,101.06,20.54,78.51,19.47,1
12/4/1995,0.26,3.03,9.64,28.38,18.74,101.05,21.41,77.36,18.65,1
12/5/1995,0,3.29,9.39,27.9,18.51,101.11,19.72,77.43,18.25,0
12/6/1995,0,3.67,10.02,27.5,17.48,101.25,19.33,75.82,17.39,0
12/7/1995,0,3.54,9.48,27.99,18.51,101.23,17.15,77.73,18.09,0
12/8/1995,0.02,3.43,8.44,26.52,18.08,101.27,20.85,75.58,17.22,1
12/9/1995,0,3.3,8.17,27.29,19.12,101.17,20.95,76.39,18.23,0
12/10/1995,0.01,2.69,10.66,29.88,19.22,101.1,20.77,77.03,19.25,1
12/11/1995,0.05,2.42,10.11,29.46,19.35,101.13,15.95,78.64,19.99,1
12/12/1995,0.14,2.24,8.49,29.97,21.48,101.1,17.17,80.7,21.33,1
12/13/1995,1.05,2.39,8.4,30.1,21.7,101.05,12.5,79.39,21.3,1
12/14/1995,1.29,1.88,8.8,31,22.2,100.95,13.44,79.3,22.16,1
12/15/1995,4.77,1.33,7.83,31.18,23.35,101.06,13.26,82.57,22.94,1
12/16/1995,0.44,1.56,8.53,31.71,23.18,101.15,16.06,80.38,22.59,1
12/17/1995,1.36,1.54,9.72,32.45,22.73,101.1,15.51,78.74,22.85,1
12/18/1995,4.65,2.32,9.88,32.21,22.33,101.11,20.31,78.51,22.5,1
12/19/1995,6.08,2.61,9.02,31.77,22.75,101.16,18.86,78.55,22.24,1
12/20/1995,12.25,3.61,8.94,30.89,21.95,101.23,15.17,79.41,21.48,1
12/21/1995,0.77,3.84,9.73,30.54,20.81,101.2,20.97,77.92,20.75,1
12/22/1995,0.01,3.49,9.62,29.8,20.18,101.24,21.06,73.75,19.3,1
12/23/1995,0.37,3.3,10.14,30.83,20.69,101.15,19.67,74.88,20.12,1
12/24/1995,0,3.63,10.47,31.28,20.81,101.17,18.4,71,19.4,0
12/25/1995,0,3.93,9.96,30.42,20.46,101.26,20.23,71.02,19.12,0
12/26/1995,0.07,3.96,10.01,30.8,20.79,101.32,20.48,73.2,19.76,1
12/27/1995,0.37,4.1,7.24,28.27,21.03,101.46,19.75,71.23,18.5,1
12/28/1995,0,4.09,10.21,29.96,19.75,101.48,20.63,69.95,18.07,0
12/29/1995,0,3.5,11.69,29.54,17.85,101.45,20.67,64.7,15.28,0
12/30/1995,0,3.07,12.32,28.63,16.31,101.39,19.49,65.11,14,0
12/31/1995,0,2.87,13.41,28.63,15.22,101.5,19.38,63.68,13.1,0
1/1/1996,0,2.54,14.15,28.9,14.75,101.53,19.67,64.56,13.56,0
1/2/1996,0,2.36,14.38,29.49,15.11,101.5,20.8,63.91,13.81,0
1/3/1996,0,2.41,14.25,30.01,15.76,101.43,19.16,65.81,15.21,0
1/4/1996,0,1.9,13.81,30.55,16.74,101.26,20.76,64.04,15.79,0
1/5/1996,0,1.53,13.42,31.3,17.88,101.09,19.02,66.94,16.57,0
1/6/1996,0.68,1.59,14.07,32.18,18.11,101.1,20.67,68.83,17.61,1
1/7/1996,0,1.62,13.65,33.29,19.64,101.14,19.51,66.89,18.3,0
1/8/1996,0,2.75,13.67,33.79,20.12,101.19,21.42,63.12,17.88,0
1/9/1996,0.3,2.44,12.1,32.63,20.53,101.12,21.37,65.05,18.61,1
1/10/1996,0.51,2.13,12.96,33.23,20.27,101.12,21.38,64.93,18.65,1
1/11/1996,0.39,1.47,12.74,33.89,21.15,101.02,19.63,68.96,19.98,1
1/12/1996,6.33,1.57,11.31,33.36,22.05,101.04,19.67,71.25,20.14,1
1/13/1996,0,1.34,14.12,34.28,20.16,101,19,67.62,19.22,0
1/14/1996,0.06,1.29,13.19,33.08,19.89,100.95,17.78,68.32,18.99,1
1/15/1996,0,1.37,14.73,34.62,19.89,101,19.44,64.2,18.15,0
1/16/1996,0,2.25,15.3,34.69,19.39,101.02,20.01,60.16,16.35,0
1/17/1996,0,1.95,15.71,34.67,18.96,100.97,19.73,56.91,15.32,0
1/18/1996,0,1.48,15.33,34.5,19.17,100.93,20.08,61.62,17.03,0
1/19/1996,0.18,1.4,13.57,34.09,20.52,100.82,20.57,66.8,19.44,1
1/20/1996,1.7,1.34,10.22,33.02,22.8,100.73,18.57,71.22,21.03,1
1/21/1996,0.01,1.12,12.32,35.07,22.75,100.73,16.17,66.66,20.56,1
1/22/1996,0.02,2.71,13.76,36.1,22.34,100.78,20.21,56.84,18.02,1
1/23/1996,0.33,1.97,9.57,32.96,23.39,100.85,11.99,69.46,20.92,1
1/24/1996,0.14,1.74,11.09,33.66,22.57,100.83,19.31,64.2,20.12,1
1/25/1996,0.48,1.68,12.85,35.79,22.94,100.72,19.3,61.79,19.92,1
1/26/1996,0.21,2.57,12.8,36.1,23.3,100.73,18.65,57.45,18.45,1
1/27/1996,0.92,3,13.87,35.57,21.7,100.9,21.92,57.53,17.68,1
1/28/1996,1.39,3.51,13.55,34.72,21.17,100.99,20.56,53.92,16.22,1
1/29/1996,5.85,3.41,14.11,33.53,19.42,101.01,20.43,61.76,17,1
1/30/1996,0.24,3.11,14.92,33.87,18.95,100.94,20.39,59.53,16.83,1
1/31/1996,0.18,2.93,12.82,33.74,20.92,100.96,15.54,61.63,18.45,1
2/1/1996,0.01,4.54,11.58,34.04,22.46,100.99,16.57,57.81,17.87,1
2/2/1996,0,4.77,13.38,33.67,20.29,101.06,20.13,54.63,15.75,0
2/3/1996,0,3.87,13.74,33.68,19.94,101.04,20.99,53.26,15.35,0
2/4/1996,0.18,2.8,14.65,35.12,20.47,100.92,22.14,54.33,16.75,1
2/5/1996,0.16,3.49,13.69,35.01,21.32,100.96,20.93,52.68,16.47,1
2/6/1996,0,3.66,13.98,35.08,21.1,101.04,23.2,49.35,15.08,0
2/7/1996,0,3.23,14.66,35.4,20.74,101.04,21.98,47.31,14.69,0
2/8/1996,0,2.85,13.97,35.66,21.69,101.05,22.64,48.57,15.86,0
2/9/1996,0,4.13,12.38,34.85,22.47,101.19,23.29,47.78,15.61,0
2/10/1996,0,4.9,12.68,33.73,21.05,101.28,22.83,47.23,13.55,0
2/11/1996,0,2.22,14.15,33.48,19.33,101.13,23.3,49.23,14.41,0
2/12/1996,0,1.62,15.01,36.81,21.8,100.91,20.91,48.95,16.56,0
2/13/1996,0,2.23,13.7,37.76,24.06,100.69,21.64,55.73,19.72,0
2/14/1996,0,2.62,12.68,37.58,24.9,100.64,20.61,56.86,20.55,0
2/15/1996,0,2.58,12.64,37.81,25.17,100.61,20.62,56.55,20.76,0
2/16/1996,0.01,2.24,12.16,38.34,26.18,100.58,21.13,51.94,20.03,1
2/17/1996,0.73,3.18,12.24,37.97,25.73,100.69,21.87,54.32,20.47,1
2/18/1996,2.72,3.79,12.14,37.89,25.75,100.91,16.78,52.74,19.49,1
2/19/1996,0.16,2.5,12.72,38.2,25.48,101.04,15.52,47.32,17.58,1
2/20/1996,0,4.49,12.12,36.78,24.66,101.11,19.61,46.02,16.66,0
2/21/1996,0.01,4.97,13.09,35.95,22.86,101.21,24.02,44.31,15.05,1
2/22/1996,0.02,3.95,14.17,36.55,22.38,101.17,23.64,43.93,14.91,1
2/23/1996,0.37,3.6,14.12,36.7,22.58,101.16,24.07,43.42,14.67,1
2/24/1996,0.66,2.54,15.03,37.06,22.03,101.09,21.92,46.96,15.61,1
2/25/1996,0.75,1.71,13.85,36.88,23.03,101.04,18.34,47.3,15.68,1
2/26/1996,0.04,1.9,13.88,36.46,22.58,101.07,20.42,47.31,16.42,1
2/27/1996,0.77,1.98,12.01,35.75,23.74,101.08,19.74,51.19,17.84,1
2/28/1996,0.01,1.91,13.07,37,23.93,101.08,20.99,46.83,16.76,1
2/29/1996,0.03,2.47,14.07,37.61,23.54,101.03,21.22,45.44,16.12,1
3/1/1996,0,2.96,14.64,37.74,23.1,101.07,21.43,41.21,13.72,0
3/2/1996,0,2.58,14.55,36.66,22.11,101,24.51,39.85,12.77,0
3/3/1996,0,2.26,15.02,36.52,21.5,101.04,20.47,38.02,12.01,0
3/4/1996,0,2.16,15.59,36.32,20.73,101.09,22.16,38.5,11.23,0
3/5/1996,0.02,1.05,16.44,36.47,20.03,100.99,21.27,37.31,10.68,1
3/6/1996,0,2.43,14.59,36.96,22.37,100.9,21.9,47.54,15.31,0
3/7/1996,0,2.26,14.71,37.77,23.06,100.89,20.57,48.89,16.76,0
3/8/1996,0,2.54,14.61,38.59,23.98,100.92,21.87,47.94,17.21,0
3/9/1996,0.37,2.57,13.35,38.23,24.88,100.93,21.87,50.71,19.25,1
3/10/1996,0.44,2.77,12.89,38.85,25.96,100.85,18.93,49.09,19.3,1
3/11/1996,1.26,3.54,13.01,38.51,25.5,100.91,22.19,52.11,19.24,1
3/12/1996,0.38,1.67,13.82,38.59,24.77,101.01,22.15,53.26,19.63,1
3/13/1996,0.51,2,12.83,38.67,25.84,100.86,17.99,51.71,18.93,1
3/14/1996,0,3.21,15.51,39.52,24.01,100.86,22.08,48.83,17.44,0
3/15/1996,0,2.43,15.58,39.48,23.9,100.77,21.88,48.19,17.44,0
3/16/1996,0,2.2,15.52,40.85,25.33,100.53,21.89,47.54,18.59,0
3/17/1996,0,2.65,14.78,40.99,26.21,100.56,22.47,46.23,18.43,0
3/18/1996,0,2.69,15.52,41.33,25.81,100.54,22.75,46.17,18.53,0
3/19/1996,0,3.27,13.82,40.8,26.98,100.45,25.27,47.4,19.74,0
3/20/1996,0,2.58,13.49,40.84,27.35,100.48,21.96,46.95,19.91,0
3/21/1996,0.01,2.21,12.63,40.94,28.31,100.61,18.67,44.94,19.27,1
3/22/1996,0.41,2.85,13.01,41.12,28.11,100.7,21.82,43.04,18.85,1
3/23/1996,0.03,3.55,11.97,40.18,28.21,100.75,20.65,46.5,19.68,1
3/24/1996,0.87,3.09,13.59,40.21,26.62,100.77,22.68,48.49,19.48,1
3/25/1996,0,3.2,13.83,40.8,26.97,100.68,22.5,49.04,19.63,0
3/26/1996,0.01,3.1,13.16,39.87,26.71,100.59,20.78,49.63,19.85,1
3/27/1996,1.35,3.21,13.13,40.01,26.88,100.57,20.63,47.36,18.81,1
3/28/1996,0.19,2.42,12.02,37.64,25.62,100.67,24.18,51.12,19.4,1
3/29/1996,0,2.3,12.87,39.13,26.26,100.59,21.08,49.04,19.65,0
3/30/1996,0.17,2.88,13.21,40.28,27.07,100.47,20.8,47.16,19.76,1
3/31/1996,0.34,2.63,13.91,41.01,27.1,100.39,22.06,46.85,19.87,1
4/1/1996,0,3.41,13.69,41.08,27.39,100.4,21.58,46.71,19.87,0
4/2/1996,0.01,3.39,12.56,39.86,27.3,100.52,22.33,48.99,20.29,1
4/3/1996,0.2,3.34,10.96,38.92,27.96,100.67,17.85,45.92,18.94,1
4/4/1996,2.1,2.68,13.56,39.55,25.99,100.75,21.91,45.83,18.71,1
4/5/1996,4.16,2.06,11.5,38,26.5,100.83,21.09,54.33,20.56,1
4/6/1996,7.2,1.25,8.24,34.5,26.26,100.87,17.37,64.77,22.33,1
4/7/1996,4.2,2.39,8.04,34.02,25.98,100.92,13.8,69.49,22.82,1
4/8/1996,5.25,2.38,10.99,36.21,25.22,100.8,21.55,65.91,22.6,1
4/9/1996,15.95,2.13,8.32,33.95,25.63,100.63,21.52,75.08,24.12,1
4/10/1996,0.01,1.64,8.78,34.46,25.68,100.52,21.07,69.98,23.3,1
4/11/1996,0.11,1.98,9.98,35.85,25.87,100.62,21.6,64.99,22.37,1
4/12/1996,0.66,2.49,12.63,37.48,24.85,100.85,21.45,60.89,21.42,1
4/13/1996,11.97,1.64,7.86,33.58,25.72,100.94,19.87,71.82,23.29,1
4/14/1996,6.02,2.12,8.84,34.72,25.88,100.94,20.05,73.14,23.49,1
4/15/1996,0.25,1.63,10.64,35.6,24.96,100.88,17.32,68.18,22.82,1
4/16/1996,0.01,2.03,12.44,37.38,24.94,100.65,19.41,60.48,21.45,1
4/17/1996,2.28,2.29,9.16,35.17,26.01,100.69,19.43,67.37,23,1
4/18/1996,10.35,1.87,6.15,32.26,26.11,100.75,18.23,77.95,24.29,1
4/19/1996,1.5,2.28,8.22,33.42,25.2,100.68,19.92,74.87,23.72,1
4/20/1996,3.6,2.58,10.46,35.5,25.04,100.62,16.88,72.05,23.58,1
4/21/1996,5.43,1.36,7.58,32.95,25.37,100.79,18.4,76.43,23.99,1
4/22/1996,3.71,2.19,5.31,29.4,24.09,101.01,18.73,79.11,22.22,1
4/23/1996,10.46,1.66,11.97,34.76,22.79,100.87,21.32,68.64,21.78,1
4/24/1996,7.91,1.72,10,34.68,24.68,100.77,23.68,74.12,23.54,1
4/25/1996,3.4,1.93,10.2,35.23,25.03,100.69,23.81,71.26,23.41,1
4/26/1996,10.38,1.69,7.79,33.03,25.24,100.65,20.82,76.33,24.16,1
4/27/1996,3.06,2.29,10.57,35.51,24.94,100.62,21.33,71.7,23.57,1
4/28/1996,0.95,2.31,11,35.99,24.99,100.55,21.87,68.25,22.96,1
4/29/1996,1.96,2.31,10.1,36.11,26.01,100.49,21.6,70.31,23.78,1
4/30/1996,12.6,1.9,6.16,32.1,25.94,100.48,15.22,81.57,24.85,1
5/1/1996,6.06,2.39,8.63,33.68,25.05,100.56,21,78.73,24.1,1
5/2/1996,1.65,1.41,6.47,31.67,25.2,100.67,22.56,80.31,24.23,1
5/3/1996,4.73,1.72,6.5,32.28,25.78,100.77,17.29,80.39,24.35,1
5/4/1996,2.71,1.87,11.29,36.14,24.85,100.73,22.84,72.19,23.5,1
5/5/1996,5.77,2.05,10.27,35.4,25.13,100.62,23.09,74.69,24.14,1
5/6/1996,1.93,2.35,8.82,33.97,25.15,100.72,22.64,76.73,24.36,1
5/7/1996,4.57,1.39,6.74,32.12,25.38,100.87,20.05,80.38,24.66,1
5/8/1996,14.17,1.33,6.8,32.2,25.4,100.83,15.54,79.24,24.31,1
5/9/1996,5.69,2.5,10.99,35.88,24.89,100.75,20.77,72.42,23.18,1
5/10/1996,9.28,2.67,9.53,33.53,24,100.78,17.45,81.37,24.29,1
5/11/1996,10.83,2.07,7.95,32.69,24.74,100.89,21.54,78.6,23.58,1
5/12/1996,25.97,2.03,9.03,33.06,24.03,100.85,20.11,80.01,23.99,1
5/13/1996,13.04,2.53,7.19,31.72,24.53,100.71,15.26,84.84,24.71,1
5/14/1996,28.31,2.4,6.49,31.37,24.88,100.55,16.16,87.22,25.13,1
5/15/1996,27.02,2.45,4.69,29.42,24.73,100.63,14.06,90.54,25.16,1
5/16/1996,4.41,2.82,6.6,31.02,24.42,100.75,13.03,85.78,24.57,1
5/17/1996,13.11,1.55,7.3,31.1,23.8,100.68,21.53,81.72,23.58,1
5/18/1996,6.56,1.7,7.06,31.31,24.25,100.48,17.32,85.35,24.68,1
5/19/1996,34.36,2.53,5.18,29.89,24.71,100.51,17.5,89.55,25.04,1
5/20/1996,9.28,2.68,5.52,29.72,24.2,100.61,17.88,89.8,24.86,1
5/21/1996,28.91,2.21,5.37,30.14,24.77,100.74,15.05,89.48,24.97,1
5/22/1996,1.79,2.42,5.42,29.87,24.45,100.8,20.61,88.61,24.58,1
5/23/1996,0.99,1.6,7.47,31.19,23.72,100.72,20.51,86.68,24.86,1
5/24/1996,10.03,2.04,6.32,31.1,24.78,100.76,24.32,87.46,25.28,1
5/25/1996,1.81,1.92,5.97,30.67,24.7,100.77,22.51,88.38,25.29,1
5/26/1996,2.03,2.06,6.53,31.22,24.69,100.72,17.99,87.71,25.37,1
5/27/1996,3.79,2.3,5.69,30.58,24.89,100.64,22.05,88.43,25.16,1
5/28/1996,5.02,1.85,4.72,29.27,24.55,100.53,17.98,91.05,25.15,1
5/29/1996,6.83,2.24,6.02,30.57,24.55,100.56,21.18,87.81,24.76,1
5/30/1996,0.22,1.67,8.08,31.85,23.77,100.74,22.45,84.6,24.63,1
5/31/1996,2.34,1.12,7.68,32.24,24.56,100.78,22.44,84.14,25.16,1
6/1/1996,14.47,1.51,6.66,31.4,24.74,100.61,22.48,85.17,25.2,1
6/2/1996,1.3,1.54,5.05,30.07,25.02,100.57,16.18,88.64,25.19,1
6/3/1996,0.09,1.75,6.21,30.87,24.66,100.62,21.62,86.57,24.83,1
6/4/1996,1.12,1.7,8.11,31.65,23.54,100.67,18.37,83.65,24.35,1
6/5/1996,0.63,1.15,7.56,31.89,24.33,100.63,22.56,82.11,24.48,1
6/6/1996,18.57,1.4,8.01,31.88,23.87,100.65,22.05,84.09,24.9,1
6/7/1996,2.63,1.66,4.28,29.59,25.31,100.68,21.29,87.21,24.93,1
6/8/1996,5.06,1.64,5.71,30.18,24.47,100.57,21.51,88.56,25.07,1
6/9/1996,6.01,1.45,8.19,32.47,24.28,100.61,21.43,82.18,24.39,1
6/10/1996,21.52,1.26,5.08,29.75,24.67,100.68,21.55,86.8,24.43,1
6/11/1996,9.33,1.32,6.64,30.56,23.92,100.67,20.96,86.59,24.48,1
6/12/1996,16.45,1.43,5.2,30.23,25.03,100.53,21.52,88.29,25.14,1
6/13/1996,6.19,1.58,6.01,30.68,24.67,100.47,19.02,88.87,25.48,1
6/14/1996,7.24,1.74,5.25,30.16,24.91,100.51,20.45,88.77,25.29,1
6/15/1996,3.02,2.18,5.39,29.71,24.32,100.5,20.41,89.98,24.98,1
6/16/1996,3.17,2.24,3.54,28.37,24.83,100.5,16.11,90.92,24.97,1
6/17/1996,17.03,2.63,4.79,29.48,24.69,100.57,16.06,90.28,25.06,1
6/18/1996,8.11,1.35,6.61,30.04,23.43,100.6,17.55,86.75,24.15,1
6/19/1996,0.71,1.95,7.17,31,23.83,100.62,19.23,86.88,24.69,1
6/20/1996,3.7,2.57,4.73,29.51,24.78,100.73,19.05,89.59,24.95,1
6/21/1996,14.81,2.16,4.64,28.87,24.23,100.84,20.89,90.75,24.73,1
6/22/1996,2.17,1.99,6.25,30.32,24.07,100.77,20.84,88.02,24.75,1
6/23/1996,5.18,2.13,5.41,30.03,24.62,100.74,21.94,89.01,24.95,1
6/24/1996,2.77,2.01,6.56,30.6,24.04,100.76,17.37,88.61,24.92,1
6/25/1996,7.39,2.25,4.05,28.24,24.19,100.84,17.64,90.86,24.28,1
6/26/1996,0.41,1.64,7.47,30.81,23.34,100.92,23.43,85.37,24.12,1
6/27/1996,0.56,1.31,8.73,32.22,23.49,100.91,23.42,82.47,24.34,1
6/28/1996,0.01,1.74,6.82,31.42,24.6,100.89,24.22,85.1,24.7,1
6/29/1996,0.31,1.57,6.21,30.36,24.15,100.93,22.66,87.06,24.8,1
6/30/1996,1.16,1.3,6.62,30.84,24.22,100.89,22.32,86.11,24.78,1
7/1/1996,0.54,1.5,6.17,30.59,24.42,100.8,18.11,87.2,24.87,1
7/2/1996,0.22,1.33,6.12,30.67,24.55,100.8,18.05,86.38,24.82,1
7/3/1996,0.57,0.86,5.72,30.3,24.58,100.86,21.98,84.82,24.62,1
7/4/1996,0.59,0.9,6.31,31.1,24.79,100.79,22.28,82.96,24.53,1
7/5/1996,0.33,0.82,6.72,31.24,24.52,100.51,22.13,82.22,24.41,1
7/6/1996,5.07,1.71,4.63,29.53,24.9,100.41,16.3,88.34,24.77,1
7/7/1996,1.33,1.71,4.34,28.86,24.52,100.55,20.26,88.91,24.26,1
7/8/1996,4.38,1.61,7.31,30.83,23.52,100.63,21.69,86.24,24.47,1
7/9/1996,0.61,1.52,7.05,31.21,24.16,100.59,21.64,84.94,24.51,1
7/10/1996,2.47,2.29,5.89,30.6,24.71,100.46,19.41,88.7,25.03,1
7/11/1996,6.77,2.21,5.17,29.96,24.79,100.43,19.99,88.03,24.67,1
7/12/1996,33.56,1.95,4.7,29.49,24.79,100.6,17.81,90.49,24.95,1
7/13/1996,5.51,1.47,6.59,30.33,23.74,100.73,22.16,86.93,24.38,1
7/14/1996,1.28,1.54,6.96,31.36,24.4,100.73,22,86.2,24.88,1
7/15/1996,20.4,2.12,5.31,29.96,24.65,100.72,19.9,89.17,24.94,1
7/16/1996,6.39,2.14,5.86,29.77,23.91,100.68,16.35,88.92,24.37,1
7/17/1996,6.31,2.26,6.28,29.76,23.48,100.72,18.34,88.68,24.28,1
7/18/1996,4.65,2.61,7.22,31.07,23.85,100.73,18.94,86.85,24.5,1
7/19/1996,5.89,2.53,5.38,29.51,24.13,100.74,18.88,88.21,24.31,1
7/20/1996,14.98,2.54,5.97,29.96,23.99,100.64,15.83,89.57,24.54,1
7/21/1996,7.85,3.06,3.82,27.79,23.97,100.6,10.4,91.29,24.09,1
7/22/1996,24.64,3.43,5.51,29.29,23.78,100.5,10.53,89.83,24.2,1
7/23/1996,19.54,3.7,5.71,29.45,23.74,100.41,12.62,90.09,24.24,1
7/24/1996,27.04,3.21,4.54,28.87,24.33,100.41,11.54,91.76,24.75,1
7/25/1996,19.63,3.15,4.96,29.42,24.46,100.6,14.18,89.76,24.52,1
7/26/1996,15.65,2.59,5.84,29.73,23.89,100.74,14.19,88.83,24.27,1
7/27/1996,27.67,3.04,5.8,29.76,23.96,100.63,16.23,89.53,24.55,1
7/28/1996,17.28,3.8,5.3,29.29,23.99,100.41,14.57,89.42,24.34,1
7/29/1996,15.37,3.71,4.61,28.84,24.23,100.35,10.13,91.78,24.83,1
7/30/1996,14.25,3.42,4.06,28.44,24.38,100.59,11.91,92.1,24.77,1
7/31/1996,3.54,2.53,6.15,29.89,23.74,100.68,20.34,90.18,24.75,1
8/1/1996,1.27,2.74,5.49,29.92,24.43,100.66,22.16,89.7,25.01,1
8/2/1996,1.57,2.75,6.01,30.45,24.44,100.56,17.82,89.75,25.16,1
8/3/1996,3.54,2.86,4.42,29.44,25.02,100.53,19.62,90.52,24.99,1
8/4/1996,5.14,2.94,3.62,27.95,24.33,100.6,9.8,92.67,24.57,1
8/5/1996,3.86,2.01,4.34,28.11,23.77,100.71,11.9,92.57,24.4,1
8/6/1996,2.21,2.59,7.42,30.25,22.83,100.71,17.84,89.51,24.57,1
8/7/1996,1.85,2.61,6.18,30.12,23.94,100.66,21.13,89.25,24.6,1
8/8/1996,11.39,2.41,5.68,29.69,24.01,100.54,19.57,89.6,24.78,1
8/9/1996,10.8,2.8,6.48,30.38,23.9,100.49,22.97,89.78,24.82,1
8/10/1996,12.3,2.89,6.06,29.64,23.58,100.55,21.03,90.41,24.67,1
8/11/1996,13.24,2.41,5.24,29.46,24.22,100.6,22.59,90.7,24.85,1
8/12/1996,6.62,2.35,6.52,30.02,23.5,100.6,16.5,89.18,24.55,1
8/13/1996,9.05,2.85,4.97,29.24,24.27,100.56,15.5,90.16,24.64,1
8/14/1996,7.72,2.87,5.61,29.8,24.19,100.58,19.18,88.94,24.53,1
8/15/1996,2.29,1.74,6.62,30.51,23.89,100.7,21.78,88.12,24.66,1
8/16/1996,10.12,1.03,8.13,31.58,23.45,100.8,23.32,82.6,24.12,1
8/17/1996,1.12,1.41,7.55,31.52,23.97,100.75,21.54,83.35,24.42,1
8/18/1996,4.18,1.78,5.05,29.12,24.07,100.76,19.8,88.99,24.15,1
8/19/1996,4.04,0.86,7.48,30.61,23.13,100.72,21.54,84.69,23.38,1
8/20/1996,16.1,1.35,7.1,30.6,23.5,100.73,18.47,85.33,24.17,1
8/21/1996,15.53,1.32,6.5,30.52,24.02,100.69,16.44,85.72,24.43,1
8/22/1996,4.51,2.5,5.67,29.73,24.06,100.67,16.83,89.44,24.61,1
8/23/1996,14.24,2.57,5.19,28.94,23.75,100.66,12.98,92.2,24.52,1
8/24/1996,20.13,2.15,4.26,28.09,23.83,100.59,13.31,92.53,24.48,1
8/25/1996,32.69,1.68,6.99,29.63,22.64,100.62,8.24,89.1,23.93,1
8/26/1996,2.97,1.84,7.93,31.03,23.1,100.82,19.69,87.49,24.37,1
8/27/1996,1.32,0.97,6.35,30.41,24.06,100.9,21.16,86.71,24.68,1
8/28/1996,0.7,1.23,5.78,30.41,24.63,100.75,21.25,86.77,24.73,1
8/29/1996,0.62,1.84,5.82,30.18,24.36,100.64,21.83,88.62,24.83,1
8/30/1996,1.82,1.62,5.9,30.07,24.17,100.74,20.62,89.49,24.88,1
8/31/1996,5.06,1.9,5.68,29.6,23.92,100.8,15.83,89.22,24.58,1
9/1/1996,14.61,1.65,5.35,28.95,23.6,100.79,19.42,87.55,23.77,1
9/2/1996,11.39,0.94,7.13,30.78,23.65,100.61,22.7,84.39,24.09,1
9/3/1996,8.75,1.86,5.62,29.99,24.37,100.56,20.27,88.24,24.6,1
9/4/1996,5.43,1.96,5.8,29.52,23.72,100.66,17.31,88.9,24.3,1
9/5/1996,3.32,1.13,6.51,29.92,23.41,100.68,20.3,84.1,23.77,1
9/6/1996,0.98,1.11,5.58,29.62,24.04,100.53,19.98,87.14,24.25,1
9/7/1996,4.72,1.38,4.11,28.15,24.04,100.45,18.22,90.79,24.15,1
9/8/1996,17.22,1.17,5.93,29.82,23.89,100.35,21.39,87.92,24.25,1
9/9/1996,17.57,1.47,5.47,29.91,24.44,100.19,17.37,89.95,25.11,1
9/10/1996,25.88,2.46,4.04,28.55,24.51,100.29,19.43,91.66,24.78,1
9/11/1996,13.43,1.95,4.06,27.96,23.9,100.31,12.59,92.25,24.52,1
9/12/1996,21.88,2.92,4.66,28.88,24.22,100.22,12.98,91.88,24.62,1
9/13/1996,4.03,3.76,5.12,28.9,23.78,100.19,12.77,91.52,24.45,1
9/14/1996,5.98,3.78,4.67,29.32,24.65,100.21,9.76,91.79,25.16,1
9/15/1996,0.23,2.78,4.82,29.73,24.91,100.45,18.66,91.39,25.33,1
9/16/1996,1.91,2.93,4.79,29.68,24.89,100.55,19.27,90.94,25.17,1
9/17/1996,6.14,3.03,4.04,28.79,24.75,100.48,16,92.57,25.04,1
9/18/1996,4.75,3.02,3.43,27.64,24.21,100.5,11.23,94.15,24.76,1
9/19/1996,7.98,2.63,3.76,27.96,24.2,100.63,9.34,93.23,24.63,1
9/20/1996,3.48,2.97,4.87,29.08,24.21,100.77,12.9,90.02,24.24,1
9/21/1996,0.18,1.99,6.47,30.12,23.65,100.8,15.31,88.7,24.51,1
9/22/1996,2.19,1.84,6.95,30.75,23.8,100.68,21.27,87.54,24.68,1
9/23/1996,2.61,2.23,6.71,30.77,24.06,100.55,20.8,89.1,25.1,1
9/24/1996,4.95,1.87,5.45,29.66,24.21,100.72,19.34,89.71,24.56,1
9/25/1996,19.84,1.56,5.19,28.87,23.68,100.67,11.66,90.77,24.64,1
9/26/1996,14.91,1.8,4.36,28.55,24.19,100.49,16.28,91.59,24.7,1
9/27/1996,23.75,1.38,4.97,29.58,24.61,100.44,13.79,90.61,24.97,1
9/28/1996,25.58,1.01,5.99,30.32,24.33,100.46,14.64,87.85,24.64,1
9/29/1996,12.04,1.64,4.61,29.14,24.53,100.41,15.09,91.59,25.04,1
9/30/1996,18.64,1.81,4.15,28.39,24.24,100.3,13.79,92.54,24.94,1
10/1/1996,10.64,3.89,2.41,26.83,24.42,100.55,13.61,95.21,24.8,1
10/2/1996,0.81,0.89,6.49,30.29,23.8,100.92,18.94,87.61,24.4,1
10/3/1996,1.46,1.2,2.98,27.15,24.17,100.9,19.92,92.36,24.16,1
10/4/1996,4.06,1.82,6.93,30.11,23.18,100.88,20.14,89.18,24.44,1
10/5/1996,2.6,1.54,6.3,29.59,23.29,100.81,19.68,89.94,24.58,1
10/6/1996,2.42,1.34,5.59,29.31,23.72,100.82,15.98,89.89,24.61,1
10/7/1996,4.51,0.86,5.06,29.13,24.07,100.96,20.21,89.07,24.46,1
10/8/1996,2.66,1.59,3.25,26.3,23.05,101.06,20.95,89.45,22.88,1
10/9/1996,10.04,1.06,7.13,29.93,22.8,100.92,18.52,84.99,23.74,1
10/10/1996,6.69,1.52,6.61,30.31,23.7,100.76,21.31,84.39,23.55,1
10/11/1996,21.39,1.49,4.81,28.74,23.93,100.77,17.97,89.86,23.93,1
10/12/1996,4.5,2.06,6.5,30.02,23.52,100.79,18.66,85.87,23.8,1
10/13/1996,25.99,1.05,6.39,30.38,23.99,100.84,20.11,85.8,24.65,1
10/14/1996,13.82,1.67,2.58,27.06,24.48,100.8,13.73,88.36,23.58,1
10/15/1996,1.44,0.91,8.91,31.29,22.38,100.66,21.17,81.22,23.54,1
10/16/1996,3.36,0.79,7.71,31.68,23.97,100.68,18.87,83.38,24.59,1
10/17/1996,7.34,1.08,5.1,29.98,24.88,100.72,18.52,87.89,25.1,1
10/18/1996,14.23,1.73,3.45,28.27,24.82,100.69,17.85,93.12,25.04,1
10/19/1996,11.95,2.29,5.69,29.71,24.02,100.72,16.46,88.88,24.23,1
10/20/1996,5.72,1.72,7.51,30.37,22.86,100.67,23.18,86.24,23.68,1
10/21/1996,3.66,1.21,8.43,30.8,22.37,100.59,19.81,84.14,23.43,1
10/22/1996,8.06,1.35,7.85,30.43,22.58,100.6,16.46,83.24,23.58,1
10/23/1996,6.4,3.43,3.34,27.81,24.47,100.6,11.86,92.52,24.5,1
10/24/1996,3.52,3.34,3.42,27.34,23.92,100.59,12.18,93.6,24.23,1
10/25/1996,9.76,3.5,4.32,28.9,24.58,100.65,13.94,93.07,25.19,1
10/26/1996,9.64,3.28,4.98,28.49,23.51,100.8,14.96,90.19,23.89,1
10/27/1996,2.12,2.49,7.23,29.79,22.56,100.73,19.05,88.33,23.85,1
10/28/1996,2.37,2.38,5.77,29.72,23.95,100.71,18.38,89.8,24.73,1
10/29/1996,7.94,2.77,4.7,29.22,24.52,100.59,17.19,92.17,25.2,1
10/30/1996,30.81,2.76,4.71,29.32,24.61,100.57,9.73,93.09,25.23,1
10/31/1996,2.77,1.22,4.43,28.56,24.13,100.62,15.42,91.66,24.47,1
11/1/1996,11.49,0.63,6.28,29.92,23.64,100.56,14.76,87.17,24.18,1
11/2/1996,16.57,1.2,6.28,30.04,23.76,100.45,15.77,89.45,24.59,1
11/3/1996,24.31,2.24,4.63,28.71,24.08,100.38,12.02,92.03,24.53,1
11/4/1996,10.82,2.13,3.74,27.3,23.56,100.66,14.3,94.49,24.41,1
11/5/1996,4.76,0.71,4.28,28.33,24.05,100.81,17.57,88.49,24,1
11/6/1996,3.75,1.12,5.92,29.17,23.25,100.74,16.51,89.32,23.99,1
11/7/1996,6.33,1.75,7.01,30.24,23.23,100.68,19.61,87.48,24.13,1
11/8/1996,7.38,1.82,5.44,28.72,23.28,100.77,16.28,88.19,23.69,1
11/9/1996,4.26,1,7.53,30.65,23.12,100.72,19.22,85.43,24.12,1
11/10/1996,0.61,1.55,4.2,28.81,24.61,100.65,19.47,90.39,24.69,1
11/11/1996,0.76,1.05,7.36,30.93,23.57,100.71,21.48,85.27,24.25,1
11/12/1996,1.18,1.29,6.69,30.69,24,100.68,19.52,84.53,24.18,1
11/13/1996,1.34,1.88,4.15,26.77,22.62,100.73,14.01,91.53,23.48,1
11/14/1996,0.94,1.44,5.54,28.24,22.7,101.03,18.67,87.86,22.65,1
11/15/1996,0.94,2.81,6.67,29.33,22.66,101.08,21.75,87.43,23.14,1
11/16/1996,4.84,3.12,5.78,28.15,22.37,100.9,16.52,90.13,23.36,1
11/17/1996,8.14,2.17,6.31,29.37,23.06,100.92,14.3,90.01,24.1,1
11/18/1996,4.82,1.68,4.98,28.3,23.32,101.03,16.27,91.72,24.03,1
11/19/1996,0.61,3.14,5.33,27.88,22.55,101.18,18.89,90.45,23.13,1
11/20/1996,0.23,2.94,4.65,27.8,23.15,101.13,15.51,90.72,23.47,1
11/21/1996,0.31,2.84,6.07,28.41,22.34,100.95,18.49,89.76,23.42,1
11/22/1996,1.61,2.72,6.5,29.55,23.05,100.88,18.1,87.75,23.56,1
11/23/1996,5.89,2.4,6.65,29.2,22.55,100.82,16.18,88.57,23.48,1
11/24/1996,13.17,2.12,6.48,29.26,22.78,100.84,16.5,88.5,23.5,1
11/25/1996,5.02,2.41,7.18,29.51,22.33,100.8,20.28,87.58,23.22,1
11/26/1996,0.48,2.53,7.55,30.17,22.62,100.83,20.66,85.65,23.19,1
11/27/1996,3.73,2.13,5.56,28.25,22.69,100.79,16.36,90.55,23.49,1
11/28/1996,0.57,2.33,6.71,29.5,22.79,100.7,17.33,87.73,23.51,1
11/29/1996,7.88,2.09,6.37,29.56,23.19,100.7,17.93,87.99,23.72,1
11/30/1996,22.89,2.64,5.97,28.9,22.93,100.78,18.42,90.03,24,1
12/1/1996,7.02,2.24,5.59,28.35,22.76,100.9,15.26,90,23.59,1
12/2/1996,3.48,1.85,2.53,26.22,23.69,100.93,15.27,94.79,23.99,1
12/3/1996,2.57,2.18,4.88,28.42,23.54,100.94,17.74,90.9,23.85,1
12/4/1996,5.2,2.24,5.63,28.32,22.69,100.83,18.58,89.91,23.45,1
12/5/1996,1.16,2.25,6.08,29.1,23.02,100.75,17.29,89.51,23.68,1
12/6/1996,3.64,3.33,5.2,28.14,22.94,100.9,13.64,89.99,23.33,1
12/7/1996,0.25,3.42,6.2,27.08,20.88,101.17,16.77,88.05,21.47,1
12/8/1996,0.58,3.22,7.51,27.89,20.38,101.07,13.51,87.94,21.68,1
12/9/1996,0.28,3.28,7.59,29.3,21.71,101.02,15.81,86.29,22.61,1
12/10/1996,0.2,3,7.36,29.1,21.74,101.04,20.1,86.53,22.65,1
12/11/1996,0.03,3.27,6.69,27.78,21.09,101.14,19.94,86.12,21.37,1
12/12/1996,0,2.95,8.21,28.44,20.23,101.14,16.03,86.74,21.41,0
12/13/1996,0.2,2.96,8.4,28.45,20.05,101.12,21.02,86.28,21.51,1
12/14/1996,0,2.2,7.27,28.29,21.02,100.99,18.71,84.89,21.45,0
12/15/1996,0,2.17,8.07,28.58,20.51,100.91,17.49,84.73,21.16,0
12/16/1996,0,2.08,8.18,28.62,20.44,100.95,17.24,85,21.16,0
12/17/1996,0.22,2.63,7.82,29.11,21.29,100.99,17.81,85.21,22.09,1
12/18/1996,0.04,2.75,5.09,27.27,22.18,101.01,13.24,86.23,22.19,1
12/19/1996,1.12,3.28,5.55,27.82,22.27,101.03,13.18,88.54,22.56,1
12/20/1996,1.42,3.43,4.12,25.97,21.85,101.15,13.7,91.28,22.09,1
12/21/1996,0.77,3.51,3.26,24.26,21,101.18,12.59,90.89,20.84,1
12/22/1996,0.03,3.37,8.06,27.66,19.6,101.13,15.13,85.85,20.42,1
12/23/1996,0,3.18,7.4,28.15,20.75,101.14,21.66,85.15,21.13,0
12/24/1996,0,2.58,7.71,28.08,20.37,101.16,19.9,82.87,20.38,0
12/25/1996,0,1.99,9.15,28.26,19.11,101.21,20.93,81.35,19.39,0
12/26/1996,0,1.62,10.39,27.63,17.24,101.19,20.65,79.56,18.37,0
12/27/1996,0,1.51,9.61,27.01,17.4,101.21,20.86,80.21,18.06,0
12/28/1996,0,1.87,10.51,27.17,16.66,101.26,21.67,75.7,17.01,0
12/29/1996,0.01,1.24,10.94,28.24,17.3,101.28,17.47,77.13,18.54,1
12/30/1996,0.02,1.81,9.4,28.74,19.34,101.28,20.06,79.98,19.55,1
12/31/1996,0,1.76,10.6,28.69,18.09,101.35,20.84,78.5,18.54,0
1/1/1997,0,2.01,11.77,28.66,16.89,101.38,19.67,76.23,17.25,0
1/2/1997,0,2.14,11.54,27.8,16.26,101.3,20.95,74.35,16.57,0
1/3/1997,0,0.7,11.21,28.7,17.49,101.28,19.43,71.63,17.35,0
1/4/1997,0,1.51,11.92,29.04,17.12,101.28,17.62,73.98,17.22,0
1/5/1997,0,2.29,11.86,29.08,17.22,101.34,20.79,74.26,16.93,0
1/6/1997,0,2.21,12.31,28.86,16.55,101.38,21.91,75.24,17.34,0
1/7/1997,0.01,2.67,10.02,29.45,19.43,101.38,21.42,77.31,19.31,1
1/8/1997,0,3.17,10.81,29.73,18.92,101.43,21.86,75.1,18.77,0
1/9/1997,0,3.37,11.56,29.38,17.82,101.43,18.62,73.12,17.51,0
1/10/1997,0,3.66,10.3,28.15,17.85,101.48,19.66,72.08,16.78,0
1/11/1997,0,3.42,12.03,27.81,15.78,101.49,21.76,70.56,15.17,0
1/12/1997,0,2.72,12.63,28.4,15.77,101.42,22.39,71.58,15.43,0
1/13/1997,0,2.15,13.38,29.1,15.72,101.27,22.32,71.5,15.86,0
1/14/1997,0,2,14.14,30.29,16.15,101.2,22.14,70.26,16.31,0
1/15/1997,0,1.36,13.14,30.27,17.13,101.17,21.64,73.67,17.79,0
1/16/1997,0,1.1,12.62,31.15,18.53,101.13,19.44,71.44,18.43,0
1/17/1997,0.09,1.24,12.83,32.05,19.22,101.11,19.34,72.7,19.32,1
1/18/1997,1.84,1.42,12.17,32.14,19.97,101.1,19.18,75.51,20.27,1
1/19/1997,0.15,1.49,12.37,32.55,20.18,101.03,19.85,74.46,20.08,1
1/20/1997,2.01,1.51,12.61,32.45,19.84,100.98,18.25,74.44,19.7,1
1/21/1997,1.22,1.28,12.55,32.07,19.52,101.05,20.51,75.56,19.79,1
1/22/1997,0.13,1.57,12.85,32.54,19.69,100.96,19.2,74.5,20.14,1
1/23/1997,0,2.29,11.96,32.83,20.87,100.85,19.93,74.1,20.3,0
1/24/1997,0,0.99,13.88,33.66,19.78,100.8,21.57,69.73,19.31,0
1/25/1997,0.99,1.79,11.05,31.67,20.62,100.89,18.61,74.71,20.12,1
1/26/1997,2.91,1.75,11.49,32.32,20.83,101.09,18.34,70.18,18.94,1
1/27/1997,0,3.1,14.03,32.74,18.71,101.14,17.41,62,16.18,0
1/28/1997,0.47,3.36,12.7,32.08,19.38,101.12,21.18,64.18,16.86,1
1/29/1997,1.41,2.02,14.35,32.52,18.17,101.03,20.62,66.58,17.1,1
1/30/1997,0,1.15,14.97,33.41,18.44,100.87,21.22,63.08,17.61,0
1/31/1997,0,1.66,13.05,33.52,20.47,100.85,20.77,68.44,19.7,0
2/1/1997,0,1.59,12.97,34.63,21.66,100.78,19.16,70.52,21.22,0
2/2/1997,0.14,2.4,11.42,34.58,23.16,100.68,17.53,70.53,22.05,1
2/3/1997,0.42,2.03,12.31,35.34,23.03,100.71,16.5,69.31,21.7,1
2/4/1997,0,1.91,11.32,34.95,23.63,100.79,19.65,69.61,21.83,0
2/5/1997,8.46,2.35,12.02,34.58,22.56,100.81,18.28,72.38,21.97,1
2/6/1997,0.05,2.5,9.87,33.32,23.45,100.82,17.8,72.41,21.73,1
2/7/1997,5.42,1.41,13.75,34.52,20.77,100.78,20.23,70.77,20.47,1
2/8/1997,0.48,1.77,13.38,35.22,21.84,100.65,20.22,70.25,21.21,1
2/9/1997,0,1.66,11.93,35.08,23.15,100.59,21.06,69.14,21.79,0
2/10/1997,0.01,1.71,10.74,34.1,23.36,100.64,18.33,70.86,21.99,1
2/11/1997,10.13,1.12,5.79,30.19,24.4,100.78,13.71,82.1,23.21,1
2/12/1997,1.42,1.94,9.02,32.99,23.97,100.81,16.79,76.1,22.89,1
2/13/1997,2.58,1.9,8.42,32.49,24.07,100.86,7.79,77.23,22.49,1
2/14/1997,6.6,1.65,9.87,34.06,24.19,100.75,15.7,74.6,22.8,1
2/15/1997,3.72,1.48,10.55,34.11,23.56,100.76,20.84,74.05,22.45,1
2/16/1997,5.18,1.32,11.46,34.61,23.15,100.84,20.34,72.43,22.5,1
2/17/1997,0.9,0.85,11.11,35.14,24.03,100.91,20.86,66.63,21.26,1
2/18/1997,0.65,3.03,13.02,35.54,22.52,100.98,17.41,60.65,18.87,1
2/19/1997,0.01,4.22,13.22,34.51,21.29,101.1,22.09,56.62,17.08,1
2/20/1997,0.03,3.84,11.78,32.46,20.68,101.27,17.38,60.09,16.3,1
2/21/1997,0.24,3.39,14.58,32.71,18.13,101.29,21.79,63,16.77,1
2/22/1997,0.19,2.99,14.01,34.67,20.66,101.11,24.47,59.24,17.6,1
2/23/1997,0,2.76,15.12,34.94,19.82,101.06,17.59,57.51,16.99,0
2/24/1997,2,1.8,13.12,34.66,21.54,101.09,18.83,64.74,19.47,1
2/25/1997,2.88,1.67,12.44,34.79,22.35,101.08,22.37,65.9,20.07,1
2/26/1997,0,1.9,12.98,35.54,22.56,101.01,19.65,61.85,19.47,0
2/27/1997,0.06,1.98,11.71,35.04,23.33,101.01,21.28,60.63,19.29,1
2/28/1997,0.79,1.23,11.56,34.45,22.89,101.02,20.88,63.32,19.85,1
3/1/1997,1.64,1.62,11.75,34.37,22.62,100.94,20.96,67.8,20.77,1
3/2/1997,1.06,1.65,11.25,34.61,23.36,101.05,22.53,63.42,20.36,1
3/3/1997,1.08,2.4,12.78,35.25,22.47,101.25,15.49,56.95,17.54,1
3/4/1997,0,2.44,14.42,34.92,20.5,101.29,20.52,53.34,15.77,0
3/5/1997,0,1.85,16.49,35.68,19.19,101.21,21.81,50.95,14.97,0
3/6/1997,0.1,1.59,12.34,34.88,22.54,101.15,22.98,63.8,20.11,1
3/7/1997,1.27,1.79,12.23,36.19,23.96,101.13,21.46,63.08,20.98,1
3/8/1997,0,1.81,14.5,37.09,22.59,101.1,20.53,53.01,16.57,0
3/9/1997,0,1.61,15.16,36.27,21.11,101.11,20.27,56.33,17.37,0
3/10/1997,0,1.55,14.44,36.23,21.79,101.17,21.76,56.59,18.23,0
3/11/1997,0,2.13,14.29,37.5,23.21,101.15,20.02,55.07,19.04,0
3/12/1997,3.63,2.27,12.27,36.94,24.67,101.02,20.4,60.96,20.94,1
3/13/1997,0.03,2.28,12.73,37.15,24.42,100.92,19.65,61.73,21.29,1
3/14/1997,0,2.52,12.75,37.87,25.12,100.83,20.86,58.44,20.97,0
3/15/1997,0.01,2.04,13.4,38.6,25.2,100.89,20.1,54.24,20.27,1
3/16/1997,0,2.44,13.26,39.26,26,100.93,17.97,52.26,20.2,0
3/17/1997,0.05,2.25,12.37,38.66,26.29,101.01,21.58,49.99,19.48,1
3/18/1997,0.53,2.97,11.06,37.5,26.44,101.05,18.88,53.11,20.24,1
3/19/1997,0.32,3.07,10.52,36.41,25.89,100.97,21.78,56.11,20.35,1
3/20/1997,0.35,3.26,12.26,37.9,25.64,100.91,23.06,54.83,20.28,1
3/21/1997,0,3.02,14.49,39.3,24.81,100.86,24.83,51.57,19.35,0
3/22/1997,0,2.9,14.43,39.18,24.75,100.85,24.01,50.86,19.34,0
3/23/1997,0.01,2.65,15.18,40.41,25.23,100.81,23.25,48.76,18.92,1
3/24/1997,1.6,3.1,13.85,39.88,26.03,100.89,23.25,47.21,18.36,1
3/25/1997,3.87,2.7,13.8,39.14,25.34,100.92,21.97,50.62,18.48,1
3/26/1997,1.85,2.29,14.4,38.93,24.53,100.97,23.84,51.59,18.86,1
3/27/1997,0.66,2.26,11.96,37.71,25.75,100.97,22.24,52.86,19.57,1
3/28/1997,0.61,1.67,9.93,36.22,26.29,100.89,21.28,56.31,20.49,1
3/29/1997,1.01,1.78,7.86,34.43,26.57,100.83,23.25,56.1,20.23,1
3/30/1997,2.2,2.06,9.82,35.8,25.98,100.89,22.13,55.49,20.03,1
3/31/1997,0.65,0.87,9.54,35.42,25.88,100.85,22.98,56.68,19.76,1
4/1/1997,0.07,1.22,11.58,36.78,25.2,100.76,21.78,55.59,19.98,1
4/2/1997,1.65,1.94,7.63,33.99,26.36,100.85,18.67,62.21,21.38,1
4/3/1997,0.02,1.84,9.42,35.18,25.76,100.8,22.78,58.78,21.02,1
4/4/1997,1.98,2.11,10.66,36.48,25.82,100.79,21.8,57.57,21.22,1
4/5/1997,4.49,1.95,11.3,36.9,25.6,100.84,19.67,58.69,20.95,1
4/6/1997,6.27,1.37,9.17,34.85,25.68,100.81,22.58,67.25,22.54,1
4/7/1997,2.25,1.75,9.12,34.39,25.27,100.76,16.97,66.21,22.03,1
4/8/1997,3.61,1.39,9.86,35.03,25.17,100.78,22.88,67.3,22.48,1
4/9/1997,4.74,1.49,4.93,29.78,24.85,100.96,13.73,81.62,23.65,1
4/10/1997,1.4,1.23,7.66,31.62,23.96,101.03,16.6,76.34,22.7,1
4/11/1997,2.09,1.56,7.43,31.81,24.38,101.04,18.12,75.12,22.53,1
4/12/1997,6.83,1.17,6.19,29.84,23.65,100.96,14.65,76.41,22.22,1
4/13/1997,5.29,1.67,6.01,30.27,24.26,100.95,17.05,78.87,22.71,1
4/14/1997,0.25,2.21,8.19,31.61,23.42,101.01,19.49,75.49,22.48,1
4/15/1997,0.05,2.31,14.26,37.47,23.21,100.93,25.33,61.11,20.22,1
4/16/1997,0.1,2.1,15.21,38.13,22.92,100.84,23.4,59.44,20.04,1
4/17/1997,0.16,2.48,14.65,38.27,23.62,100.88,19,58.01,20.08,1
4/18/1997,0.2,2.55,14.73,38.55,23.82,100.96,25.48,57.05,20.03,1
4/19/1997,0,2.05,13.3,37.94,24.64,100.93,17.66,59.82,21.36,0
4/20/1997,0,2.01,12.53,37.89,25.36,100.86,24.92,58.66,21.58,0
4/21/1997,2.59,1.85,11.01,37.05,26.04,100.79,21.08,60.07,22,1
4/22/1997,1.09,2.26,10.11,36.45,26.34,100.81,16.03,60.65,22.03,1
4/23/1997,0.95,2.34,9.83,36.11,26.28,100.93,14.02,61.34,22.11,1
4/24/1997,3.36,1.72,9.54,35.75,26.21,100.88,14.72,62.06,21.47,1
4/25/1997,33.24,1.65,8.62,33.75,25.13,100.83,21.63,72.55,23.25,1
4/26/1997,2,1.59,9.05,34.19,25.14,100.92,18.57,61.4,19.54,1
4/27/1997,15.51,0.97,8.76,33.24,24.48,100.93,19.89,67.86,22.17,1
4/28/1997,23.68,1.33,7.78,33.01,25.23,100.84,18.74,74.33,23.68,1
4/29/1997,2.31,1.62,8.69,33.52,24.83,100.85,21.5,75.07,23.81,1
4/30/1997,1.52,1.6,7.79,32.9,25.11,100.85,24.44,77.39,24.17,1
5/1/1997,0.61,1.51,9.11,34.21,25.1,100.87,21.31,70.9,23.42,1
5/2/1997,9.41,1.46,8.06,32.92,24.86,100.86,19.61,74.74,23.69,1
5/3/1997,2.72,2.38,8.91,34.05,25.14,100.65,20.67,75.89,24.1,1
5/4/1997,0.32,2.7,9.31,34.4,25.09,100.61,24.95,74.24,23.77,1
5/5/1997,0.44,2.77,10.89,35.56,24.67,100.55,22.26,71.39,23.35,1
5/6/1997,0.39,3.14,11.55,36.91,25.36,100.57,20.83,68.86,23.36,1
5/7/1997,0.1,2.9,10.28,35.76,25.48,100.64,21.6,70.37,23.62,1
5/8/1997,2.15,1.84,8.82,34.32,25.5,100.65,20.15,71.66,23.45,1
5/9/1997,7.86,1.61,10.37,35.21,24.84,100.59,24.33,72.36,23.51,1
5/10/1997,3.97,1.12,6.75,32.32,25.57,100.56,22.47,76.42,24.07,1
5/11/1997,0,1.94,9.2,33.97,24.77,100.59,18.91,71.72,23.24,0
5/12/1997,0.15,1.23,9.8,34.7,24.9,100.6,18.82,69.21,23.17,1
5/13/1997,2.37,1.9,9.15,34.93,25.78,100.59,23.12,71.91,23.62,1
5/14/1997,0.48,1.81,8.23,33.61,25.38,100.67,19.95,74.6,23.71,1
5/15/1997,0.46,1.8,13.2,37.44,24.24,100.62,21.14,65.17,22.25,1
5/16/1997,32.62,2.19,4.5,29.89,25.39,100.71,17.63,85.63,24.96,1
5/17/1997,11.06,1.93,6.24,30.97,24.73,100.73,17.49,84.58,24.21,1
5/18/1997,7.99,1.58,5.25,29.94,24.69,100.76,15.28,88.16,24.54,1
5/19/1997,9.1,1.64,4.96,29.22,24.26,100.85,20.35,85.35,23.81,1
5/20/1997,9.21,2.07,7.53,31.37,23.84,100.84,18.1,83.06,23.84,1
5/21/1997,6.05,3.1,8.31,32.3,23.99,100.72,18.88,81.79,23.85,1
5/22/1997,8.61,2.81,7.14,31.67,24.53,100.65,18.87,85.65,24.67,1
5/23/1997,16.14,2.98,5.6,30.49,24.89,100.65,16.86,85.98,24.31,1
5/24/1997,14.83,2.6,5.17,29.68,24.51,100.69,14.97,88.16,24.54,1
5/25/1997,2.93,2.57,5.6,30.28,24.68,100.7,18.3,87.44,24.66,1
5/26/1997,1.57,2.24,7.05,31.11,24.06,100.81,21.96,85,24.37,1
5/27/1997,1.78,2.63,6.97,31.55,24.58,100.71,21.43,84.35,24.69,1
5/28/1997,7.51,2.75,6.79,31.49,24.7,100.53,20.45,85.7,24.91,1
5/29/1997,25.97,3.08,4.49,29.69,25.2,100.47,19.32,90.83,25.37,1
5/30/1997,8.41,3.3,4.64,29.97,25.33,100.59,15.33,90.16,25.41,1
5/31/1997,13.64,3.02,5.96,30.28,24.32,100.72,18.71,87.79,24.79,1
6/1/1997,8.35,3.22,5.68,30.43,24.75,100.75,17.9,88.02,25.02,1
6/2/1997,2.6,2.95,4.92,30.03,25.11,100.72,20.82,88.58,25.07,1
6/3/1997,11.8,3.36,5.4,30.32,24.92,100.81,17.72,89.7,25.27,1
6/4/1997,14.63,3.27,5.06,29.92,24.86,100.89,21.27,89.56,25.17,1
6/5/1997,5.88,2.95,5.24,30.27,25.03,100.81,22.5,89.75,25.38,1
6/6/1997,7.87,2.81,5.35,30.25,24.9,100.78,20.99,90.2,25.22,1
6/7/1997,36.12,2.26,4.92,29.71,24.79,100.99,19.99,90.99,25.15,1
6/8/1997,4.45,1.96,5.64,29.62,23.98,101.09,19.75,90.15,24.71,1
6/9/1997,0.04,2.06,6.44,30.62,24.18,100.99,23.03,86.58,24.53,1
6/10/1997,0.53,1.87,8.28,31.84,23.56,100.87,22.62,85.49,24.67,1
6/11/1997,0.11,1.26,6.76,30.74,23.98,100.82,24.9,85.04,24.36,1
6/12/1997,0.96,1.42,7.93,31.95,24.02,100.85,23.55,84.79,24.85,1
6/13/1997,0,1.4,8.54,32.18,23.64,100.83,23.62,82.14,24.39,0
6/14/1997,0.02,2.14,7.5,31.5,24,100.71,23.66,83.36,24.4,1
6/15/1997,0.07,2.1,7.38,31.58,24.2,100.73,24.14,84.29,24.34,1
6/16/1997,1.22,1.85,8.84,32.34,23.5,100.75,22.85,82.29,24.28,1
6/17/1997,14.48,2.09,7.63,31.17,23.54,100.78,21.4,83.87,24.29,1
6/18/1997,2.03,1.64,7.52,31.53,24.01,100.78,22.72,84.18,24.5,1
6/19/1997,0.01,1.75,9.02,32.93,23.91,100.71,24.1,81.09,24.63,1
6/20/1997,2.64,2.19,5.9,30.89,24.99,100.77,20.88,86.24,24.96,1
6/21/1997,17.37,2.34,6.49,31.15,24.66,100.81,16.1,86.44,24.76,1
6/22/1997,6.34,2.44,6.05,30.4,24.35,100.71,19.57,88,24.84,1
6/23/1997,7.77,2.02,6.76,30.75,23.99,100.56,18.85,87.44,24.73,1
6/24/1997,10.43,2.27,5.46,29.8,24.34,100.44,19.23,89.83,24.93,1
6/25/1997,7.17,2.71,3.67,28.69,25.02,100.37,17.83,91.7,25.03,1
6/26/1997,22.84,3.38,4.77,29.2,24.43,100.41,17.79,90.93,24.79,1
6/27/1997,22.39,3.12,5.59,30,24.41,100.43,11.92,90.17,24.92,1
6/28/1997,50.53,3.01,5.36,29.86,24.5,100.31,15.96,90.98,25.23,1
6/29/1997,17.35,2.98,4.65,29.39,24.74,100.28,20.13,91.19,25.09,1
6/30/1997,4.93,2.9,4.39,29.08,24.69,100.44,17.25,90.58,24.82,1
7/1/1997,4.84,2.08,5.71,30,24.29,100.55,21.2,89.38,25.01,1
7/2/1997,0.55,1.74,5.77,29.81,24.04,100.63,21.45,88.69,24.63,1
7/3/1997,8.87,1.82,4.64,28.74,24.1,100.71,23.81,91.06,24.54,1
7/4/1997,12.56,1.7,7.05,30.67,23.62,100.62,20.75,88.25,24.89,1
7/5/1997,18.19,2.25,5.86,30.25,24.39,100.68,20.06,90.18,25.19,1
7/6/1997,22.75,2.26,4.85,29.32,24.47,100.66,20.72,91.97,25.11,1
7/7/1997,9.1,2.48,5.35,29.43,24.08,100.73,17.54,91.14,24.89,1
7/8/1997,9.57,2.31,4.55,28.79,24.24,100.82,22.08,90.2,24.49,1
7/9/1997,9.84,2.43,4.52,28.69,24.17,100.77,21.88,92.49,24.81,1
7/10/1997,29.72,3.43,4.43,28.57,24.14,100.63,16.21,93.22,24.71,1
7/11/1997,31.05,2.62,3.84,27.67,23.83,100.63,14.61,92.68,24.22,1
7/12/1997,13.22,2.44,5.9,29.61,23.71,100.57,15.72,90.54,24.65,1
7/13/1997,4.74,3.16,5.53,29.92,24.39,100.57,18.57,90.64,25.1,1
7/14/1997,8.39,2.97,4.19,28.81,24.62,100.67,12.35,92.42,25.09,1
7/15/1997,15.04,3.08,4.14,28.44,24.3,100.53,16.26,92.19,24.71,1
7/16/1997,8.98,3.61,3.5,28.21,24.71,100.47,11.55,92.57,24.85,1
7/17/1997,9.07,3.04,3.85,28.29,24.44,100.67,13.56,92.24,24.71,1
7/18/1997,0.98,2.44,6.24,30.02,23.78,100.78,19.14,89.75,24.79,1
7/19/1997,1.05,1.99,6.83,30.64,23.81,100.68,19.18,88.93,25.08,1
7/20/1997,6.12,1.82,6.68,30.94,24.26,100.58,22.29,88.22,25.04,1
7/21/1997,42.48,2.31,3.24,27.75,24.51,100.6,15.09,94.37,25.17,1
7/22/1997,39.16,2.31,4.84,29.21,24.37,100.62,14.57,91.18,24.84,1
7/23/1997,38.16,2.34,3.22,27.65,24.43,100.73,13.65,93.18,24.69,1
7/24/1997,3.24,2.51,5.35,29.04,23.69,100.78,12.95,91.87,24.68,1
7/25/1997,5.04,2.73,5.09,29.01,23.92,100.79,18.89,91.49,24.64,1
7/26/1997,14.19,2.87,5.15,29.13,23.98,100.81,18.8,92.32,25.01,1
7/27/1997,12.75,2.88,4.54,29.17,24.63,100.8,20.35,91.99,25.07,1
7/28/1997,9.82,2.39,3.03,27.3,24.27,100.82,16.37,94.35,24.79,1
7/29/1997,14.25,2.44,4.52,28.36,23.84,100.78,10.66,92.62,24.47,1
7/30/1997,6.84,2.32,5.31,29.29,23.98,100.67,13.6,91.92,24.85,1
7/31/1997,27.05,3.12,2.88,27.16,24.28,100.55,13.6,93.59,24.49,1
8/1/1997,22.21,3.29,4.36,28.54,24.18,100.49,12.25,93.55,24.92,1
8/2/1997,17.52,3.37,3.23,28.08,24.85,100.56,9.1,93.77,25.02,1
8/3/1997,37.6,3.43,4.57,28.92,24.35,100.62,12.8,92.49,25.03,1
8/4/1997,18.61,2.86,3.35,28.14,24.79,100.76,11.04,94.71,25.23,1
8/5/1997,7.38,3.45,3.53,28.03,24.5,100.79,19.57,94.75,24.88,1
8/6/1997,17.26,3.08,4.12,28.46,24.34,100.78,19.45,93.28,24.89,1
8/7/1997,1.64,3.86,3.81,27.9,24.09,100.79,20.9,92.66,24.24,1
8/8/1997,2.14,3.1,5.89,29.38,23.49,100.9,21.61,90.16,24.27,1
8/9/1997,0.01,2.56,6.43,29.79,23.36,100.97,23.01,91.34,24.7,1
8/10/1997,0.51,2.33,7.72,30.5,22.78,101.06,22.9,88.87,24.44,1
8/11/1997,0.21,2.55,7.14,30.41,23.27,101.08,22.04,88.71,24.51,1
8/12/1997,0.21,2.45,6.87,30.44,23.57,101.03,24,88.36,24.56,1
8/13/1997,5.07,1.85,6.2,29.8,23.6,100.96,21.3,90.03,24.79,1
8/14/1997,2.22,1.83,5.31,29.34,24.03,100.9,17.97,90.5,24.62,1
8/15/1997,1.3,2.1,6.97,30.56,23.59,100.82,19.7,88.34,24.79,1
8/16/1997,5.75,2.63,5.48,29.79,24.31,100.68,19.77,90.97,25.22,1
8/17/1997,3.59,2.59,4.24,29.17,24.93,100.54,19.16,91.26,25.11,1
8/18/1997,2.61,2.1,5.29,29.37,24.08,100.48,16.33,90.77,24.76,1
8/19/1997,1.84,2.47,4.55,28.43,23.88,100.46,17.73,91.87,24.45,1
8/20/1997,9.72,2.61,6.37,29.73,23.36,100.51,18.61,90.44,24.41,1
8/21/1997,31.03,3.08,5.47,29.28,23.81,100.4,16.88,90.76,24.68,1
8/22/1997,6.28,3,3.99,28.19,24.2,100.33,16.28,91.98,24.47,1
8/23/1997,6.29,3.1,5.76,29.65,23.89,100.3,15.49,90.42,24.48,1
8/24/1997,11.01,3.97,4.03,28.72,24.69,100.34,15.5,91.79,24.93,1
8/25/1997,5.86,4.05,5.35,29.57,24.22,100.43,17,91.23,24.84,1
8/26/1997,10.63,3.17,4.08,28.63,24.55,100.69,18.88,92.33,24.92,1
8/27/1997,0.17,2.04,6.22,30.05,23.83,100.8,20.69,88.38,24.42,1
8/28/1997,5.25,1.98,7.53,30.87,23.34,100.74,22.18,87.28,24.66,1
8/29/1997,4.67,2.53,4.74,29.09,24.35,100.74,11.7,92.32,25.12,1
8/30/1997,9.97,2.74,4.99,29.17,24.18,100.86,14.84,92.3,25.01,1
8/31/1997,0.75,2.42,6.08,30.11,24.03,100.85,19.05,89.77,24.95,1
9/1/1997,0.76,2.38,5.78,29.98,24.2,100.81,19.99,90.05,24.88,1
9/2/1997,0.17,2.5,5.58,29.86,24.28,100.78,17.88,90.45,24.99,1
9/3/1997,1.83,2.07,6.35,30.45,24.1,100.83,20.96,89.64,25.09,1
9/4/1997,0.09,1.82,6.26,30.45,24.19,100.93,19.28,88.05,24.96,1
9/5/1997,0.03,1.1,5.4,30.04,24.64,100.97,23.24,85.16,24.67,1
9/6/1997,0.09,0.82,7.05,31.63,24.58,100.91,19.48,81.16,24.48,1
9/7/1997,0.4,1.4,6.09,30.62,24.53,100.91,19.32,86.82,24.95,1
9/8/1997,1.06,1.4,6.3,30.59,24.29,100.98,19.15,86.45,24.73,1
9/9/1997,0.48,0.91,7.49,31.82,24.33,100.98,17.45,80.88,23.94,1
9/10/1997,0.1,1.18,6.83,30.83,24,100.94,22.21,84.82,24.36,1
9/11/1997,0.39,2.35,5.95,30.3,24.35,100.92,21.84,86.89,24.29,1
9/12/1997,1.06,1.44,8.11,31.48,23.37,100.86,19.89,85.48,24.53,1
9/13/1997,0.19,0.68,8.5,32.38,23.88,100.83,21.43,78.66,24.25,1
9/14/1997,7.76,1.19,7.26,32.1,24.84,100.74,16.83,82.06,25.07,1
9/15/1997,21.29,1.59,4.23,29.41,25.18,100.72,17.02,89.71,24.93,1
9/16/1997,31.27,2.35,3.02,27.45,24.43,100.8,13.96,93.9,24.83,1
9/17/1997,9.03,2.17,2.77,26.87,24.1,100.9,12.44,94,24.35,1
9/18/1997,11.45,2.37,3.78,27.69,23.91,100.88,18.51,94.45,24.7,1
9/19/1997,15.71,1.63,4.37,28.25,23.88,100.88,17.56,92.69,24.66,1
9/20/1997,23.33,1.92,4.84,28.71,23.87,100.83,19.01,90.42,24.16,1
9/21/1997,14.49,1.67,6.93,30.52,23.59,100.78,16.81,87.06,23.94,1
9/22/1997,4.31,1.53,4.29,28.8,24.51,100.93,10.68,91.28,24.77,1
9/23/1997,2.95,1.37,6.52,30.13,23.61,101.07,18.51,87.82,24.57,1
9/24/1997,9.31,1.77,5.92,30.11,24.19,100.96,21.15,88.2,24.97,1
9/25/1997,31.94,2.02,5.32,29.94,24.62,100.88,16.13,90.69,25.29,1
9/26/1997,3.61,3.12,3.25,27.52,24.27,100.87,7.23,93.89,24.78,1
9/27/1997,2.85,2.09,6.54,30,23.46,100.98,12.53,89.9,24.39,1
9/28/1997,0.06,1.99,6.3,28.54,22.24,101.19,16.55,89.6,23.25,1
9/29/1997,0.4,1.21,7.52,30.37,22.85,101.17,21.33,84.15,23.8,1
9/30/1997,0.89,1.09,4.86,29.37,24.51,101.13,20.65,88.87,24.63,1
10/1/1997,0.59,1.74,7.18,31.21,24.03,101.05,20.45,86.36,24.68,1
10/2/1997,3.65,1.66,4.96,29.17,24.21,101.03,18.46,90.5,24.92,1
10/3/1997,3.92,1.58,3.61,28.3,24.69,101.02,16.57,91.59,24.7,1
10/4/1997,10.61,2.16,3.56,27.57,24.01,100.93,14.36,93.61,24.45,1
10/5/1997,5.16,2.56,4.09,27.56,23.47,101.02,15.21,93.34,24.32,1
10/6/1997,6.36,1.14,7.12,30.56,23.44,101.15,19.08,85.24,23.88,1
10/7/1997,1.5,1.64,7.72,30.95,23.23,101.18,17.26,85.61,24.12,1
10/8/1997,2.24,1.97,8.08,31.83,23.75,101.18,20.5,81.88,24.19,1
10/9/1997,8,1.18,5.66,30.05,24.39,101.16,18.92,87.05,24.41,1
10/10/1997,6.93,1.29,6.39,29.64,23.25,101.08,20.98,88.35,24,1
10/11/1997,10.02,1.55,6.3,29.78,23.48,101.05,14.84,88.71,24.5,1
10/12/1997,2.26,0.7,6.3,30.29,23.99,101.09,12.33,83.12,24.04,1
10/13/1997,3.09,0.8,6.42,30.69,24.27,101.06,20.19,83.07,24.16,1
10/14/1997,6.26,1,6.04,30.33,24.29,100.94,20.54,86.83,24.56,1
10/15/1997,7.01,1.28,6.11,30.15,24.04,100.9,19.71,86.72,24.45,1
10/16/1997,5.97,1.35,5.79,29.57,23.78,100.99,18.57,86.43,23.91,1
10/17/1997,6.08,1.53,7.48,30.3,22.82,101.14,19.03,86.08,23.46,1
10/18/1997,4.79,1.31,6.37,30.25,23.88,101.06,18.96,86.98,24.25,1
10/19/1997,5.58,1.07,5.69,29.77,24.08,100.97,21.29,86.08,24.05,1
10/20/1997,5.25,0.54,6.49,31.12,24.63,100.94,16.53,84.07,24.54,1
10/21/1997,4.32,0.86,5.58,30.09,24.51,100.97,16.95,87.1,24.68,1
10/22/1997,0.19,1.19,6.86,31.08,24.22,100.92,17.9,86.32,24.86,1
10/23/1997,0.29,0.91,8.52,32.7,24.18,100.88,21.88,83.17,24.91,1
10/24/1997,11.77,1.78,5.67,30.5,24.83,101.07,15.21,88.42,24.87,1
10/25/1997,3.1,1.17,7.01,30.43,23.42,101.13,19.16,82.42,23.82,1
10/26/1997,1.75,1.3,6.45,30.46,24.01,101.15,19.18,84.45,23.95,1
10/27/1997,1.31,1.78,5.22,28.85,23.63,101.21,18.88,86.45,23.19,1
10/28/1997,0.27,1.88,6.56,30.04,23.48,101.17,19.89,87.24,23.87,1
10/29/1997,6.57,1.94,6.13,29.83,23.7,101.13,19.27,87.62,24.29,1
10/30/1997,13.12,2.86,4.82,29.22,24.4,101.15,17.68,90.66,24.55,1
10/31/1997,0.09,3.31,6.32,29.89,23.57,101.14,19,86.17,23.55,1
11/1/1997,0.53,3.4,6.66,29.58,22.92,101.12,20.69,85.64,23.05,1
11/2/1997,5.48,4.63,4.03,26.75,22.72,100.92,13.42,91.57,23.3,1
11/3/1997,21.15,3.11,3.94,27.76,23.82,101,9.28,94.8,24.53,1
11/4/1997,17.19,1.89,6.52,30.03,23.51,101.24,16.65,89.93,24.68,1
11/5/1997,2.03,2.91,6.93,29.06,22.13,101.35,22.1,84.92,22.34,1
11/6/1997,1.04,2.39,8.4,29.51,21.11,101.36,20.56,84.75,22.32,1
11/7/1997,7.17,2.47,7.72,29.7,21.98,101.43,22.15,86.51,22.99,1
11/8/1997,2.11,1.97,7.4,28.99,21.59,101.33,20.32,86.59,22.38,1
11/9/1997,0.22,2.19,8.31,29.98,21.67,101.17,21.55,85.39,22.7,1
11/10/1997,0,1.65,8.64,30.46,21.82,101.18,20.26,83.8,23.2,0
11/11/1997,0,1.19,7.45,30.78,23.33,101.16,18.89,81.72,23.42,0
11/12/1997,0.02,1.35,9.15,31.28,22.13,101.1,21.89,79.5,22.96,1
11/13/1997,6.33,0.75,5.96,29.67,23.71,101.02,18.37,85.05,23.89,1
11/14/1997,3.92,1.01,6.82,30.82,24,101,18.44,83.59,24.14,1
11/15/1997,0,0.96,8.24,31.27,23.03,100.92,19.69,82.37,23.82,0
11/16/1997,0.07,0.86,8.38,31.56,23.18,100.94,20.36,79.9,23.65,1
11/17/1997,0.98,1.55,7.49,31.11,23.62,100.93,20.37,83.41,23.64,1
11/18/1997,2.82,1.98,7.29,29.45,22.16,101.01,20.79,84.71,22.67,1
11/19/1997,2.16,1.62,8.37,30.13,21.76,101.09,20.51,83.2,22.81,1
11/20/1997,0,1.62,8.05,30.05,22,101.17,21.85,82.01,22.37,0
11/21/1997,0.06,1.5,9.65,31.44,21.79,101.15,21.59,79.96,22.73,1
11/22/1997,3.82,0.96,6.28,30.3,24.02,101.11,17.5,84.43,23.93,1
11/23/1997,0.16,0.75,5.7,30.23,24.53,100.92,17.35,85.02,24.04,1
11/24/1997,5.26,1.14,8.21,31.22,23.01,100.87,17.4,82.24,23.41,1
11/25/1997,13.05,1.15,8.61,30.92,22.31,100.96,20.03,83.5,23.59,1
11/26/1997,0.3,1.12,8.13,31.5,23.37,101.05,19.8,84.49,24.09,1
11/27/1997,2.35,0.89,6.7,30.11,23.41,101.08,18.22,86.2,23.62,1
11/28/1997,0.29,0.95,8.38,31.29,22.91,101.14,18.76,82,23.53,1
11/29/1997,0,1.32,9.02,31.57,22.55,101.1,20.8,82.61,23.41,0
11/30/1997,0.02,1.45,8.61,31.45,22.84,101.1,20.85,81.25,23.1,1
12/1/1997,0.01,1.59,7.97,30.77,22.8,101.2,21.13,75.91,21.75,1
12/2/1997,0,2.38,9.66,30.13,20.47,101.18,21.28,75.6,20.34,0
12/3/1997,0,2.58,10.41,30.11,19.7,101.19,19.99,78.52,20.69,0
12/4/1997,0,2.78,9.36,30.67,21.31,101.15,20.65,77.31,21.13,0
12/5/1997,0.87,1.92,10.39,31.8,21.41,101.13,20.38,76.4,22.23,1
12/6/1997,2.55,1.81,7.79,31.65,23.86,101.09,20.26,81.91,23.79,1
12/7/1997,0.05,1.46,8.23,32.42,24.19,100.88,19.82,78.64,23.45,1
12/8/1997,1.75,2.18,7.81,31.67,23.86,100.98,18.07,78.62,22.69,1
12/9/1997,2.47,3.43,8.4,30.31,21.91,101.23,20.66,77.24,20.95,1
12/10/1997,0.01,2.99,9.93,30.79,20.86,101.23,20.94,75.61,20.57,1
12/11/1997,0,2.2,10.48,30.98,20.5,101.29,21.38,72.16,19.91,0
12/12/1997,0.01,2.31,11.15,31.16,20.01,101.26,20.97,73.06,19.77,1
12/13/1997,0.01,2.29,10.64,31.64,21,101.23,21.33,73.45,20.45,1
12/14/1997,0,2.35,11.1,32.44,21.34,101.16,21.33,71.76,21.04,0
12/15/1997,0,1.97,10.82,33.36,22.54,101.16,21,73.63,21.89,0
12/16/1997,0,1.28,10.04,32.34,22.3,101.18,21.1,76.94,22.19,0
12/17/1997,0,0.9,9.96,32.79,22.83,101.13,19.98,75.64,22.35,0
12/18/1997,0,1.41,10.61,33.6,22.99,101.01,20.55,73.39,21.51,0
12/19/1997,0,1.2,11.97,33.76,21.79,101.05,21,72.77,20.95,0
12/20/1997,0,1.46,12.46,33.28,20.82,101.05,20.24,73.97,20.87,0
12/21/1997,0,1.31,12.59,33.24,20.65,101.12,20.31,72.71,20.81,0
12/22/1997,0.44,1.48,11.44,33.46,22.02,101.16,20.4,73.17,21.78,1
12/23/1997,1.69,1.32,10.34,33.4,23.06,101.17,18.82,71.54,21.39,1
12/24/1997,8.43,1.11,10.24,32.94,22.7,101.13,20.96,71.71,21.11,1
12/25/1997,0,1.4,11.61,33.54,21.93,101.17,17.97,67.83,19.96,0
12/26/1997,0,1.28,12.75,33.36,20.61,101.2,19.17,66.43,19.24,0
12/27/1997,0,1.75,12.64,33.15,20.51,101.21,20.77,65.53,18.01,0
12/28/1997,0,1.06,12.52,33.43,20.91,101.23,17.98,65.07,19.29,0
12/29/1997,0,1.79,12.24,34.49,22.25,101.18,21.36,64.24,19.42,0
12/30/1997,0,1.36,12.32,33.47,21.15,101.16,19.43,70.07,20.27,0
12/31/1997,0,1.17,13.09,34.08,20.99,101.11,19.67,67.6,19.65,0
1/1/1998,0,1.47,12.56,33.32,20.76,101.08,19.82,69.81,19.72,0
1/2/1998,0,1.5,13.18,33.52,20.34,101.15,18.95,68.68,19.27,0
1/3/1998,0,1.24,13.75,33.95,20.2,101.22,20.64,68.4,19.01,0
1/4/1998,0.32,1.28,13.25,34.54,21.29,101.23,20.86,67.4,20.46,1
1/5/1998,1.72,1.76,11.78,34.21,22.43,101.21,18.31,70.37,20.25,1
1/6/1998,0.32,1.37,12.88,34.18,21.3,101.18,19.04,68.96,20.18,1
1/7/1998,0,1.33,12.51,35.09,22.58,101.16,19.12,65.14,20.08,0
1/8/1998,0,1.2,12.86,35.54,22.68,101.02,17.57,67.23,21.33,0
1/9/1998,0,1.51,12.5,35.96,23.46,100.85,18.08,67.05,21.68,0
1/10/1998,0,1.94,12.04,35.14,23.1,100.87,18.83,66.85,21.09,0
1/11/1998,0,1.6,13.36,35.33,21.97,100.95,19.37,63.2,19.67,0
1/12/1998,0.04,2.04,12.12,34.96,22.84,100.82,18.76,68.85,21.48,1
1/13/1998,0.23,2.15,12.21,35.16,22.95,100.78,17.65,68.57,21.54,1
1/14/1998,0,2.08,12.68,35.61,22.93,100.84,20.09,66.07,21.09,0
1/15/1998,0,1.81,13.55,36.47,22.92,100.74,18.76,65.35,20.93,0
1/16/1998,0,2.21,14.79,37.42,22.63,100.73,21.89,64.26,20.21,0
1/17/1998,0,1.77,16.26,37.73,21.47,100.83,22.28,63.22,19.11,0
1/18/1998,0,1.65,16.45,37.72,21.27,100.97,21.82,58.95,18.1,0
1/19/1998,0.08,2.58,13.55,36.5,22.95,101.11,19.94,61.67,20.07,1
1/20/1998,0,1.56,12.4,35.9,23.5,101.22,18.13,60.45,20.02,0
1/21/1998,0,1.82,12.98,36.36,23.38,101.17,19.32,57.32,18.5,0
1/22/1998,0,1.48,14.54,36.29,21.75,101.1,21.34,56.34,17.29,0
1/23/1998,0,1.54,15.18,36.83,21.65,101.01,22.34,57.3,18.16,0
1/24/1998,0,2.25,14.27,36.96,22.69,101.17,21.32,56.84,18.24,0
1/25/1998,0.02,1.78,14.38,36.64,22.26,101.27,22.24,53.6,17.57,1
1/26/1998,0,2.44,13.11,36.85,23.74,101.27,20.62,50.92,17.25,0
1/27/1998,0,1.67,14.57,37.05,22.48,101.25,22.05,51.6,17.4,0
1/28/1998,0.01,2.46,13.82,38.21,24.39,101.33,22.27,50.35,18.36,1
1/29/1998,0.18,4.17,12.52,37.12,24.6,101.47,22.04,47.08,17.43,1
1/30/1998,0,2.73,13.91,37.24,23.33,101.38,21.42,45.92,16.25,0
1/31/1998,0,1.65,13.35,37.66,24.31,101.31,21.73,50.26,18.06,0
2/1/1998,0,2.2,12.62,37.02,24.4,101.26,20.33,56.66,19.79,0
2/2/1998,0,2.5,14.19,37.79,23.6,101.23,21.42,50.78,17.41,0
2/3/1998,0,2.2,15.28,37.76,22.48,101.22,19.62,52.09,17.21,0
2/4/1998,0,2.01,15.54,37.94,22.4,101.22,22.81,53.85,17.56,0
2/5/1998,3.27,1.34,13.72,36.9,23.18,101.22,18.46,56.47,18.93,1
2/6/1998,1.19,1.12,12.94,36.22,23.28,101.18,16.84,57.53,19.31,1
2/7/1998,0.07,1.44,12.71,36.6,23.89,101.15,17.52,54.04,19.06,1
2/8/1998,0.42,1.59,12.25,36.66,24.41,101.19,20.14,54.23,19.27,1
2/9/1998,0.79,1.71,12.87,37.06,24.19,101.23,20.23,54.18,19.21,1
2/10/1998,2.81,2.19,12.24,36.62,24.38,101.19,18.47,58.74,20.14,1
2/11/1998,0.56,2.1,12.95,36.53,23.58,101.19,17.41,56.3,19.21,1
2/12/1998,0.16,2.16,13.99,37.41,23.42,101.15,18.09,54.73,18.9,1
2/13/1998,0,2.49,14.07,37.89,23.82,101.17,18.2,54.56,19.03,0
2/14/1998,0,1.79,13.51,38.03,24.52,101.15,21.22,51.49,18.73,0
2/15/1998,0,2.62,13.6,38.61,25.01,101.04,21.17,52.05,19.74,0
2/16/1998,0,2.88,13.9,39.51,25.61,100.95,21.01,49.98,18.62,0
2/17/1998,0,2.26,14.19,39.55,25.36,100.96,21.14,51.37,19.38,0
2/18/1998,0,2.29,15.1,40.49,25.39,100.83,20.48,50.46,19.45,0
2/19/1998,0,2.14,13.91,40.24,26.33,100.9,20.72,47.81,19.01,0
2/20/1998,0,1.96,14.23,40.67,26.44,100.92,22.64,48.39,19.62,0
2/21/1998,0,2.49,13.86,40.95,27.09,100.94,19.78,49.61,20.43,0
2/22/1998,0.14,3.23,11.71,39.43,27.72,101.07,23.06,50.18,20.18,1
2/23/1998,0,2.9,15.22,40.26,25.04,101.07,24.14,48.11,18.51,0
2/24/1998,0,1.96,14.9,40.07,25.17,101,22.34,48.24,18.57,0
2/25/1998,0.41,2.95,12.43,39.2,26.77,100.97,21.75,50.68,19.98,1
2/26/1998,1.72,2.3,12.4,38.69,26.29,100.96,20.5,51.95,20.18,1
2/27/1998,0,2.02,11.64,38.68,27.04,100.98,20.73,48.59,19.65,0
2/28/1998,0.03,2.76,12.73,39.03,26.3,101.02,22.27,47.63,18.63,1
3/1/1998,0.04,2.36,12.51,38.56,26.05,101.02,16.73,48.99,18.86,1
3/2/1998,0.05,2.47,12.34,39.07,26.73,101,21.03,44.59,17.72,1
3/3/1998,0.03,2.46,12.88,38.99,26.11,101.01,21.58,48.15,18.66,1
3/4/1998,0,2.88,14.43,39.95,25.52,100.97,23.38,49.38,18.91,0
3/5/1998,0,3.17,11.41,38.1,26.69,100.94,23.9,50.14,19.59,0
3/6/1998,0,3.54,13.44,39.09,25.65,100.89,18.75,48.06,18.18,0
3/7/1998,0,2.28,15.27,39.48,24.21,100.8,20.65,49.77,18.17,0
3/8/1998,0,2.32,14.7,40.47,25.77,100.65,24.39,48.76,19.27,0
3/9/1998,0,3.14,14.71,41.29,26.58,100.61,21.59,47.75,18.41,0
3/10/1998,0,2.97,16.8,41.3,24.5,100.65,21.4,47.04,16.3,0
3/11/1998,0,2.91,18.27,41.43,23.16,100.78,20.94,48.5,17.24,0
3/12/1998,0,2.81,16.83,41.14,24.31,100.85,19.39,49.68,18.27,0
3/13/1998,0,2.92,13.84,40.53,26.69,100.88,24.4,49.16,19.55,0
3/14/1998,0,2.7,14.43,40.5,26.07,100.83,23.43,44.54,17.88,0
3/15/1998,0,2.83,14.43,40.71,26.28,100.87,25.06,43.18,17.46,0
3/16/1998,0,2.22,13.7,40.38,26.68,100.95,24.61,44.57,18.43,0
3/17/1998,0,2.98,13.85,40.46,26.61,100.95,23.07,43.81,18.06,0
3/18/1998,0,2.79,14.66,40.27,25.61,100.96,21.83,40.88,16.33,0
3/19/1998,0,2.87,14.01,40.29,26.28,100.93,21.96,43.8,17.41,0
3/20/1998,0,3.13,15.81,41.07,25.26,100.81,24.22,41.83,16.01,0
3/21/1998,0,2.36,16.11,40.76,24.65,100.96,21.43,41.39,15.33,0
3/22/1998,0,3.15,16.34,40.82,24.48,100.93,21.25,44.75,16.85,0
3/23/1998,0,3.11,15.83,41.07,25.24,100.99,23.26,44.58,16.32,0
3/24/1998,0,2.7,15.02,41.07,26.05,100.92,23.32,48.68,19.05,0
3/25/1998,0,3.26,13.29,39.99,26.7,100.92,22.48,42.22,16.98,0
3/26/1998,0,2.95,14.48,40.37,25.89,100.96,22.31,44.94,17.67,0
3/27/1998,0,2.78,13.04,39.37,26.33,101,21.18,48.78,19.54,0
3/28/1998,0,2.75,13.76,40.78,27.02,100.99,21.72,44.93,18.31,0
3/29/1998,1.79,2.7,15.17,41.32,26.15,101.01,21.35,44.45,17.31,1
3/30/1998,4.43,2.22,14.85,41.37,26.52,101.04,18.7,48.86,19.57,1
3/31/1998,0.17,2.12,12.44,39.87,27.43,100.93,22.49,51.13,20.68,1
4/1/1998,0.07,2.15,10.62,38.45,27.83,100.96,17.22,46.72,19.08,1
4/2/1998,0.3,2.59,13.91,40.35,26.44,100.97,21.64,46.92,18.96,1
4/3/1998,0,3.21,13.58,40.09,26.51,100.98,22.97,43.48,17.19,0
4/4/1998,0.06,2.57,14.52,40.53,26.01,101.07,21.08,45.42,18.06,1
4/5/1998,0,2.83,13.57,40.62,27.05,101.08,21.29,47.04,18.98,0
4/6/1998,0,2.54,13.47,40.63,27.16,100.98,21.13,46.71,19.49,0
4/7/1998,0,2.89,14.14,40.68,26.54,100.82,21.69,44.37,18.16,0
4/8/1998,0.03,2.71,13.37,40.17,26.8,100.73,21.77,45.39,19.13,1
4/9/1998,0,3.09,13.88,41.29,27.41,100.61,22.51,44.56,19.4,0
4/10/1998,0,3.29,12.85,40.5,27.65,100.71,22.75,44.91,19.62,0
4/11/1998,0,2.51,13.14,40.9,27.76,100.77,21.97,43.13,18.56,0
4/12/1998,0,3.01,14.45,42.24,27.79,100.56,23.23,45.4,19.84,0
4/13/1998,0,3.4,14.34,42.7,28.36,100.5,20.06,46.36,20.5,0
4/14/1998,0,2.49,14.28,42.98,28.7,100.64,21.42,42.23,19.37,0
4/15/1998,0.02,2.74,11.48,40.76,29.28,100.8,19.32,45.25,20.32,1
4/16/1998,0.1,2.71,12.54,41.33,28.79,100.76,20.42,44.16,20.22,1
4/17/1998,3.73,2.88,11.5,40.54,29.04,100.72,18.42,47.2,20.98,1
4/18/1998,8.39,2.46,5.44,33.12,27.68,100.87,16.6,62.9,22.16,1
4/19/1998,1.45,2.78,9.4,36.15,26.75,100.79,14.86,65.64,23.22,1
4/20/1998,1.8,2.47,9.49,36.15,26.66,100.84,21.29,64.67,22.81,1
4/21/1998,0.21,2.77,12.71,39.55,26.84,100.91,21.42,53.79,21.14,1
4/22/1998,0.04,1.69,12.34,39.71,27.37,100.87,21.35,52.7,21.49,1
4/23/1998,0,2.06,10.05,38.59,28.54,100.79,21.38,53.87,22.37,0
4/24/1998,0,1.48,10.81,39.75,28.94,100.76,22.14,53.06,22.31,0
4/25/1998,0.59,2.77,9.14,38.21,29.07,100.79,20.45,54.4,22.33,1
4/26/1998,0.07,2.38,4.46,33.44,28.98,100.75,20.01,60.88,22.6,1
4/27/1998,0,2.89,14.16,41.03,26.87,100.67,24.34,49.16,20.13,0
4/28/1998,0.04,3.38,14.21,42.21,28,100.64,22.48,44.8,19.53,1
4/29/1998,0,3.31,14.04,42.05,28.01,100.65,20.18,47.12,20.52,0
4/30/1998,0,3.73,14.4,42.02,27.62,100.64,20.08,46.61,19.94,0
5/1/1998,0.03,3.42,12.78,40.52,27.74,100.66,21.75,50.58,21.39,1
5/2/1998,0,2.39,12.58,40.85,28.27,100.74,19.74,46.61,20.78,0
5/3/1998,0.01,2.95,11.97,41.38,29.41,100.65,16.82,45.02,20.68,1
5/4/1998,0.13,2.33,8.6,38.01,29.41,100.57,19.72,47.77,20.74,1
5/5/1998,10.91,2.07,8,37.06,29.06,100.55,22.64,55.53,22.35,1
5/6/1998,0.24,1.95,12.41,39.17,26.76,100.69,17.25,53.82,21.43,1
5/7/1998,2.39,1.69,8.66,36.54,27.88,100.75,21.26,60.78,22.93,1
5/8/1998,0.36,2.05,12.71,40.02,27.31,100.64,21.97,53.99,21.91,1
5/9/1998,3.45,2.3,10.38,37.84,27.46,100.54,22.27,57.81,22.49,1
5/10/1998,0,2.04,9.37,37.12,27.75,100.53,22.81,56.83,22.3,0
5/11/1998,0.07,1.71,10.93,39.54,28.61,100.48,24.33,50.68,21.75,1
5/12/1998,4.26,1.92,10.36,39.27,28.91,100.49,22.06,52.85,22.01,1
5/13/1998,7.96,2.55,10.41,37.74,27.33,100.57,22.98,65.29,24.02,1
5/14/1998,2.26,2.38,11.87,38.51,26.64,100.51,22.42,64.12,23.76,1
5/15/1998,6.64,2.1,6.96,34.53,27.57,100.5,22.08,71.86,24.62,1
5/16/1998,7.25,1.99,9.11,35.88,26.77,100.6,22.98,74.89,24.94,1
5/17/1998,9.5,2.51,6.98,33.76,26.78,100.71,22.27,79.47,25.41,1
5/18/1998,5.16,1.86,7.52,34.06,26.54,100.81,16.28,76.8,25.15,1
5/19/1998,1.56,2.03,10.02,36.66,26.64,100.72,20.16,68.56,24.32,1
5/20/1998,4.16,2.32,11.67,38.49,26.82,100.72,21.2,65.93,24.14,1
5/21/1998,27.64,1.79,6.22,33.25,27.03,100.77,20.7,79.06,25.74,1
5/22/1998,1.59,2.08,10.88,37.45,26.57,100.64,25.04,67.87,24.2,1
5/23/1998,1.63,2.82,10.6,37.58,26.98,100.51,24.64,66.54,24.01,1
5/24/1998,2.03,2.65,10.85,37.54,26.69,100.49,24.42,69.73,24.64,1
5/25/1998,1.42,2.5,6.19,33.52,27.33,100.56,14.37,78.7,25.64,1
5/26/1998,4.9,2.41,6.71,33.55,26.84,100.7,18.18,79.61,25.53,1
5/27/1998,0.84,2.65,9.01,35.58,26.57,100.79,21.39,73.97,24.67,1
5/28/1998,5.5,2.86,8.17,34.42,26.25,100.72,20.94,76.94,25.13,1
5/29/1998,33.43,2.97,4.81,31,26.19,100.59,17.71,87.57,25.9,1
5/30/1998,29.76,3.22,5.15,31.11,25.96,100.55,17.02,88.94,25.81,1
5/31/1998,6.97,3.52,4.48,30.54,26.06,100.7,13.79,89.29,25.63,1
6/1/1998,3.03,3.07,7.33,33.1,25.77,100.64,20.94,82.62,25.45,1
6/2/1998,5.91,2.73,5.69,31.84,26.15,100.56,19.57,85.77,25.88,1
6/3/1998,1.79,2.75,6.99,32.91,25.92,100.58,21.92,82.18,25.41,1
6/4/1998,0.08,2.04,7.11,32.78,25.67,100.63,22.79,81.09,25.23,1
6/5/1998,0.91,2.35,7.59,33.53,25.94,100.65,23.71,80.76,25.48,1
6/6/1998,3.36,2.06,6.47,32.78,26.31,100.69,15.19,81.7,25.18,1
6/7/1998,4.87,2.01,9.46,34.55,25.09,100.65,23.68,77.49,24.5,1
6/8/1998,31.34,2.75,5.79,31.63,25.84,100.62,20.76,85.39,25.71,1
6/9/1998,32.19,2.39,5.06,30.97,25.91,100.63,20.52,88.8,25.98,1
6/10/1998,3.03,2.42,5.02,30.84,25.82,100.78,21.56,88.17,25.73,1
6/11/1998,10.95,1.66,6.82,31.82,25,100.76,22.6,85.53,25.48,1
6/12/1998,2.03,1.41,6.24,31.6,25.36,100.6,22.22,85.53,25.73,1
6/13/1998,2.18,0.9,4.29,30.5,26.21,100.55,21.36,86.2,25.55,1
6/14/1998,6.32,1.26,5.73,31.21,25.48,100.66,18.39,87.01,25.73,1
6/15/1998,0.63,1.16,6.21,31.68,25.47,100.75,22.65,84.44,25.37,1
6/16/1998,5.09,2.11,4.39,30.63,26.24,100.66,22.05,88.97,26.03,1
6/17/1998,11.26,2.28,4.86,30.47,25.61,100.55,23.33,89.66,25.86,1
6/18/1998,10.5,2.34,5.45,31.07,25.62,100.6,15.67,88.9,25.84,1
6/19/1998,9.48,1.97,6.38,31.54,25.16,100.69,22.86,85.23,25.1,1
6/20/1998,2.92,1.9,6.17,31.63,25.46,100.61,21.31,87.13,25.75,1
6/21/1998,4.53,1.92,5.65,31.21,25.56,100.58,20.68,87.54,25.53,1
6/22/1998,22.29,2.28,6.59,31.53,24.94,100.53,21.38,87.46,25.35,1
6/23/1998,13.04,1.99,5.18,30.33,25.15,100.5,23.66,89.25,25.48,1
6/24/1998,16.35,2.51,6.07,31.05,24.98,100.44,18.56,88.17,25.51,1
6/25/1998,50.96,1.77,5.11,30.28,25.17,100.41,20.71,91.48,25.95,1
6/26/1998,40.04,2.06,4.67,30,25.33,100.43,17.02,90.44,25.74,1
6/27/1998,18.47,2.83,5.56,30.63,25.07,100.51,18.56,90.33,25.57,1
6/28/1998,49.7,2.79,4.25,29.27,25.02,100.6,17.17,93.23,25.58,1
6/29/1998,41.56,2.75,4.84,29.49,24.65,100.53,17.61,91.05,25.18,1
6/30/1998,16.92,2.57,5.53,29.94,24.41,100.44,13.2,91.54,25.31,1
7/1/1998,5.59,2.49,4.59,29.4,24.81,100.58,15.92,92.06,25.33,1
7/2/1998,6.72,1.5,5.98,30.36,24.38,100.73,18.92,88.67,25.11,1
7/3/1998,0.53,1.38,4.81,29.62,24.81,100.8,21.89,90.24,25.21,1
7/4/1998,11.05,1.58,5.29,29.89,24.6,100.89,18.87,90.18,25.19,1
7/5/1998,10.18,1.44,6.04,30.2,24.16,100.94,20.6,87.58,24.68,1
7/6/1998,6.59,2.04,6.11,30.49,24.38,100.83,21.25,89.27,25.23,1
7/7/1998,9.48,2.27,5.61,30.32,24.71,100.74,22.64,90.22,25.44,1
7/8/1998,6.69,2.63,4.89,29.59,24.7,100.67,21.68,92.8,25.6,1
7/9/1998,1.19,2.04,4.88,29.81,24.93,100.69,21.67,91.74,25.57,1
7/10/1998,0.14,1.95,5.87,30.36,24.49,100.66,19.71,89.08,25.28,1
7/11/1998,1.37,1.67,4.12,29.46,25.34,100.61,22.5,91.03,25.4,1
7/12/1998,5.28,1.72,6.82,31.16,24.34,100.63,16.2,88.17,25.27,1
7/13/1998,3.06,1.92,5.84,30.49,24.65,100.73,17.67,90.01,25.55,1
7/14/1998,2.25,1.23,5.7,30.61,24.91,100.8,19.3,85.7,24.9,1
7/15/1998,0.24,1.21,5.96,30.83,24.87,100.76,24.72,87.46,25.24,1
7/16/1998,1.62,1.41,6.54,31.18,24.64,100.65,23.01,86.59,25.21,1
7/17/1998,1.14,1.64,6.75,31.63,24.88,100.62,23.8,85.72,25.35,1
7/18/1998,3.03,1,7.21,32.04,24.83,100.72,24,84.26,25.43,1
7/19/1998,6.17,1.31,5.66,31,25.34,100.63,21.4,86.74,25.65,1
7/20/1998,0.39,1.9,6.46,31.63,25.17,100.48,23.04,86.52,25.59,1
7/21/1998,4.71,2.33,5.74,31.14,25.4,100.45,23.18,89.24,25.8,1
7/22/1998,14.1,2.29,4.02,28.94,24.92,100.53,19.92,91.99,25.27,1
7/23/1998,11.16,2.17,4.99,29.78,24.79,100.57,20.87,90.68,25.26,1
7/24/1998,10.58,2.21,5.4,29.89,24.49,100.6,21.12,90.18,25.21,1
7/25/1998,1.71,2.03,5.1,29.85,24.75,100.57,21.09,90.64,25.28,1
7/26/1998,5.15,2.18,4.93,29.7,24.77,100.52,20.52,91.2,25.35,1
7/27/1998,4.45,1.41,6.85,31.11,24.26,100.54,21.52,87.34,25.29,1
7/28/1998,10.94,1.11,4.75,29.92,25.17,100.51,19.63,89.28,25.17,1
7/29/1998,8.75,1.02,6.93,31.2,24.27,100.44,19.86,84.68,24.67,1
7/30/1998,18.75,2.26,5.57,30.3,24.73,100.44,19.72,89.59,25.39,1
7/31/1998,7.2,2.82,5.87,30.98,25.11,100.64,18.82,89.61,25.66,1
8/1/1998,12.03,1.88,4.95,30.09,25.14,100.82,20.03,89.75,25.44,1
8/2/1998,14.2,1.73,5.75,30.2,24.45,100.84,16.93,88.96,25.05,1
8/3/1998,16.09,1.5,5.46,30.11,24.65,100.73,19.43,88.72,25.14,1
8/4/1998,28.52,2.47,4.33,29.21,24.88,100.66,12.33,91.43,25.09,1
8/5/1998,10.05,2.29,5.63,29.94,24.31,100.6,18.32,90.48,25.21,1
8/6/1998,34.81,2.31,5.61,29.9,24.29,100.57,19.38,90.9,25.21,1
8/7/1998,43.13,2.7,4.6,29.35,24.75,100.65,17.96,92.31,25.27,1
8/8/1998,19.25,1.63,4.41,28.85,24.44,100.67,16.47,91.56,24.91,1
8/9/1998,6.89,2.19,5.36,29.64,24.28,100.68,20.09,91.64,25.22,1
8/10/1998,3.26,1.78,5.26,29.61,24.35,100.8,19.18,90.42,25.03,1
8/11/1998,2.18,1.38,5.72,29.75,24.03,100.8,16.24,89.32,24.9,1
8/12/1998,4.01,1.27,6.04,30.29,24.25,100.73,20.23,88,24.93,1
8/13/1998,13,1.11,6.26,30.35,24.09,100.69,21.2,87.93,24.87,1
8/14/1998,7.93,1.29,6.37,30.94,24.57,100.73,21.98,87.9,25.33,1
8/15/1998,1.84,1.44,5.21,30.19,24.98,100.81,21.99,88.6,25.5,1
8/16/1998,23.62,1.21,6.37,31.29,24.92,100.69,18.73,87.55,25.51,1
8/17/1998,53.66,1.36,4.95,30.09,25.14,100.51,22.79,88.45,25.5,1
8/18/1998,11.6,0.99,5.82,31.03,25.21,100.53,18.72,86.5,25.42,1
8/19/1998,2.96,2.19,5.26,30.29,25.03,100.53,19.53,90.67,25.61,1
8/20/1998,7.04,2.19,4.2,29.1,24.9,100.58,20.25,91.71,25.31,1
8/21/1998,3.24,1.95,4.35,28.96,24.61,100.68,17.31,91.39,24.79,1
8/22/1998,1.89,1.42,5.17,29.43,24.26,100.72,15.9,90.72,24.89,1
8/23/1998,1.89,1.03,8.05,31.83,23.78,100.8,22.68,83.95,24.72,1
8/24/1998,10.29,1.42,6.03,30.67,24.64,100.89,24.02,88.4,25.48,1
8/25/1998,12.66,1.11,5.49,30.33,24.84,100.83,22.11,86.05,25.01,1
8/26/1998,5.74,1.11,5.92,30.44,24.52,100.83,22.57,86.02,24.79,1
8/27/1998,0.56,1.56,7,31.41,24.41,100.79,23.15,86.53,25.34,1
8/28/1998,1.25,1.74,6,30.91,24.91,100.74,21.86,88.18,25.62,1
8/29/1998,5.76,1.92,5.56,30.62,25.06,100.57,21.22,89.92,25.82,1
8/30/1998,14.06,2.23,6.07,31.3,25.23,100.54,20.92,88.95,25.89,1
8/31/1998,3.06,2.46,3.85,28.88,25.03,100.72,20.02,91.45,25.21,1
9/1/1998,4.18,2.37,5.17,29.42,24.25,100.86,20,91.43,24.76,1
9/2/1998,2.18,2.02,6.48,30.38,23.9,100.93,20.14,88.63,24.66,1
9/3/1998,0.48,1.39,6.96,30.74,23.78,100.95,22.02,87.58,24.88,1
9/4/1998,1.56,2.02,4.23,29.16,24.93,100.97,20.25,91.19,25.18,1
9/5/1998,5.16,2.08,5.72,30.04,24.32,100.88,20.54,88.59,24.68,1
9/6/1998,9.95,2.15,7.17,31.09,23.92,100.69,21.99,88.4,25.08,1
9/7/1998,13.31,1.35,7.4,31.41,24.01,100.74,21.07,86.48,25.1,1
9/8/1998,15.83,1.53,6.59,31.54,24.95,100.88,19.46,85.39,25.28,1
9/9/1998,4.46,1.56,6.39,31.17,24.78,100.81,23.12,86.07,25.31,1
9/10/1998,13.05,2.27,5.38,30.23,24.85,100.59,17.54,90.05,25.43,1
9/11/1998,8.69,3.25,4.65,29.17,24.52,100.54,14.43,91.62,24.98,1
9/12/1998,31.16,2.89,5.92,29.8,23.88,100.54,15.83,90.59,24.76,1
9/13/1998,25.64,2.89,5.52,30.03,24.51,100.47,15.82,90.56,25.12,1
9/14/1998,12.39,3.19,4.41,29.17,24.76,100.36,13.02,91.72,25.06,1
9/15/1998,12.15,2.95,5.25,30.01,24.76,100.3,15.96,92.13,25.59,1
9/16/1998,16.03,2.81,4.6,29.78,25.18,100.42,12.77,91.99,25.73,1
9/17/1998,22.12,2.51,4.68,29.59,24.91,100.5,19.38,92.47,25.43,1
9/18/1998,20.64,2.32,3.59,28.61,25.02,100.45,14.14,93.62,25.45,1
9/19/1998,6.98,2.07,5.82,30.06,24.24,100.49,16.26,90.95,25.34,1
9/20/1998,4.58,2.57,4.07,29.09,25.02,100.54,16.1,92.99,25.61,1
9/21/1998,7.99,2.32,6.25,30.77,24.52,100.59,18.16,90.29,25.4,1
9/22/1998,3.31,2.02,5.39,30.06,24.67,100.7,16.87,90.6,25.42,1
9/23/1998,5.23,1.14,5.73,30.48,24.75,100.77,20.06,88.56,25.32,1
9/24/1998,2.4,1.72,3,28.1,25.1,100.66,19.05,94.62,25.58,1
9/25/1998,5.7,1.45,6.5,30.67,24.17,100.65,12.89,89.2,25.06,1
9/26/1998,19.12,0.82,4.62,29.25,24.63,100.66,17.81,86.66,24.2,1
9/27/1998,30.07,1.45,6.21,30.13,23.92,100.6,18.15,87.11,24.45,1
9/28/1998,3.41,2.29,5.84,30.1,24.26,100.44,17.28,89.92,25.17,1
9/29/1998,12.72,2.22,3.42,28.63,25.21,100.34,15.86,93.31,25.38,1
9/30/1998,9.41,3.5,5.47,28.72,23.25,100.47,11.66,91.78,24.37,1
10/1/1998,5.74,2.99,4.33,26.63,22.3,100.68,11.67,91.68,22.92,1
10/2/1998,12.11,2.44,7.25,29.76,22.51,100.57,18.27,86.64,23.21,1
10/3/1998,9.24,1.74,8,30.82,22.82,100.47,17.25,86.5,24.21,1
10/4/1998,8.4,1.29,6.29,30.79,24.5,100.45,14.92,83.92,24.57,1
10/5/1998,1.51,0.74,6.75,31.4,24.65,100.45,19.98,85.48,25.15,1
10/6/1998,5.42,1.6,4.42,30.06,25.64,100.57,18.71,90,25.52,1
10/7/1998,17.84,1.67,6.02,30.61,24.59,100.63,17.36,89.46,25.2,1
10/8/1998,39.94,1.4,3.95,28.89,24.94,100.61,15.76,91.84,24.93,1
10/9/1998,7.78,1.62,4.54,28.72,24.18,100.67,14.36,92.38,24.79,1
10/10/1998,3.01,1.35,6.92,30.89,23.97,100.69,16.46,88.01,24.94,1
10/11/1998,9.43,1.18,5.92,30.46,24.54,100.72,15.86,89.08,25.3,1
10/12/1998,3.26,1.85,3.5,28.46,24.96,100.79,17.24,94.01,25.43,1
10/13/1998,2.62,1.46,6.63,30.61,23.98,100.84,19.71,86.05,24.7,1
10/14/1998,4.6,1.09,6.24,30.63,24.39,100.71,20.92,84.93,24.89,1
10/15/1998,4.58,1.18,5.16,29.9,24.74,100.63,19.71,90.36,25.18,1
10/16/1998,6.13,2.37,6.01,30.83,24.82,100.75,20.36,89.63,25.49,1
10/17/1998,6.65,1.74,5.62,30.41,24.79,100.75,20.55,90.06,25.55,1
10/18/1998,7.16,1.91,4.27,29.28,25.01,100.69,11.94,91.54,25.12,1
10/19/1998,7.33,1.77,3.83,27.9,24.07,100.74,16.67,92.49,24.36,1
10/20/1998,7.64,2.99,5.82,28.68,22.86,100.78,19.95,91.75,24.12,1
10/21/1998,4.28,4.31,3.73,27.98,24.25,100.65,11.64,92.32,24.27,1
10/22/1998,6.6,2.91,4.44,27.86,23.42,100.62,13.96,93.01,24.21,1
10/23/1998,1.3,2.28,5.84,29.97,24.13,100.65,17.07,89.14,24.61,1
10/24/1998,2.82,1.12,5.89,30.41,24.52,100.69,13.49,89.55,25.19,1
10/25/1998,1.47,1.32,2.96,27.99,25.03,100.69,18.2,94.1,25.41,1
10/26/1998,0.08,1.96,6.44,30.06,23.62,100.78,20.3,84.67,23.32,1
10/27/1998,3.5,1.63,8.29,30.33,22.04,100.88,21.86,87.28,23.72,1
10/28/1998,10.65,1.01,6.12,30.57,24.45,100.98,17.61,85.72,24.6,1
10/29/1998,22.76,1.44,6.33,30.52,24.19,100.94,18.35,88.31,24.86,1
10/30/1998,5.57,1.27,5.47,29.31,23.84,100.98,15.85,90.4,24.66,1
10/31/1998,5.97,1.79,7.63,31.14,23.51,100.93,21.5,87.52,24.71,1
11/1/1998,8.05,1.56,5.63,29.55,23.92,100.94,21.43,89.38,24.51,1
11/2/1998,9.84,1.26,5.8,30.15,24.35,100.94,20.07,87.01,24.57,1
11/3/1998,19.06,1.7,6.61,30.42,23.81,100.85,20.55,86.3,24.31,1
11/4/1998,12.88,2.14,5.77,29.33,23.56,100.82,21.33,89.67,24.07,1
11/5/1998,12.09,2.3,5.95,29.82,23.87,100.73,19.91,89.71,24.63,1
11/6/1998,18.64,2.16,5.12,29.82,24.7,100.71,17.44,91.78,25.32,1
11/7/1998,12.64,2.34,3.95,28.46,24.51,100.73,17.15,93.16,25.03,1
11/8/1998,7.8,2.34,5.78,29.42,23.64,100.79,18.43,90.42,24.52,1
11/9/1998,16.94,1.38,5.32,29.48,24.16,100.85,18.96,88.41,24.55,1
11/10/1998,4.17,2.18,5.83,29.17,23.34,100.93,18.16,88.03,23.43,1
11/11/1998,0,2.68,7.36,28.53,21.17,100.93,19.39,85.74,21.77,0
11/12/1998,0.01,2.58,8.31,29.12,20.81,100.84,20.12,86.45,21.98,1
11/13/1998,10.05,2.84,6.24,27.68,21.44,100.66,12.41,88.22,21.73,1
11/14/1998,10.99,3.98,3.39,24.83,21.44,100.57,4.19,93.16,22.2,1
11/15/1998,15.63,3.81,4.32,27.46,23.14,100.44,11.86,94.4,24.29,1
11/16/1998,5.74,2.48,5.75,29.81,24.06,100.64,14.54,90.69,24.72,1
11/17/1998,6.33,1.47,6.07,29.83,23.76,100.58,16.22,90.65,24.68,1
11/18/1998,0.58,1.01,5.58,29.9,24.32,100.65,18.96,86.65,23.97,1
11/19/1998,2.69,1.78,6.53,29.6,23.07,100.62,15.09,89.07,24.05,1
11/20/1998,4.34,3.85,5.13,28.55,23.42,100.46,4.27,90.63,23.82,1
11/21/1998,2.51,2.91,5.39,27.08,21.69,100.57,14.14,89.52,22.22,1
11/22/1998,1.73,1.25,6.46,28.86,22.4,100.75,12.95,90.65,23.66,1
11/23/1998,0.38,2.14,4.06,27.87,23.81,100.9,12.54,91.19,23.75,1
11/24/1998,0,2.85,3.73,26.58,22.85,100.81,18.57,90.08,22.59,0
11/25/1998,0,2.69,4.35,26.14,21.79,100.67,19.2,89.23,21.58,0
11/26/1998,2.41,2.77,7.58,28.25,20.67,100.5,9.57,87.78,21.79,1
11/27/1998,1.25,1.27,6.84,29.04,22.2,100.66,14.28,89.11,23.44,1
11/28/1998,0.71,1.14,4.29,27.86,23.57,100.81,16.08,91.14,23.83,1
11/29/1998,1.51,1.17,7.19,29.99,22.8,100.93,17.43,88.43,24,1
11/30/1998,1.65,1.41,4.37,28.12,23.75,101.02,16.48,90.04,23.81,1
12/1/1998,3.74,0.69,7.41,30.27,22.86,100.91,18.39,85.24,23.75,1
12/2/1998,1.23,1.17,5.43,29.6,24.17,100.87,18.3,90.25,24.54,1
12/3/1998,2.46,1.22,7.11,30.83,23.72,101,17.59,85.23,24.16,1
12/4/1998,1.89,2.01,7.15,30.45,23.3,100.97,17.9,88.26,24.46,1
12/5/1998,0.64,2.68,7.06,30.48,23.42,100.98,17.93,88.31,24.46,1
12/6/1998,0.47,2.87,7.29,30.16,22.87,101.05,16.94,88.03,24.01,1
12/7/1998,1.57,3.11,7.31,29.74,22.43,101.08,19.54,87.87,23.53,1
12/8/1998,1.19,3.07,6.43,27.99,21.56,101.14,15.42,87.51,21.96,1
12/9/1998,0.57,3.44,6.84,26.73,19.89,101.12,15.83,87.11,20.83,1
12/10/1998,7.34,5.01,3.8,23.47,19.67,100.97,6.09,90.28,20.11,1
12/11/1998,4.41,4.74,6.53,27.26,20.73,100.98,10.55,90.93,22.19,1
12/12/1998,0.36,3.78,6.59,25.92,19.33,101.12,12.82,85.47,19.79,1
12/13/1998,5.26,3.83,6.25,23.82,17.57,101,11.32,88.9,18.51,1
12/14/1998,9.02,4.55,7.54,25.14,17.6,100.9,8.8,88.02,18.89,1
12/15/1998,1.92,3.96,8.78,26.75,17.97,101.05,11.21,88.42,19.47,1
12/16/1998,0.04,3.21,7.69,26.07,18.38,101.15,12.1,86.65,19.47,1
12/17/1998,0.06,2.54,7.94,27.34,19.4,101.06,19.28,86.83,20.72,1
12/18/1998,0.06,2.05,8.53,28.98,20.45,100.87,18.7,85.9,21.85,1
12/19/1998,0.05,1.71,8.54,29.74,21.2,100.7,19.71,83.25,22.31,1
12/20/1998,0.08,1.2,8.74,30.12,21.38,100.58,18.31,80.97,22.23,1
12/21/1998,2.53,0.9,8.11,30.08,21.97,100.66,17.17,81.83,22.74,1
12/22/1998,3.26,1.19,5.87,28.99,23.12,100.79,18.05,86.81,23.32,1
12/23/1998,0.82,1.42,7.65,30.09,22.44,100.84,15.87,83.94,22.68,1
12/24/1998,2.38,2.37,8.13,29.96,21.83,100.99,20.08,85.31,22.69,1
12/25/1998,5.3,2.46,8.53,29.9,21.37,101.06,19.44,86.04,22.65,1
12/26/1998,1.07,2.72,8.33,29.94,21.61,100.98,18.66,85.51,22.57,1
12/27/1998,13.17,2.95,8.78,29.19,20.41,101.1,20.05,86.46,21.95,1
12/28/1998,0,2.93,7.78,28.16,20.38,101.27,16.81,86.06,21.41,0
12/29/1998,0.23,3.03,8.84,29.67,20.83,101.12,19.12,85.8,22.27,1
12/30/1998,0.29,3.2,7.19,29.53,22.34,101.02,17.84,85.37,22.48,1
12/31/1998,0.05,2.89,7.79,29.5,21.71,101.05,17.49,83.25,21.84,1
1/1/1999,0.53,2.53,6.63,27.78,21.15,101.07,15.31,87.44,22.16,1
1/2/1999,0.2,3.1,7.39,29.43,22.04,100.93,18.05,84.09,22.1,1
1/3/1999,0.16,2.88,7.18,28.66,21.48,100.92,18.18,82.1,20.93,1
1/4/1999,0,2.83,8.6,28.36,19.76,100.92,18.42,79.89,19.2,0
1/5/1999,0,2.05,11,28.39,17.39,100.85,18.04,79.54,18.22,0
1/6/1999,0,2.01,10.6,27.52,16.92,100.83,15.24,78.25,17.5,0
1/7/1999,0.02,2.53,9.75,28.1,18.35,100.87,17.25,80.1,19.17,1
1/8/1999,0.28,1.87,8.89,27.84,18.95,100.88,18.06,79.27,18.97,1
1/9/1999,0.05,1.96,10.31,28.77,18.46,100.91,20.84,81.47,19.6,1
1/10/1999,1.64,1.87,9.29,29.7,20.41,101,17.99,82.46,21.12,1
1/11/1999,13.77,1.62,7.57,29.62,22.05,100.94,10.93,84.98,22.63,1
1/12/1999,2.2,2.35,6.99,29.82,22.83,101,13.65,86.99,23.32,1
1/13/1999,0.08,3.05,7.63,28.65,21.02,101.13,17.21,82.93,21.22,1
1/14/1999,2.04,2.93,8.38,30.01,21.63,101.12,16.04,82.63,22.11,1
1/15/1999,7.29,3.33,7.5,30.12,22.62,101.2,16.25,81.91,22.11,1
1/16/1999,0.19,3.64,9.13,28.71,19.58,101.26,21.75,79.54,19.99,1
1/17/1999,0,3.46,9.51,29.97,20.46,101.16,21.24,78.99,20.54,0
1/18/1999,0.21,2.94,9.93,31.19,21.26,100.92,20.09,78.86,21.63,1
1/19/1999,0,2.46,9.84,31.72,21.88,100.87,19.43,77.81,21.89,0
1/20/1999,0,2.75,10.08,32.2,22.12,100.91,17.79,75.64,21.72,0
1/21/1999,0,3.38,9.78,32.04,22.26,100.92,17.66,76.72,21.89,0
1/22/1999,0.2,2.92,10.12,32.27,22.15,100.77,20.65,77.71,22.25,1
1/23/1999,0.51,2.38,9.2,32.41,23.21,100.68,16.52,77.31,22.59,1
1/24/1999,0,1.49,10.56,33.76,23.2,100.71,19.54,74.56,22.58,0
1/25/1999,6.99,1.86,10.33,33.34,23.01,100.69,18.33,73.58,22.37,1
1/26/1999,16.56,1.7,10.07,31.87,21.8,100.58,18.99,79.68,22.33,1
1/27/1999,0.9,1.6,10.1,32.22,22.12,100.58,15.9,78.11,21.63,1
1/28/1999,5.06,1.14,4.93,27.55,22.62,100.77,10.76,85.42,22.41,1
1/29/1999,7.42,1.23,6.02,28.73,22.71,100.76,12.67,87.45,22.98,1
1/30/1999,1.98,1.52,8.65,31.36,22.71,100.7,17.67,79.08,21.87,1
1/31/1999,0,1.5,10.91,32.09,21.18,100.7,22.76,77.22,21.41,0
2/1/1999,0.01,1.29,12.74,33.09,20.35,100.81,21.56,73.13,20.6,1
2/2/1999,2.64,1.39,9.99,32.14,22.15,100.91,20.39,78.11,22.48,1
2/3/1999,0.24,3.12,10.08,32.37,22.29,101.05,17.42,74.91,21.45,1
2/4/1999,0,4.14,10.16,29.89,19.73,101.27,20.12,66.38,16.81,0
2/5/1999,0,3.1,12.72,29.93,17.21,101.31,21.7,68.97,16.87,0
2/6/1999,0,3.01,9.48,28.95,19.47,101.27,17.54,72.46,17.5,0
2/7/1999,0,2.73,11.17,30.51,19.34,101.19,20.65,71.86,18.51,0
2/8/1999,0.04,2.73,11.9,31.96,20.06,101.12,22.83,71.03,19.47,1
2/9/1999,0.12,2.63,11.18,32.16,20.98,101.03,23.34,70.56,19.74,1
2/10/1999,0.34,1.63,11.09,32.34,21.25,100.95,19.76,75.22,21.21,1
2/11/1999,3.5,2.13,9.03,32.7,23.67,101.07,13.82,77.23,22.53,1
2/12/1999,0.95,2.86,11.73,33.86,22.13,101.17,20.28,69.72,20.93,1
2/13/1999,0.84,2.87,12.6,34.19,21.59,101.08,20.09,67.67,20.13,1
2/14/1999,0.01,2.56,12.48,34,21.52,101.08,19.97,67.13,20.04,1
2/15/1999,0.65,2.68,13.06,34.36,21.3,101.17,20.95,64.94,19.35,1
2/16/1999,0.85,2.65,13.39,33.93,20.54,101.23,22.46,63.98,18.11,1
2/17/1999,0.1,1.85,14.76,34.19,19.43,101.1,23.2,63.77,17.99,1
2/18/1999,0,1.6,13.55,33.92,20.37,101.11,21.88,67.35,19.37,0
2/19/1999,0,2.33,12.94,34.48,21.54,101.18,19.48,62.22,17.78,0
2/20/1999,0,3.43,14.98,34.45,19.47,101.16,23.48,59.83,17.34,0
2/21/1999,0,3.34,13.77,34.12,20.35,101.19,19.04,60.34,17.79,0
2/22/1999,0,2.83,13.69,34.58,20.89,101.24,23.44,57.64,17.22,0
2/23/1999,0,1.77,14.3,35.45,21.15,101.14,22.62,61.64,18.81,0
2/24/1999,0.31,1.68,13.27,36.03,22.76,100.98,20.55,63.93,20.12,1
2/25/1999,0.01,1.61,11.66,35.36,23.7,100.94,21.74,67.38,21.58,1
2/26/1999,0.04,1.49,14.99,37.44,22.45,100.81,22.57,63.03,19.98,1
2/27/1999,0.32,2.33,15.03,37.44,22.41,100.85,20.5,61.07,19.73,1
2/28/1999,1.04,2.59,15.71,36.9,21.19,100.93,21.16,59.74,19.33,1
3/1/1999,1.29,2.65,12.99,36.84,23.85,100.85,19.14,61.11,20.74,1
3/2/1999,0.22,1.74,14.19,37.22,23.03,100.68,22.55,59.4,19.29,1
3/3/1999,0.52,1.12,14.61,37.24,22.63,100.56,21.54,59.87,19.73,1
3/4/1999,1.09,2.2,11.22,35.87,24.65,100.5,20.46,66.22,21.93,1
3/5/1999,0.61,2.23,11.17,35.43,24.26,100.41,18.32,66.73,21.91,1
3/6/1999,0.1,2.31,12.31,36.59,24.28,100.29,21.5,64.53,21.83,1
3/7/1999,0,1.67,13.27,37.71,24.44,100.27,20.63,61.31,21.59,0
3/8/1999,0.04,1.53,10.33,36.21,25.88,100.29,19.67,62.53,21.79,1
3/9/1999,0,2.43,12.7,37.91,25.21,100.33,22.84,58.95,21.17,0
3/10/1999,0,2.34,10.8,36.43,25.63,100.46,22.86,63.44,22.39,0
3/11/1999,0.01,2.56,12.13,37.7,25.57,100.47,20.57,60.38,21.81,1
3/12/1999,0.39,2.82,12.88,37.8,24.92,100.56,18.48,59.61,21.27,1
3/13/1999,1.44,2.6,10.68,37.04,26.36,100.58,20.88,60.23,21.64,1
3/14/1999,0.3,1.94,12.89,38.21,25.32,100.59,22.98,58.11,21.31,1
3/15/1999,0.05,2.86,13.17,38.82,25.65,100.57,23.46,53.41,20.16,1
3/16/1999,0.03,3.23,13.05,39.06,26.01,100.48,21.2,52.02,19.69,1
3/17/1999,1.68,2.81,12.67,38.32,25.65,100.45,22,55.25,20.67,1
3/18/1999,0.02,2.62,13.94,39.99,26.05,100.39,22.05,51.17,20.01,1
3/19/1999,0,2.91,12.81,39.75,26.94,100.37,21.8,50.69,20.45,0
3/20/1999,0.12,3.12,10.01,37.36,27.35,100.36,21.94,57.42,21.98,1
3/21/1999,0.15,2.63,9.26,36.43,27.17,100.44,20.85,58.5,21.8,1
3/22/1999,1.83,2.71,9.52,36.44,26.92,100.67,18.68,59.97,21.86,1
3/23/1999,0.41,3.71,13.19,39.12,25.93,100.81,20.95,54.4,20,1
3/24/1999,3.37,2.16,12.64,38.44,25.8,100.82,22.88,55.14,20.36,1
3/25/1999,4.52,3.25,10.51,36.64,26.13,100.82,19.65,62.36,21.99,1
3/26/1999,7.12,1.71,11.86,36.8,24.94,100.73,20.82,66.49,22.77,1
3/27/1999,0.28,2.11,11.53,37.21,25.68,100.66,21.7,63.8,22.57,1
3/28/1999,4.07,2.13,10.58,36.79,26.21,100.65,20.84,62.5,21.89,1
3/29/1999,16.48,1.75,5.92,31.12,25.2,100.73,20.24,78.26,23.28,1
3/30/1999,14.9,1.62,9.05,33.35,24.3,100.71,15.67,74.13,23.04,1
3/31/1999,1.07,0.77,10.47,35.67,25.2,100.68,18.09,67.54,22.59,1
4/1/1999,2.15,1.04,8.6,34.77,26.17,100.72,17.22,70.96,23.62,1
4/2/1999,0.06,1.22,7.5,33.34,25.84,100.76,19.43,71.83,23.65,1
4/3/1999,0.48,1.41,9.89,35.82,25.93,100.73,21.2,66.45,22.89,1
4/4/1999,4.85,1.95,6.69,32.26,25.57,100.84,21.71,76.36,23.76,1
4/5/1999,0.16,1.24,8.56,33.55,24.99,100.81,21.24,73.97,23.06,1
4/6/1999,3.53,0.95,7.63,32.49,24.86,100.71,16.72,73.51,22.87,1
4/7/1999,10.27,0.92,6.33,31.27,24.94,100.62,21.24,76.19,23.2,1
4/8/1999,0.15,1.36,12.52,37.04,24.52,100.58,21.16,59.13,20.36,1
4/9/1999,2.75,1.49,7.49,32.98,25.49,100.66,17.2,75.66,23.84,1
4/10/1999,1.78,1.48,6.83,32.26,25.43,100.7,13.59,77.36,24.11,1
4/11/1999,6.89,1.23,4.73,30.67,25.94,100.64,16.42,84.16,24.89,1
4/12/1999,9.24,1.98,7.38,32.49,25.11,100.6,19.58,80.33,24.3,1
4/13/1999,8.98,1.89,7.93,32.71,24.78,100.61,22.57,81.02,24.18,1
4/14/1999,7.59,1.7,7.3,31.71,24.41,100.72,17.55,81.28,23.84,1
4/15/1999,0.14,1.91,9.41,34.09,24.68,100.72,20.53,74.12,23.26,1
4/16/1999,1.39,1.21,8.22,33.13,24.91,100.75,16.64,77.2,23.63,1
4/17/1999,6.1,1.57,7.79,33.04,25.25,100.62,21.05,78.07,24.12,1
4/18/1999,1.55,2.35,10.63,35.34,24.71,100.53,24.01,73.64,23.78,1
4/19/1999,2,1.37,11.14,36.1,24.96,100.5,22.54,72.26,23.75,1
4/20/1999,3.5,1.67,8.02,33.59,25.57,100.62,20.51,76.04,24.2,1
4/21/1999,7.94,1.41,10.11,35.01,24.9,100.72,19.21,73.13,23.67,1
4/22/1999,16.11,1.93,7.71,32.87,25.16,100.64,19.26,80.27,24.2,1
4/23/1999,17.19,2.19,7.12,31.41,24.29,100.46,19.21,83.03,24.05,1
4/24/1999,8.42,2.82,6.95,31.11,24.16,100.51,13.2,82.95,23.65,1
4/25/1999,9.3,3.09,10.4,33.23,22.83,100.36,19.88,81.37,23.74,1
4/26/1999,7.75,2.25,9.67,33.37,23.7,100.31,19.19,79.36,23.9,1
4/27/1999,25.95,2.45,4.85,30,25.15,100.38,17.2,87.23,24.7,1
4/28/1999,20.85,1.31,4.57,29.27,24.7,100.53,17.81,88.84,24.43,1
4/29/1999,6.03,2.18,6.45,31.08,24.63,100.62,16.64,86.5,24.7,1
4/30/1999,0.52,1.47,6.37,30.61,24.24,100.75,19.86,85.22,24.23,1
5/1/1999,0.65,1.67,8.63,32.16,23.53,100.8,19.37,80.64,23.81,1
5/2/1999,9.32,1.58,6.96,31.27,24.31,100.76,13.68,84.46,24.47,1
5/3/1999,19.75,1.11,4.73,29.04,24.31,100.75,18.52,86.4,23.92,1
5/4/1999,1.53,1.24,7.69,31.5,23.81,100.71,24.59,82.64,24.09,1
5/5/1999,1.17,1.49,5.7,29.83,24.13,100.78,24.36,85.51,23.96,1
5/6/1999,1.71,1.49,6.84,30.84,24,100.71,18.95,84.31,24.22,1
5/7/1999,1.09,1.36,6.98,31.27,24.29,100.62,22.2,82.13,24.12,1
5/8/1999,0.63,2.49,7.74,32.39,24.65,100.64,22.34,80.88,24.01,1
5/9/1999,2.27,2.32,8.65,32.47,23.82,100.68,22.29,82.74,24.3,1
5/10/1999,1.48,1.73,8.07,31.9,23.83,100.73,22.17,82.29,24.27,1
5/11/1999,6.52,1.69,5.62,30.42,24.8,100.77,18.22,84.64,24.51,1
5/12/1999,0.29,1.54,8.15,32.28,24.13,100.78,22.99,79.9,24.04,1
5/13/1999,1.68,1.79,7.01,31.36,24.35,100.74,12.62,80.46,23.9,1
5/14/1999,11.66,1.95,5.94,30.5,24.56,100.65,20.5,84.54,24.25,1
5/15/1999,13.09,2.22,5.47,29.59,24.12,100.59,20.62,89,24.4,1
5/16/1999,8,2.41,5.42,29.92,24.5,100.55,17.13,89.36,24.69,1
5/17/1999,0.36,2.25,7.28,31.14,23.86,100.54,23.91,84.96,24.39,1
5/18/1999,1.06,1.91,6.86,30.81,23.95,100.57,23.94,85.73,24.61,1
5/19/1999,10.74,1.54,5.91,30.6,24.69,100.58,21.03,85.56,24.72,1
5/20/1999,7.23,2.13,7.23,31.33,24.1,100.67,20.3,84.4,24.24,1
5/21/1999,8.31,2.18,6.12,30.68,24.56,100.71,21.49,86.19,24.44,1
5/22/1999,1.55,1.68,6.74,30.69,23.95,100.67,21.2,86.69,24.67,1
5/23/1999,2.27,1.74,5.96,30.3,24.34,100.68,21.27,87.19,24.74,1
5/24/1999,6.76,1.71,5.82,29.94,24.12,100.57,21.17,88.38,24.6,1
5/25/1999,53.37,1.93,4.47,28.87,24.4,100.54,22.45,91.56,24.87,1
5/26/1999,16.75,2.46,5.81,29.47,23.66,100.72,20,89.64,24.48,1
5/27/1999,0.9,1.36,6.45,30,23.55,100.84,18.29,87.3,24.41,1
5/28/1999,5.35,1.54,3.34,28.26,24.92,100.75,14.33,90.91,24.79,1
5/29/1999,8.26,2.35,4.54,29.08,24.54,100.58,18.42,91.27,25.05,1
5/30/1999,1.97,2.48,4.33,27.93,23.6,100.68,17.41,90.59,24.09,1
5/31/1999,3.84,2.59,4.82,29.15,24.33,100.73,17.46,89.93,24.68,1
6/1/1999,25.1,3.11,5.17,29.48,24.31,100.7,18.7,90.2,24.6,1
6/2/1999,18.87,3.06,5.39,29.42,24.03,100.64,15.78,89.97,24.45,1
6/3/1999,17.37,2.79,6.22,29.72,23.5,100.62,13.5,88.67,24.06,1
6/4/1999,18.84,2.99,4.14,28.2,24.06,100.6,12.91,90.89,24.01,1
6/5/1999,22.71,3.21,4.42,27.87,23.45,100.49,11.85,91.44,23.69,1
6/6/1999,10.2,3.01,3.22,26.8,23.58,100.47,12.93,92.48,23.51,1
6/7/1999,0.72,2.84,7.01,29.98,22.97,100.5,15.89,87.16,23.76,1
6/8/1999,3.5,2.54,5.95,30.04,24.09,100.55,16.37,89.07,24.68,1
6/9/1999,9.95,2.56,4.83,29.16,24.33,100.66,13.87,91.37,24.91,1
6/10/1999,0.86,1.8,5.97,29.63,23.66,100.78,20.65,88.75,24.35,1
6/11/1999,1.77,1.39,5.36,29.26,23.9,100.84,21.59,89,24.5,1
6/12/1999,2.99,1.69,5.88,29.63,23.75,100.71,21.96,88.46,24.72,1
6/13/1999,2.69,2.44,3.99,28.49,24.5,100.6,22.09,91.76,24.77,1
6/14/1999,18.51,2.9,5.06,28.99,23.93,100.62,17.13,91.87,24.78,1
6/15/1999,10.14,2.73,5.19,29.12,23.93,100.64,19.71,90.76,24.62,1
6/16/1999,24.52,2.39,4.24,28.16,23.92,100.6,20.94,92.11,24.56,1
6/17/1999,10.87,2,5.57,29.2,23.63,100.56,18.02,90.28,24.41,1
6/18/1999,21.81,2.57,6.52,30.41,23.89,100.52,17.33,89.43,24.94,1
6/19/1999,8.99,2.75,3.77,27.91,24.14,100.65,12.03,93.72,24.78,1
6/20/1999,0.08,2.34,7.34,30.17,22.83,100.74,25.68,87.43,23.82,1
6/21/1999,0.27,2.32,8.64,30.45,21.81,100.75,23.57,88.28,23.85,1
6/22/1999,0,2.33,8.8,30.87,22.07,100.78,25.23,86.31,23.68,0
6/23/1999,0.01,2.33,9.69,31.1,21.41,100.74,24.75,86.36,23.66,1
6/24/1999,0.29,1.9,7.92,30.54,22.62,100.67,23.35,87.74,24.29,1
6/25/1999,0.67,1.92,7.09,30.97,23.88,100.54,22.99,86.09,24.58,1
6/26/1999,3.04,1.68,3.58,28.26,24.68,100.64,18.22,89.21,24.19,1
6/27/1999,3.95,0.99,6.28,29.88,23.6,100.76,20.75,85.59,23.93,1
6/28/1999,4.61,0.84,7.6,31.41,23.81,100.66,21.24,84.28,24.46,1
6/29/1999,4.12,2.34,5.31,29.78,24.47,100.55,22.07,90.06,25.04,1
6/30/1999,12.14,2.93,4.33,29.27,24.94,100.5,20.5,90.87,24.88,1
7/1/1999,18.81,2.52,4.05,28.38,24.33,100.41,17.72,92.96,24.97,1
7/2/1999,48.82,2.64,4.58,28.6,24.02,100.29,16.53,92.75,24.73,1
7/3/1999,7.36,2.46,3.5,27.29,23.79,100.43,10.65,93.35,24.35,1
7/4/1999,3.08,2.54,5.28,29.17,23.89,100.59,18.56,90.6,24.51,1
7/5/1999,1.48,2.62,5.99,29.95,23.96,100.64,22.31,89.79,24.72,1
7/6/1999,2.22,2.2,5.68,29.29,23.61,100.75,19.2,90.49,24.55,1
7/7/1999,0.07,1.54,7.08,30.53,23.45,100.76,24.91,86.48,24.11,1
7/8/1999,0.91,2.29,6.6,30.43,23.83,100.69,23.99,87.86,24.58,1
7/9/1999,2.14,2.86,5.39,29.75,24.36,100.6,22.52,90.16,24.92,1
7/10/1999,26.25,2.65,5.89,30.24,24.35,100.51,19.55,90.65,25.31,1
7/11/1999,7.89,2.62,4.42,28.85,24.43,100.54,21.97,91.34,24.72,1
7/12/1999,13.41,2.65,4.72,28.8,24.08,100.53,19.96,91.52,24.6,1
7/13/1999,6.5,2.95,4.79,28.72,23.93,100.48,16.84,90.93,24.29,1
7/14/1999,16.37,2.59,5.42,29.43,24.01,100.45,16.22,90.84,24.67,1
7/15/1999,17.33,2.94,5.12,29.24,24.12,100.45,21.92,91.05,24.64,1
7/16/1999,2.41,2.17,6.2,29.87,23.67,100.49,21.54,89.68,24.47,1
7/17/1999,4.48,2.29,6.89,30.18,23.29,100.64,22.43,88.8,24.55,1
7/18/1999,8.88,2.59,5.6,29.49,23.89,100.65,20.88,90.62,24.79,1
7/19/1999,4.32,3.1,5.92,29.94,24.02,100.62,21.05,89.52,24.78,1
7/20/1999,4.57,2.97,6.03,30.04,24.01,100.65,21.37,89.43,24.82,1
7/21/1999,13.17,2.47,4.7,28.88,24.18,100.64,19.86,92.03,24.72,1
7/22/1999,5.74,2.62,5.69,29.27,23.58,100.56,19.93,91.21,24.68,1
7/23/1999,13.82,3.3,5.36,29.2,23.84,100.4,18.21,90.4,24.37,1
7/24/1999,16.48,3.47,3.82,27.85,24.03,100.32,12.6,92.83,24.38,1
7/25/1999,11.04,3.73,4.53,28.54,24.01,100.47,8.52,91.59,24.08,1
7/26/1999,1.95,2.7,4.02,27.89,23.87,100.6,11.48,93.15,24.44,1
7/27/1999,1,2.66,5.99,29.35,23.36,100.55,14.24,91.46,24.71,1
7/28/1999,11.4,2.23,4.72,29.13,24.41,100.51,13.4,92.39,25.05,1
7/29/1999,25.66,3.1,5.04,29.43,24.39,100.28,15.13,91.67,24.9,1
7/30/1999,43.59,3.29,3.6,27.81,24.21,100.21,11.49,93.25,24.63,1
7/31/1999,15.42,2.83,3.97,27.86,23.89,100.44,13.14,93.6,24.63,1
8/1/1999,5.75,2.6,5.47,28.91,23.44,100.57,14.11,91.26,24.33,1
8/2/1999,17.81,2.97,3.86,27.62,23.76,100.53,12.82,92.52,24.24,1
8/3/1999,24.8,3.27,4.48,28.03,23.55,100.43,12.16,92.16,24.02,1
8/4/1999,27.75,3.2,4.73,28.07,23.34,100.47,11.7,91.73,23.85,1
8/5/1999,7.82,3,4.67,28.25,23.58,100.57,14.25,92.42,24.32,1
8/6/1999,2.01,3.06,5.34,28.83,23.49,100.52,13.07,91.81,24.51,1
8/7/1999,0.56,2.59,5.75,29.27,23.52,100.56,16.57,90.54,24.5,1
8/8/1999,0.01,2.97,6.27,29.98,23.71,100.62,17.32,88.36,24.24,1
8/9/1999,0.5,2.13,7.33,30.23,22.9,100.65,23.4,88.28,24.35,1
8/10/1999,1.95,2.09,5.62,29.49,23.87,100.67,22.09,91.05,24.97,1
8/11/1999,0.6,2.32,5.54,29.43,23.89,100.65,20.67,90.91,24.89,1
8/12/1999,0.04,2.87,5.86,29.58,23.72,100.68,18.99,89.88,24.51,1
8/13/1999,0.03,2.24,5.8,29.21,23.41,100.7,24.23,90.05,24.21,1
8/14/1999,0.31,1.86,6.74,29.55,22.81,100.76,23.72,88.87,24,1
8/15/1999,0.08,1.35,8.32,30.8,22.48,100.89,23.24,85.28,23.96,1
8/16/1999,0.99,1.09,6.04,30.25,24.21,100.8,17.81,84.09,24.19,1
8/17/1999,3.01,1.03,4.93,29.2,24.27,100.75,17.06,85.52,23.94,1
8/18/1999,1.99,1.18,6.82,30.15,23.33,100.8,21.46,85.88,24.1,1
8/19/1999,7.08,1.43,5.8,30.29,24.49,100.74,17.45,87.61,24.9,1
8/20/1999,6.11,2.02,5.6,30.07,24.47,100.52,21.43,89.37,25.01,1
8/21/1999,7.84,2.62,5.25,29.6,24.35,100.38,19.61,89.62,24.71,1
8/22/1999,2.94,2.39,6.38,30.16,23.78,100.44,20.08,90.01,24.88,1
8/23/1999,12.05,2.57,6.01,29.77,23.76,100.71,13.26,91.18,24.85,1
8/24/1999,8.65,2.01,5.61,29.92,24.31,100.89,19.38,89.25,24.82,1
8/25/1999,13.91,1.45,6.58,30.38,23.8,100.8,21.05,87.05,24.44,1
8/26/1999,19.22,1.89,3.34,27.77,24.43,100.79,20.95,93.5,24.85,1
8/27/1999,7.42,1.47,5.1,28.79,23.69,100.85,16.66,89.98,24.25,1
8/28/1999,25.47,2.2,5.49,29.24,23.75,100.83,14.34,91.68,24.77,1
8/29/1999,3.04,1.34,5.96,29.65,23.69,100.85,21.06,89.72,24.43,1
8/30/1999,10.44,1.49,4.56,28.31,23.75,100.78,15.61,89.89,24.23,1
8/31/1999,2.95,1.23,5.94,29.27,23.33,100.74,20.56,88.08,24.06,1
9/1/1999,6.54,2.15,3.89,27.76,23.87,100.8,16.18,92.83,24.3,1
9/2/1999,11.71,1.63,6.69,29.56,22.87,100.71,16.98,88.43,23.89,1
9/3/1999,11.6,2.42,6.78,30.3,23.52,100.59,21.68,89.22,24.56,1
9/4/1999,22.98,2.65,4.78,29.2,24.42,100.54,20.69,90.58,24.8,1
9/5/1999,5.75,2.11,5.21,29.09,23.88,100.52,18.5,91.09,24.68,1
9/6/1999,11.06,1.85,5.6,28.94,23.34,100.52,13.68,88.33,23.91,1
9/7/1999,6.37,2.96,6.34,29.66,23.32,100.53,17.33,89.63,24.26,1
9/8/1999,2.15,2.13,6.18,29.61,23.43,100.7,21.37,88.48,24.08,1
9/9/1999,1.34,2.14,7.58,30.65,23.07,100.66,21.36,88.05,24.47,1
9/10/1999,0.74,2.38,6.6,30.16,23.56,100.66,20.4,88.39,24.53,1
9/11/1999,0.75,1.73,6.62,30.42,23.8,100.65,20.04,87.95,24.52,1
9/12/1999,0.91,1.64,5.34,29.07,23.73,100.59,17.8,89.23,24.38,1
9/13/1999,0.39,1.59,5.53,29.3,23.77,100.58,16.84,89.02,24.41,1
9/14/1999,1.73,2.58,5.57,29.05,23.48,100.55,18.75,90.86,24.54,1
9/15/1999,23.18,2.92,4.77,28.79,24.02,100.46,16.14,91.21,24.67,1
9/16/1999,0.75,2.88,5.11,29.27,24.16,100.49,18.03,90.98,24.64,1
9/17/1999,0.11,2.93,5.48,29.21,23.73,100.56,17.8,91.01,24.58,1
9/18/1999,0.01,2.48,5.94,30.05,24.11,100.63,19.55,90.03,24.89,1
9/19/1999,0.15,1.81,7.47,31.08,23.61,100.74,21.6,87.49,24.84,1
9/20/1999,0.1,1.71,5.8,30.26,24.46,100.81,18.35,87.4,24.73,1
9/21/1999,0.26,1.35,6.47,30.6,24.13,100.85,19.01,84.77,24.36,1
9/22/1999,0.43,1.63,6.97,30.9,23.93,100.77,19.2,86.12,24.78,1
9/23/1999,0.81,1.45,5.64,30.14,24.5,100.78,16.23,87.96,24.67,1
9/24/1999,5.5,1.35,7.1,30.74,23.64,100.8,18.28,86.47,24.38,1
9/25/1999,13.48,1.03,6.57,30.63,24.06,100.76,21.43,84.51,24.44,1
9/26/1999,2.48,1.26,3.47,28.1,24.63,100.76,17.32,89.45,24.46,1
9/27/1999,18.14,1.23,5.72,29.59,23.87,100.82,21.29,87.42,23.92,1
9/28/1999,3.1,1.24,5.73,29.34,23.61,100.75,16.69,85.74,23.49,1
9/29/1999,1.74,1.08,6.54,30.16,23.62,100.7,21.24,85.47,24.11,1
9/30/1999,8.28,0.75,3.96,28.53,24.57,100.77,21.37,87.99,24.05,1
10/1/1999,1.05,1.2,5.47,29.44,23.97,100.77,18.18,88.66,24.16,1
10/2/1999,2.99,1.18,6.31,29.86,23.55,100.79,20.46,87.45,24.32,1
10/3/1999,11.09,1.69,4.64,28.55,23.91,100.85,8.71,86.55,23.36,1
10/4/1999,1.42,1.22,7.88,30.4,22.52,100.88,22.76,83.8,23.6,1
10/5/1999,1.25,1.36,6.6,30.35,23.75,100.84,21.51,86.17,24.18,1
10/6/1999,9.04,1.46,5.02,29.14,24.12,100.82,18.58,88.65,24.28,1
10/7/1999,8.11,0.9,5.69,29.58,23.89,100.72,15.66,88.58,24.53,1
10/8/1999,1.36,1.3,5.02,29.29,24.27,100.68,19.33,89.13,24.41,1
10/9/1999,5.67,1.62,5.74,29.62,23.88,100.76,18.56,90.31,24.68,1
10/10/1999,8.46,1.15,5.1,29.04,23.94,100.9,17.96,88.64,24.41,1
10/11/1999,2.61,1.04,7.05,30.9,23.85,100.85,20.53,85.47,24.53,1
10/12/1999,9.56,1.08,6.67,30.92,24.25,100.78,21.25,85.83,24.78,1
10/13/1999,13.46,2.52,4.57,28.59,24.02,100.76,17.86,92.55,24.75,1
10/14/1999,5.44,1.63,6.01,29.51,23.5,100.84,17.65,90.69,24.46,1
10/15/1999,1.87,0.96,5.7,29.06,23.36,100.83,18.28,86.33,23.66,1
10/16/1999,1.94,1.08,7.12,30.4,23.28,100.79,19.13,85.84,24.12,1
10/17/1999,10.98,2.18,6.41,30.47,24.06,100.68,18.64,87.75,24.52,1
10/18/1999,4.4,3.27,6.27,30.46,24.19,100.67,17.07,87.54,24.2,1
10/19/1999,0.68,2.85,6.77,29.44,22.67,100.73,20.23,85.72,22.84,1
10/20/1999,2.85,1.56,7.61,29.97,22.36,100.78,17.79,84.33,22.81,1
10/21/1999,3.13,1.27,6.49,29.73,23.24,100.91,18.69,87.71,23.86,1
10/22/1999,5.51,1.85,7.04,30.74,23.7,100.95,21.72,87.91,24.53,1
10/23/1999,19.6,3.21,4.55,29.35,24.8,100.69,9.58,90.49,24.78,1
10/24/1999,47.82,3.29,4.19,28.5,24.31,100.47,9.6,93.88,24.89,1
10/25/1999,19.7,2.77,5.2,29.09,23.89,100.67,13.5,92.19,24.68,1
10/26/1999,9.7,1.68,6.04,29.3,23.26,100.88,18.07,89.39,24.13,1
10/27/1999,0.6,1.09,7.22,30.66,23.44,100.77,21.09,86.15,24.3,1
10/28/1999,7.31,1.34,3.9,27.97,24.07,100.81,18.06,91.97,24.47,1
10/29/1999,1.04,2.04,3.54,27.77,24.23,100.78,17.67,92.55,24.48,1
10/30/1999,5.59,1.35,4.21,28.36,24.15,100.67,17.6,93.61,24.8,1
10/31/1999,13.42,1.72,5.25,29.12,23.87,100.75,17.95,90.45,24.26,1
11/1/1999,21.35,1.66,3.96,27.27,23.31,100.78,13.24,91.85,23.66,1
11/2/1999,15.23,2.2,4.1,27.35,23.25,100.59,13.84,93.71,24.1,1
11/3/1999,19.74,2.12,4.06,27.42,23.36,100.62,11.77,93.35,24.07,1
11/4/1999,10.59,2.6,5.1,28.71,23.61,100.52,14.33,92.23,24.22,1
11/5/1999,20.87,3.27,3.32,26.83,23.51,100.45,11.82,93.18,23.82,1
11/6/1999,0.43,1.82,7.41,30.01,22.6,100.48,14.58,88.05,23.84,1
11/7/1999,4.28,1.15,6.03,29.58,23.55,100.66,15.71,90.18,24.52,1
11/8/1999,0.79,0.98,4.98,28.89,23.91,100.73,16.33,91.15,24.43,1
11/9/1999,0.74,1.27,6.04,29.52,23.48,100.79,19.21,90.28,24.36,1
11/10/1999,2.6,1.16,5.66,29.56,23.9,100.87,18.46,90.1,24.49,1
11/11/1999,1.38,0.75,5.43,29.59,24.16,100.94,18.56,89.06,24.52,1
11/12/1999,6.01,1.14,6.07,30.02,23.95,100.88,18.43,87.42,24.72,1
11/13/1999,9.23,0.91,4.32,29.23,24.91,100.86,18.47,88.94,24.87,1
11/14/1999,6.86,0.99,4.26,28.85,24.59,100.91,16.79,90.35,24.48,1
11/15/1999,7.5,1.64,6.41,29.22,22.81,100.97,14.79,88.57,23.58,1
11/16/1999,8.73,1.99,7.38,29.65,22.27,101.1,15.12,88.01,23.63,1
11/17/1999,0.64,2.84,7.56,28.2,20.64,101.29,21.9,86.98,21.8,1
11/18/1999,0.2,3.29,6.56,28.24,21.68,101.17,19.68,87.32,22.07,1
11/19/1999,0.2,2.91,7.07,28.22,21.15,101.02,20.16,86.54,21.66,1
11/20/1999,0.78,3,7.48,28.6,21.12,100.97,17.23,87.22,21.97,1
11/21/1999,0.54,2.76,7.72,28.8,21.08,100.92,16.19,88.42,22.59,1
11/22/1999,1.01,2.39,5.54,28,22.46,100.89,13.73,91.09,23.48,1
11/23/1999,0.8,1.22,5.9,29.26,23.36,100.84,16.36,87.57,23.79,1
11/24/1999,2.36,1.8,5.87,29.5,23.63,100.79,19.13,87.8,24.08,1
11/25/1999,1.15,1.95,7.55,30.53,22.98,100.76,19.7,85.51,23.79,1
11/26/1999,4.14,1.83,6.54,29.89,23.35,100.78,19.83,85.54,23.26,1
11/27/1999,0.53,1.79,8.32,30.32,22,100.8,21.23,84.57,23.17,1
11/28/1999,2.39,2.35,6.85,30.37,23.52,100.82,18.86,86.85,24.02,1
11/29/1999,2.32,3.03,6.53,28.92,22.39,100.83,15.68,87.97,23.06,1
11/30/1999,0,3.36,5.95,27.82,21.87,100.9,20.94,86.32,21.63,0
12/1/1999,0.23,4.11,7.36,27.91,20.55,100.94,19.54,85.99,21.2,1
12/2/1999,0.57,3.87,7.31,27.03,19.72,100.92,15.19,89.93,21.41,1
12/3/1999,2.59,3.22,3.97,25.77,21.8,100.96,11.43,93.3,22.57,1
12/4/1999,4.74,1.72,6.32,28.85,22.53,100.96,16.22,90.78,23.77,1
12/5/1999,7.66,1.35,4.9,27.88,22.98,100.95,14.88,91.55,23.61,1
12/6/1999,0.27,2.65,5.62,28.9,23.28,100.97,17.2,89.73,23.67,1
12/7/1999,0.38,3.34,6.47,29.25,22.78,101.08,18.18,87.09,22.97,1
12/8/1999,0,3.27,6.37,28.18,21.81,101.14,19.69,87.18,21.82,0
12/9/1999,0,3.37,5.99,25.74,19.75,101.11,17.85,84.85,19.59,0
12/10/1999,0.21,3.6,7.41,26.71,19.3,100.97,13.55,83.85,19.46,1
12/11/1999,2.32,3.39,3.29,23.89,20.6,100.95,8.23,92.97,20.86,1
12/12/1999,0.23,3.34,5.43,26.71,21.28,100.9,15.02,89.68,21.68,1
12/13/1999,1.25,2.99,7.6,29.68,22.08,100.79,15.5,87.72,23.15,1
12/14/1999,0.11,3.19,6.47,29.47,23,100.69,16.42,87.84,23.45,1
12/15/1999,0.02,3.31,6.47,28.14,21.67,100.68,19.73,84.7,21.56,1
12/16/1999,0,2.55,7.62,28.89,21.27,100.71,21.19,83.85,21.44,0
12/17/1999,0.14,2.02,7.72,29.1,21.38,100.68,20.92,85.1,22.02,1
12/18/1999,0.33,3.56,3.97,24.82,20.85,100.86,16.01,88.51,20.48,1
12/19/1999,0,3.08,4.5,24.44,19.94,101.03,19.68,85.56,19.56,0
12/20/1999,0,3.67,7.04,26.79,19.75,101.14,20.55,81.72,19.1,0
12/21/1999,0,4.03,8.63,26.84,18.21,101.29,20.29,80.35,18.18,0
12/22/1999,0,4.51,9.15,25.1,15.95,101.47,19.11,78.22,16.09,0
12/23/1999,0,3.84,10.14,23.87,13.73,101.53,20.18,76.18,13.95,0
12/24/1999,0,3.3,9.54,23.9,14.36,101.54,19.11,77.24,14,0
12/25/1999,0,3.1,10.55,24.64,14.09,101.42,19.6,78.03,14.46,0
12/26/1999,0,2.72,11.26,25.69,14.43,101.31,19.03,78.87,15.47,0
12/27/1999,0,2.95,10.66,26.23,15.57,101.34,17.78,77.52,16.2,0
12/28/1999,0.07,2.23,11.3,28.91,17.61,101.21,17.26,80.8,19.42,1
12/29/1999,0.12,2.32,9.38,29.98,20.6,101.05,17.23,81.99,21.48,1
12/30/1999,0.09,2.47,9.98,30.55,20.57,100.82,19.49,79.3,20.99,1
12/31/1999,0.42,2.37,10.64,30.79,20.15,100.83,17.45,78.43,20.59,1
1/1/2000,0.09,2.34,10.04,31.18,21.14,100.8,19.34,78.35,21.51,1
1/2/2000,1.79,2.03,9.62,31.49,21.87,100.79,20.02,78.69,22.08,1
1/3/2000,8.18,1.97,9.6,31.52,21.92,100.76,18.39,79.55,22.13,1
1/4/2000,0.21,1.6,10.55,32,21.45,100.76,20.34,79.06,22.13,1
1/5/2000,0,1.76,9.92,32.47,22.55,100.82,20.62,79.49,22.67,0
1/6/2000,1.37,1.38,9.3,31.63,22.33,100.84,18.98,82.1,23.03,1
1/7/2000,3.78,1.22,6.38,29.61,23.23,100.88,17.11,83.56,23.2,1
1/8/2000,0.28,1.17,6.71,29.89,23.18,100.89,18.13,75.32,21.14,1
1/9/2000,0,1.48,11.06,32.45,21.39,100.87,19.33,70.61,20.05,0
1/10/2000,0.43,1.26,11.2,32.72,21.52,100.81,17.98,73.93,20.53,1
1/11/2000,1.37,1.01,9.77,32.11,22.34,100.82,19.26,79.92,22.67,1
1/12/2000,0.56,1.38,7.9,31.22,23.32,100.8,17.78,81.65,23.1,1
1/13/2000,0.12,1.42,11.26,32.76,21.5,100.73,18.75,77.13,21.94,1
1/14/2000,0.33,1.56,10.32,32.45,22.13,100.69,17.08,79.01,22.49,1
1/15/2000,2.31,1.23,10.25,32.8,22.55,100.76,16.94,77.93,22.44,1
1/16/2000,0.02,1.37,11,32.97,21.97,100.87,19.73,74.61,21.77,1
1/17/2000,0.02,1.22,10.9,33.45,22.55,100.89,18.37,73.75,21.73,1
1/18/2000,2.36,0.92,9.68,32.5,22.82,101.03,17.94,76.06,22.09,1
1/19/2000,6.84,2.89,8.46,29.85,21.39,101.11,16.41,76.92,20.29,1
1/20/2000,3.76,3.15,10.79,31.21,20.42,101.13,19.88,72.73,19.22,1
1/21/2000,0.13,3.17,13.44,31.8,18.36,101.27,21.48,68.01,17.33,1
1/22/2000,0.16,2.29,13.69,32.32,18.63,101.12,19.23,69.54,18.65,1
1/23/2000,1.61,2.35,11.17,32.79,21.62,100.98,19.1,73.1,21.16,1
1/24/2000,0.57,1.27,7.84,31.75,23.91,101,16.49,78.53,22.85,1
1/25/2000,0.18,2.87,10.79,33.65,22.86,101.07,18.47,69.42,20.91,1
1/26/2000,0,4.11,12,32.92,20.92,101.19,19.07,65.86,19.07,0
1/27/2000,0.01,4.68,10.72,31.12,20.4,101.28,20.99,64.77,17.46,1
1/28/2000,0,3.65,12.79,31.46,18.67,101.3,20.8,62.69,16.4,0
1/29/2000,0,3.41,13.47,32.23,18.76,101.3,17.85,63.65,17.32,0
1/30/2000,0,3.81,10.38,30.28,19.9,101.45,19.53,64.57,17.12,0
1/31/2000,0,3.95,10.64,30.16,19.52,101.43,20.3,63.21,16.49,0
2/1/2000,0,4.03,12.2,32.42,20.22,101.29,22.06,61.12,16.96,0
2/2/2000,0,3.14,13.43,32.32,18.89,101.29,22.57,61.73,16.43,0
2/3/2000,0,2.9,14.37,33.13,18.76,101.22,22.89,58.58,15.85,0
2/4/2000,0,2.7,14.24,34.28,20.04,100.96,22.6,61.14,17.56,0
2/5/2000,0,2.77,14.12,34.88,20.76,100.87,20.97,60.18,17.93,0
2/6/2000,0.03,3.25,13.91,34.89,20.98,100.83,21.33,57.64,17.15,1
2/7/2000,1.24,2.24,13.8,34.63,20.83,100.81,18.62,62.65,18.67,1
2/8/2000,0,2.78,11.68,33.95,22.27,100.85,22.86,59.48,18.07,0
2/9/2000,0.01,1.79,13.7,34.24,20.54,100.85,20.2,57.03,17.58,1
2/10/2000,0.34,1.06,12.38,34.25,21.87,100.88,21.3,58.73,17.8,1
2/11/2000,0,1.33,13.22,34.93,21.71,100.85,22.99,61.28,17.97,0
2/12/2000,0,1.07,14.04,36.26,22.22,100.75,21.97,58.64,18.5,0
2/13/2000,0.01,1.75,11.65,35.06,23.41,100.67,21.4,68.04,21.75,1
2/14/2000,0.62,1.7,8.81,33.57,24.76,100.71,20.04,69.6,22.3,1
2/15/2000,2.42,2.19,10.68,34.55,23.87,100.81,18.97,66.05,20.51,1
2/16/2000,1.36,1.49,14.08,36.1,22.02,100.79,20.88,61.37,19.73,1
2/17/2000,0.05,1.67,12.75,36.44,23.69,100.75,19.67,63.11,20.83,1
2/18/2000,1.23,2.53,11.31,36.39,25.08,100.75,15.19,61.8,20.9,1
2/19/2000,9.96,2.75,9.34,33.32,23.98,100.79,19.96,68.19,21.08,1
2/20/2000,2.53,1.82,10.9,34.1,23.2,100.75,17.85,70.65,21.67,1
2/21/2000,0.31,1.88,10.58,34.51,23.93,100.77,17.1,68.78,21.97,1
2/22/2000,5.26,1.83,10.11,34.41,24.3,100.79,16.87,72.41,22.81,1
2/23/2000,0.57,1.62,11.27,35.23,23.96,100.75,18.61,68.93,22.53,1
2/24/2000,1.23,2.08,10.15,35.1,24.95,100.8,15.51,68.62,22.51,1
2/25/2000,4.72,2.1,9.44,33.91,24.47,100.84,17.76,70.9,22.54,1
2/26/2000,0.86,2.36,12.14,36.75,24.61,100.76,16.96,60.66,20.03,1
2/27/2000,2.96,2.77,14.15,35.01,20.86,100.9,22.88,59.42,18.33,1
2/28/2000,3.17,3.29,11.38,34.44,23.06,100.95,17.34,66.2,20.29,1
2/29/2000,0.73,2.38,12.86,35.84,22.98,100.9,19.84,63.72,20.34,1
3/1/2000,0.08,2.6,12.62,36.26,23.64,100.9,17,58.74,19.78,1
3/2/2000,0,2.06,12.07,36.47,24.4,100.89,16.82,59.74,20.47,0
3/3/2000,0.01,1.92,12.21,37.31,25.1,100.88,16.93,58.19,20.69,1
3/4/2000,0.27,1.62,11.22,36.44,25.22,100.83,16.98,61.59,21.64,1
3/5/2000,0.63,1.8,5.36,29.97,24.61,100.74,15.58,73.86,21.88,1
3/6/2000,5.97,1.31,11.35,35.42,24.07,100.68,19.33,68.92,22.08,1
3/7/2000,0.18,1.5,10.72,36.02,25.3,100.73,19.14,65.31,22.03,1
3/8/2000,3.14,1.71,9.25,34.25,25,100.8,18.85,71.67,22.9,1
3/9/2000,0.16,1.58,10.5,35.6,25.1,100.76,16.26,64.74,21.94,1
3/10/2000,0.04,2.14,11.94,36.88,24.94,100.74,18.84,62.2,21.7,1
3/11/2000,1.75,2.11,10.59,35.91,25.32,100.7,19.45,64.92,22.27,1
3/12/2000,0,2.18,11.56,36.69,25.13,100.61,17.39,61.56,21.52,0
3/13/2000,0,1.63,13.7,38.58,24.88,100.65,22.95,54.84,20.02,0
3/14/2000,15.31,2.54,6.69,32.88,26.19,100.78,19.82,71.79,23.05,1
3/15/2000,0,2.39,11.11,35.2,24.09,100.75,17.76,65.42,21.06,0
3/16/2000,0,2.01,10.97,35.27,24.3,100.63,18.77,65.09,21.51,0
3/17/2000,0.03,1.95,9.84,34.44,24.6,100.54,19.25,68.46,22.19,1
3/18/2000,0,2.03,11.67,35.9,24.23,100.61,20.47,63.14,21.47,0
3/19/2000,0.02,1.94,13.49,38.02,24.53,100.63,22.46,56.04,20.01,1
3/20/2000,0.21,2.22,12.28,37.55,25.27,100.62,21.91,56.2,20.47,1
3/21/2000,0.47,1.82,12.09,37.77,25.68,100.7,22.01,56.67,20.33,1
3/22/2000,0.3,2.44,12.42,36.47,24.05,100.78,17.17,57.64,20.01,1
3/23/2000,0.2,1.92,13.12,38.17,25.05,100.76,16.52,52.18,18.93,1
3/24/2000,4.06,2.34,14.2,38.97,24.77,100.79,22.05,51.29,18.79,1
3/25/2000,1.17,2.14,14.01,38.53,24.52,100.81,24.76,53.2,19.46,1
3/26/2000,3.85,3.03,13.7,37.88,24.18,100.88,23.61,57.66,20.02,1
3/27/2000,1.32,3.39,12.95,36.85,23.9,100.89,23.3,56.98,19.79,1
3/28/2000,3.34,2.4,12.71,37.99,25.28,100.82,21.84,58.38,20.71,1
3/29/2000,3.52,1.94,12.25,37.55,25.3,100.86,18.48,60.62,21.15,1
3/30/2000,7.59,1.93,11.1,35.76,24.66,100.74,20.12,64.35,21.71,1
3/31/2000,0,2.63,13.01,36.92,23.91,100.62,19.2,61.29,20.96,0
4/1/2000,0.02,1.74,10.3,35.42,25.12,100.51,22.84,65.21,22.34,1
4/2/2000,0,2.01,9.14,34.87,25.73,100.57,23.13,65.98,22.43,0
4/3/2000,0.05,2.11,10.15,36.39,26.24,100.61,23.74,62.09,22.21,1
4/4/2000,0.03,1.64,10.97,36.85,25.88,100.54,23.08,60.47,22.07,1
4/5/2000,0.72,1.77,5.08,31.86,26.78,100.66,19.27,68.38,22.39,1
4/6/2000,0.14,2.4,14.11,39.46,25.35,100.65,22.27,51.69,19.98,1
4/7/2000,0.1,1.68,14.01,40.31,26.3,100.72,23.04,47.83,19.04,1
4/8/2000,1.97,2.46,14.28,40.16,25.88,100.59,21.57,53.7,20.67,1
4/9/2000,10.63,1.77,6.87,33.4,26.53,100.57,21.53,71.37,23.53,1
4/10/2000,3.16,2.31,9.84,35.45,25.61,100.62,19.47,68.81,23.01,1
4/11/2000,3.62,2.96,11.07,35.9,24.83,100.74,16.46,66.31,21.96,1
4/12/2000,5.67,2.1,7.99,32.83,24.84,100.68,21.45,73.85,22.86,1
4/13/2000,4.24,2.62,9.27,33.57,24.3,100.55,17.09,71.53,22.63,1
4/14/2000,3.57,2.69,10.57,35.59,25.02,100.45,18.39,70.94,23.15,1
4/15/2000,2.7,1.51,8.94,34.46,25.52,100.59,17,72.91,23.79,1
4/16/2000,5.76,1.72,5.17,31.18,26.01,100.65,17.03,82.18,24.63,1
4/17/2000,1.82,1.48,5.27,30.67,25.4,100.76,19.45,78.8,23.51,1
4/18/2000,2.23,1.97,7.82,32.91,25.09,100.79,19.55,71.61,22.64,1
4/19/2000,0.8,2.38,12.29,36.72,24.43,100.71,21.15,67.93,22.76,1
4/20/2000,0.37,1.85,8.38,34.21,25.83,100.62,19.72,73.33,23.77,1
4/21/2000,2.08,1.55,8.04,34,25.96,100.57,21.67,73.21,24.07,1
4/22/2000,6.59,2.38,6.95,33.16,26.21,100.65,15.35,78.7,24.49,1
4/23/2000,2.72,1.85,10.34,35.58,25.24,100.67,19.88,71.2,23.33,1
4/24/2000,5.18,2.11,8.58,33.48,24.9,100.59,22.18,75.57,23.94,1
4/25/2000,0.63,2.47,6.94,32.63,25.69,100.53,22.18,76.75,24.08,1
4/26/2000,0.94,2.28,9.98,35.29,25.31,100.59,20.84,71.88,23.56,1
4/27/2000,4.08,1.34,9.29,34.53,25.24,100.62,22.75,73.77,23.86,1
4/28/2000,7.95,0.86,5.93,31.92,25.99,100.68,17.35,76.93,24.22,1
4/29/2000,1.5,2.07,11.66,36.81,25.15,100.81,21.84,67.51,22.91,1
4/30/2000,5.91,1.08,10.61,36.41,25.8,100.84,23.58,68.46,23.37,1
5/1/2000,0.42,1.72,9.32,34.98,25.66,100.78,20.79,71.51,23.67,1
5/2/2000,6.33,1.11,6.29,32.38,26.09,100.83,15.3,75.41,24.05,1
5/3/2000,5.88,0.83,9.78,35.06,25.28,100.78,20.4,69.09,23.32,1
5/4/2000,10.16,1.36,8.1,33.51,25.41,100.78,20.26,74.04,23.86,1
5/5/2000,0.09,1.7,11.03,35.54,24.51,100.91,22.16,68.58,22.58,1
5/6/2000,0.18,1.45,6.98,32.8,25.82,100.95,14.22,71.65,23.25,1
5/7/2000,2.62,1.59,10.12,35.29,25.17,100.89,20.27,69.15,22.77,1
5/8/2000,0.07,1.77,12.66,37.03,24.37,100.7,22.69,66.48,22.72,1
5/9/2000,0.78,2.22,9.04,34.67,25.63,100.56,22.22,70.94,23.52,1
5/10/2000,10.63,2.15,8.04,33.44,25.4,100.43,21.35,79.17,24.68,1
5/11/2000,11.89,2.31,6.7,32.34,25.64,100.4,14.91,82.58,24.92,1
5/12/2000,23.3,2.51,7.82,32.63,24.81,100.38,17.82,81.6,24.39,1
5/13/2000,9.8,2.89,5.5,30.71,25.21,100.4,12.56,85.21,24.58,1
5/14/2000,3.81,3.08,5.63,31.03,25.4,100.54,14.76,84.18,24.47,1
5/15/2000,2.47,2.2,7.48,32.18,24.7,100.63,13.84,81.74,24.5,1
5/16/2000,3.9,3.26,7.81,32.4,24.59,100.61,18.04,80.82,24.28,1
5/17/2000,8.29,2.38,5.36,30.41,25.05,100.54,17.74,85.65,24.66,1
5/18/2000,9.54,2.55,7.18,32.19,25.01,100.56,16.37,83.02,24.72,1
5/19/2000,16.02,2.17,5.36,30.63,25.27,100.55,20.7,85.55,24.94,1
5/20/2000,4.34,2.41,6.09,31.21,25.12,100.56,19.27,86.52,25.03,1
5/21/2000,3.44,2.91,3.98,29.47,25.49,100.63,14.16,88.01,24.9,1
5/22/2000,3.09,2,7.27,32.24,24.97,100.72,21.34,83.5,24.86,1
5/23/2000,1.23,1.62,7.75,32.24,24.49,100.7,22.21,81.15,24.38,1
5/24/2000,0.5,1.97,6.3,31.53,25.23,100.69,17.62,83.61,24.76,1
5/25/2000,3.62,1.66,7.77,32.47,24.7,100.61,19.99,81.92,24.62,1
5/26/2000,12.47,2.08,5.28,30.58,25.3,100.61,19.44,86.37,25.03,1
5/27/2000,0.07,1.12,7.82,32.63,24.81,100.56,24.82,80.29,24.5,1
5/28/2000,0.4,1.35,8.9,33.94,25.04,100.51,21.96,77.28,24.52,1
5/29/2000,6.54,1.93,6.98,32.64,25.66,100.54,20.79,82.43,24.97,1
5/30/2000,11.97,2.51,5.92,31.57,25.65,100.5,19.04,82.92,24.48,1
5/31/2000,27.32,1.97,4.45,29.09,24.64,100.42,13.79,89.14,24.62,1
6/1/2000,14.33,1.94,7.03,31.01,23.98,100.3,14.08,86.42,24.49,1
6/2/2000,43.85,2.54,5.03,29.63,24.6,100.39,15.34,90.41,24.61,1
6/3/2000,31.7,2.98,4.21,28.7,24.49,100.44,15.43,91.59,24.66,1
6/4/2000,6.35,1.42,7.31,30.85,23.54,100.55,15.77,84.04,23.7,1
6/5/2000,2.48,1.4,5.95,30.15,24.2,100.6,19.91,85.07,23.97,1
6/6/2000,0.66,1.13,7.84,31.61,23.77,100.64,19.66,84.07,24.53,1
6/7/2000,8.16,1.07,4.51,29.93,25.42,100.73,22.72,87.58,25.17,1
6/8/2000,20.22,1.73,4.37,29.51,25.14,100.78,19.88,89.72,25.01,1
6/9/2000,6.62,2.62,4.44,28.73,24.29,100.83,17.42,91.35,24.62,1
6/10/2000,3.43,2.23,6.81,30.33,23.52,100.78,18.99,87.92,24.4,1
6/11/2000,8.52,2.85,6.33,30.25,23.92,100.75,20.67,88.97,24.7,1
6/12/2000,6.96,2.43,7.12,30.88,23.76,100.72,21.53,87.99,24.71,1
6/13/2000,2.59,2.18,5.85,29.86,24.01,100.74,23.44,87.65,24.38,1
6/14/2000,5.1,2.14,4.21,28.66,24.45,100.66,18.67,91.92,24.98,1
6/15/2000,8.07,2.55,3.98,28.61,24.63,100.57,16.23,91.5,24.71,1
6/16/2000,25.18,2.15,3.84,27.98,24.14,100.52,18.48,93.18,24.69,1
6/17/2000,12.22,2.44,6.74,30.46,23.72,100.5,14.9,89.01,24.77,1
6/18/2000,9.13,2.53,5.74,29.66,23.92,100.53,19.7,88.98,24.3,1
6/19/2000,13.34,2.61,4.99,29.04,24.05,100.5,18.42,91.77,24.76,1
6/20/2000,0.67,1.58,6.3,30.3,24,100.53,21.55,88.23,24.72,1
6/21/2000,3.86,2.11,5.36,29.23,23.87,100.68,17.22,90.67,24.74,1
6/22/2000,3.41,2,4.91,29.3,24.39,100.78,20.88,90.16,24.8,1
6/23/2000,7.27,2.43,4.79,28.79,24,100.77,16.37,91.1,24.6,1
6/24/2000,0.99,1.87,4.5,28.66,24.16,100.68,21.47,90.21,24.42,1
6/25/2000,1.59,2.15,6.08,29.96,23.88,100.59,18.56,88.88,24.58,1
6/26/2000,4.9,1.63,6.79,30.39,23.6,100.6,20.72,86.46,24.32,1
6/27/2000,0.35,0.95,6.36,30.16,23.8,100.63,20.96,83.19,23.69,1
6/28/2000,0.92,1.24,6.53,30.5,23.97,100.59,22.47,83.5,24.08,1
6/29/2000,3.34,1.6,6,30.3,24.3,100.46,20.62,87.48,24.69,1
6/30/2000,1.15,1.05,5.08,29.35,24.27,100.36,19.01,88.1,24.57,1
7/1/2000,2.85,1.4,3.62,28.05,24.43,100.25,21.33,92.3,24.82,1
7/2/2000,2.21,1.13,6.57,31.17,24.6,100.17,21.11,85.42,24.73,1
7/3/2000,3.08,2.49,5.71,30.29,24.58,100.16,15.74,88.05,24.88,1
7/4/2000,17.66,2.61,4.95,29.75,24.8,100.24,17.45,90.85,25.21,1
7/5/2000,37.68,2.79,4.31,29.03,24.72,100.35,20.9,92.58,25.04,1
7/6/2000,3.97,2.67,4.39,28.65,24.26,100.57,14.22,89.78,23.93,1
7/7/2000,1.03,2.76,5.28,29.39,24.11,100.56,21.52,89.17,24.45,1
7/8/2000,0.71,2.6,6.31,29.98,23.67,100.48,12.86,89.01,24.68,1
7/9/2000,2.26,2.97,5.38,29.46,24.08,100.42,17.2,88.59,24.32,1
7/10/2000,13.21,3.6,4.68,28.54,23.86,100.45,14.54,89.55,23.87,1
7/11/2000,17.29,3.76,5.36,28.13,22.77,100.61,13.81,91.04,23.41,1
7/12/2000,4.01,2.89,4.77,27.36,22.59,100.8,12.25,90.54,22.8,1
7/13/2000,3.01,2.29,7.23,29.69,22.46,100.72,16.28,87.47,23.29,1
7/14/2000,10.15,2.93,5.49,28.75,23.26,100.48,18.7,89.13,23.57,1
7/15/2000,32.26,3.38,4.64,28.31,23.67,100.32,14.04,91.7,24.39,1
7/16/2000,20.99,3.62,4.25,28.36,24.11,100.46,12.31,91.16,24.21,1
7/17/2000,12.62,3.09,4.6,28.23,23.63,100.68,10.55,91.91,23.97,1
7/18/2000,2.32,2.52,5.59,28.43,22.84,100.7,17.65,90.88,23.49,1
7/19/2000,1.17,1.96,7.62,30.13,22.51,100.51,22.13,88.29,24.03,1
7/20/2000,0.52,2.16,7.88,30.96,23.08,100.56,21.77,86.91,24.18,1
7/21/2000,0.67,2.29,7.26,30.23,22.97,100.65,22,88.09,24.23,1
7/22/2000,2.09,1.58,7.25,30.51,23.26,100.57,23.37,87.38,24.59,1
7/23/2000,4.26,1.06,4.79,29.3,24.51,100.45,22.39,88.96,24.67,1
7/24/2000,9.49,1.97,5.2,29.48,24.28,100.52,19.87,90.48,24.82,1
7/25/2000,25.9,2.07,5.65,29.43,23.78,100.57,19.16,90.4,24.6,1
7/26/2000,9.61,1.65,5.87,29.51,23.64,100.62,16.32,87.33,23.82,1
7/27/2000,8.67,2.57,5.69,29.43,23.74,100.46,16.49,89.03,24.09,1
7/28/2000,11.72,2.94,5.53,29.36,23.83,100.46,17.82,89.58,24.35,1
7/29/2000,3.17,2.85,6.83,30.5,23.67,100.55,21.37,88.32,24.57,1
7/30/2000,0.19,2.33,7.67,31.29,23.62,100.64,24.88,87.48,24.71,1
7/31/2000,0.09,1.96,7.09,31.12,24.03,100.62,24.32,86.32,24.72,1
8/1/2000,0.58,1.78,6.14,30.4,24.26,100.6,22.41,87.4,24.77,1
8/2/2000,2.18,1.81,6.93,30.76,23.83,100.62,21.84,86.66,24.63,1
8/3/2000,7.01,2.59,4.2,28.53,24.33,100.62,18.75,92.17,24.78,1
8/4/2000,11.04,3.15,6.14,29.92,23.78,100.6,19.62,89.07,24.39,1
8/5/2000,4.5,3.04,6.2,29.96,23.76,100.58,21.18,89.08,24.53,1
8/6/2000,4.8,2.42,5.48,29.39,23.91,100.55,18.73,90.15,24.55,1
8/7/2000,5.67,1.94,5.37,29.23,23.86,100.59,16.93,90.34,24.53,1
8/8/2000,4.94,1.87,5.13,28.92,23.79,100.67,16.92,90.33,24.38,1
8/9/2000,0.5,1.44,5.88,29.74,23.86,100.68,21.36,87.98,24.52,1
8/10/2000,0.03,1.44,7.84,31.38,23.54,100.65,21.49,85.25,24.6,1
8/11/2000,1.42,1.24,5.64,30.07,24.43,100.51,21.01,87.68,24.84,1
8/12/2000,16.94,2.01,5.69,30.02,24.33,100.68,20.69,89.09,24.9,1
8/13/2000,2.46,1.9,5.94,29.87,23.93,100.84,17.46,88.98,24.67,1
8/14/2000,6.62,1.69,4.41,28.39,23.98,100.84,19.27,91.08,24.32,1
8/15/2000,11,2.45,7.59,30.84,23.25,100.67,21.98,88.93,24.52,1
8/16/2000,13.28,2.35,5.58,29.36,23.78,100.49,21.53,90.58,24.47,1
8/17/2000,21.55,2.78,3.76,27.22,23.46,100.49,19.12,93.26,24.05,1
8/18/2000,15.51,2.32,6.51,29.59,23.08,100.62,13.88,89.42,24.14,1
8/19/2000,10.43,2.51,5.34,28.88,23.54,100.51,15.5,89.93,24.01,1
8/20/2000,40.6,2.05,5.46,28.72,23.26,100.32,17.33,91.33,24.26,1
8/21/2000,22.76,2.6,4.98,28.74,23.76,100.16,15.44,92.1,24.62,1
8/22/2000,21.72,4.1,3.74,27.92,24.18,100.13,13.08,92.92,24.37,1
8/23/2000,15.42,3.85,4.17,27.94,23.77,100.28,9.36,91.85,24.19,1
8/24/2000,41.39,3.85,4.57,28.92,24.35,100.38,9.09,91.64,24.83,1
8/25/2000,6.08,3.08,5.21,29.79,24.58,100.48,16.23,90.93,25.08,1
8/26/2000,4.46,2.9,4.72,29.31,24.59,100.55,18.14,91.68,25.04,1
8/27/2000,1.69,2.55,5.85,29.9,24.05,100.51,17.77,91.48,25.26,1
8/28/2000,3.22,2.39,4.85,29.47,24.62,100.58,18.54,91.26,25.12,1
8/29/2000,10.61,2.69,4.28,28.41,24.13,100.59,14.03,92.19,24.65,1
8/30/2000,7.63,2.42,4.27,28.24,23.97,100.51,12.11,92.45,24.4,1
8/31/2000,10.94,2.29,5,28.74,23.74,100.5,12.31,91.95,24.52,1
9/1/2000,5.91,2.27,4.4,28.73,24.33,100.6,13.11,92.04,24.69,1
9/2/2000,0.34,2.35,5.65,29.22,23.57,100.62,17.81,90.57,24.32,1
9/3/2000,0.05,2.19,5.9,29.58,23.68,100.71,20.56,90.75,24.45,1
9/4/2000,0.4,1.79,6.18,29,22.82,100.82,18.14,90.1,24.01,1
9/5/2000,2.65,2.17,4.05,27.35,23.3,100.79,15.84,90.09,23.48,1
9/6/2000,2.9,2.23,6.57,29.77,23.2,100.68,13.34,88.2,24.09,1
9/7/2000,7.71,2.09,5.45,29.09,23.64,100.7,16.8,90.25,24.39,1
9/8/2000,10.31,1.99,6.04,29.53,23.49,100.64,18.54,90.36,24.6,1
9/9/2000,5.74,2.27,4.84,28.59,23.75,100.59,16.1,91.39,24.47,1
9/10/2000,4.52,3.37,4.35,28.2,23.85,100.45,13.34,91.8,24.32,1
9/11/2000,5.21,3.18,3.93,28.02,24.09,100.44,14.37,91.77,24.39,1
9/12/2000,9.5,2.62,4.88,28.78,23.9,100.65,16.07,91.46,24.48,1
9/13/2000,0.34,1.24,5.78,28.97,23.19,100.74,18.83,90.14,23.99,1
9/14/2000,2.53,1.43,5.6,29.04,23.44,100.63,16.17,87.66,23.92,1
9/15/2000,13.32,1.38,7.18,30.72,23.54,100.49,22.6,85.38,23.89,1
9/16/2000,12.99,1.26,8.36,30.89,22.53,100.67,19.37,82.21,23.09,1
9/17/2000,1.36,1.32,6.42,30.52,24.1,100.77,21.35,85.82,24.41,1
9/18/2000,6.87,1.6,6.52,30.48,23.96,100.74,21.38,88.51,24.97,1
9/19/2000,3.63,0.94,5.45,29.74,24.29,100.76,14.74,86.03,24.46,1
9/20/2000,7.48,0.73,6.51,30.48,23.97,100.77,15.26,86.49,24.55,1
9/21/2000,3.24,0.8,7.01,31.33,24.32,100.79,19.79,82.56,24.2,1
9/22/2000,5.21,1.5,6.13,30.42,24.29,100.81,17.31,87.03,24.48,1
9/23/2000,5.97,1.95,4.9,29.35,24.45,100.85,20.24,90.55,24.85,1
9/24/2000,4.11,1.66,7.27,30.87,23.6,100.84,19.92,87.73,24.75,1
9/25/2000,5.24,1.14,5.06,29.07,24.01,100.82,21.43,89.77,24.4,1
9/26/2000,10.9,0.77,5.78,29.75,23.97,100.8,20.62,85.66,24.25,1
9/27/2000,2.83,0.99,6.97,30.94,23.97,100.7,17.26,84.65,24.49,1
9/28/2000,4.4,0.92,5.52,29.78,24.26,100.76,15.18,86.84,24.25,1
9/29/2000,5.61,0.92,7.76,31.48,23.72,100.85,18.81,83.74,24.29,1
9/30/2000,1.49,0.84,5.33,30.17,24.84,100.94,17.11,84.16,24.45,1
10/1/2000,14.59,1.09,5.64,30.4,24.76,100.97,21.27,84.19,24.62,1
10/2/2000,18.08,1.47,4.32,28.84,24.52,100.91,14.35,90.34,24.61,1
10/3/2000,1.76,1.04,5.86,29.61,23.75,100.86,18.12,88.07,24.11,1
10/4/2000,5.01,1.06,4.23,28.04,23.81,100.83,20.21,87.62,23.62,1
10/5/2000,9.38,0.5,5.24,29.38,24.14,100.84,16.83,85.33,23.58,1
10/6/2000,6.25,1.29,3.21,27.3,24.09,100.87,16.86,93.25,24.2,1
10/7/2000,7.97,1.67,4.25,27.79,23.54,100.78,9.2,93.18,24.39,1
10/8/2000,4.87,2.14,6.52,30.16,23.64,100.59,13.7,88.92,24.65,1
10/9/2000,44.39,2.8,4.55,28.75,24.2,100.46,11.57,91.83,24.73,1
10/10/2000,20.96,2.48,4.32,27.97,23.65,100.5,7.44,92.16,24.08,1
10/11/2000,8.49,3.15,4.63,28.48,23.85,100.45,5.22,92.44,24.37,1
10/12/2000,14.41,2.4,5.29,28.42,23.13,100.4,9.83,92.74,24.14,1
10/13/2000,29.97,2.41,4.78,28.57,23.79,100.3,8.13,92.96,24.59,1
10/14/2000,19.45,2.65,5.27,28.85,23.58,100.42,15.35,90.71,24.05,1
10/15/2000,5.68,1.74,3.48,27.01,23.53,100.65,19.16,91.39,23.37,1
10/16/2000,3.39,2.03,6.19,28.84,22.65,100.77,18.9,89.98,23.55,1
10/17/2000,7.61,1.85,6.84,30.14,23.3,100.55,18.32,88.88,24.36,1
10/18/2000,18.96,1.13,4.08,28.22,24.14,100.4,16.49,92.52,24.58,1
10/19/2000,4.43,1.36,5.95,29.59,23.64,100.47,18.55,89.77,24.41,1
10/20/2000,3.13,1.64,6.18,30.11,23.93,100.59,16.69,88.67,24.73,1
10/21/2000,11.39,1.09,5.66,30.04,24.38,100.6,20.61,89.3,24.89,1
10/22/2000,0.8,1.5,4.85,29.45,24.6,100.56,17.3,90.57,25.06,1
10/23/2000,0.35,1.04,4.51,28.79,24.28,100.62,17.51,90.68,24.56,1
10/24/2000,1.23,1.38,5.52,29.19,23.67,100.76,21.55,90.97,24.69,1
10/25/2000,9.39,0.96,4.71,28.94,24.23,100.87,21.4,88.75,24.17,1
10/26/2000,10,1.91,5.11,28.99,23.88,100.81,19.89,90.76,24.47,1
10/27/2000,4.84,1.23,5.18,29.37,24.19,100.81,21.37,89.24,24.59,1
10/28/2000,12.06,2.18,5.61,29.96,24.35,100.76,19.08,89.96,24.78,1
10/29/2000,17.52,1.59,5.07,28.89,23.82,100.71,17.27,91.23,24.72,1
10/30/2000,8.27,1.63,6.28,29.57,23.29,100.66,20.49,86.76,23.69,1
10/31/2000,17.62,1.13,4.66,28.51,23.85,100.7,13.89,89.81,23.86,1
11/1/2000,5.52,2.49,5.59,27.23,21.64,100.82,11.94,89.75,22.55,1
11/2/2000,2.42,2.23,5.08,27.1,22.02,100.98,17.24,87.44,21.58,1
11/3/2000,0.01,2.38,7.03,27.78,20.75,101.05,21.89,85.51,21.07,1
11/4/2000,0.01,2.17,8,28.49,20.49,101.11,21.08,85.06,21.27,1
11/5/2000,0.07,2.19,8.24,28.01,19.77,100.92,21.88,84.84,20.59,1
11/6/2000,0.01,1.59,10.36,28.54,18.18,100.8,21.51,79.76,19.66,1
11/7/2000,0,1.5,10.56,28.97,18.41,100.87,21.51,80.84,20.22,0
11/8/2000,0,1.3,9.78,29.32,19.54,100.86,21.04,80.51,20.63,0
11/9/2000,0,0.89,10.17,29.74,19.57,100.83,20.18,76.53,20.38,0
11/10/2000,0,1.48,10.15,29.98,19.83,100.98,21.71,83.53,22.18,0
11/11/2000,2.26,2.22,8.02,30.34,22.32,100.87,20.11,86.79,23.77,1
11/12/2000,6.5,2.52,7.28,29.82,22.54,100.74,17.48,87.67,23.73,1
11/13/2000,3.14,3.05,6.9,29.51,22.61,100.65,17.48,88.39,23.71,1
11/14/2000,3.61,2.73,6.52,29.87,23.35,100.67,18.16,87.12,23.75,1
11/15/2000,7.88,2.87,7.49,30.48,22.99,100.68,19.17,87.09,23.96,1
11/16/2000,12.85,2.72,5.98,29.45,23.47,100.67,13.32,91.29,24.32,1
11/17/2000,10.98,2.43,4.54,28.1,23.56,100.73,15.63,92.24,24.26,1
11/18/2000,0.4,2.1,6.17,28.76,22.59,100.77,17.08,88.4,23.21,1
11/19/2000,4.36,2.02,8.12,30.65,22.53,100.69,19.74,88.43,24.31,1
11/20/2000,9.81,2.16,6.47,30.18,23.71,100.72,18.37,88.92,24.36,1
11/21/2000,0.68,3.77,5.18,26.8,21.62,100.89,19.12,86.64,21.52,1
11/22/2000,0.03,3.46,7.8,28.19,20.39,100.94,18.49,86.9,21.55,1
11/23/2000,0.55,2.9,7.15,28.97,21.82,100.93,15.54,88.58,22.85,1
11/24/2000,0.58,2.62,5.57,29.04,23.47,100.77,17.21,90.56,24.01,1
11/25/2000,0.89,1.72,6.32,29.81,23.49,100.78,16.19,87.94,24.09,1
11/26/2000,2.74,1.26,6.38,30.12,23.74,100.9,14.19,86.36,24.14,1
11/27/2000,6.45,1.89,6.74,30.16,23.42,100.94,19.47,86,24.06,1
11/28/2000,1.57,2.29,6.98,30.31,23.33,100.86,21.19,85.81,23.77,1
11/29/2000,0.91,2,8.03,30.57,22.54,100.84,20.93,84.65,23.65,1
11/30/2000,1.14,2.1,5.93,29.57,23.64,100.88,18.2,87.33,23.88,1
12/1/2000,0.03,1.86,6.79,30.48,23.69,100.85,17.38,83.16,23.35,1
12/2/2000,0,1.19,8.28,29.94,21.66,100.98,18.83,81.77,22.25,0
12/3/2000,0,1.59,8.77,30.13,21.36,100.97,17.86,82.02,22.11,0
12/4/2000,0,2.34,7.08,29.14,22.06,100.92,19.57,83.46,21.88,0
12/5/2000,0.01,2.27,8.9,29.34,20.44,100.87,20,82.88,21.21,1
12/6/2000,0.48,2.38,7.81,29.26,21.45,100.88,17.9,84.4,22.12,1
12/7/2000,4.86,3.61,4.49,27.13,22.64,100.82,6.92,90.79,22.96,1
12/8/2000,8.3,2.94,6.27,29.21,22.94,100.69,13.4,89.18,23.64,1
12/9/2000,0.81,1.83,7.48,29.85,22.37,100.73,18.75,83.81,23.09,1
12/10/2000,0,1.82,7.58,30.33,22.75,100.88,20,82.29,22.79,0
12/11/2000,3,1.89,8.11,30.68,22.57,100.89,19.96,83.3,23.08,1
12/12/2000,14.28,2.44,6.22,29.61,23.39,100.79,18.63,87.98,23.75,1
12/13/2000,16.73,1.16,5.7,29.31,23.61,100.8,12.07,85.35,22.88,1
12/14/2000,10.05,2.55,5.49,27.63,22.14,100.98,13.34,87.54,21.89,1
12/15/2000,2.14,2.91,7.83,28.99,21.16,101.03,17.62,83.64,21.85,1
12/16/2000,0.46,2.61,7.96,30.26,22.3,101.06,19.34,85.33,23.11,1
12/17/2000,0.03,2.78,7.48,30.32,22.84,100.99,16.6,84.11,23.12,1
12/18/2000,0.26,2.46,8.63,30.48,21.85,100.8,19.72,82.86,22.76,1
12/19/2000,1.16,1.91,7.95,30.39,22.44,100.73,17.62,85.33,23.46,1
12/20/2000,1.67,1.51,6.68,30.06,23.38,100.87,16.32,86.27,23.91,1
12/21/2000,2.97,2.11,7.89,30.84,22.95,100.88,19.22,84.51,23.57,1
12/22/2000,0,2.6,7.34,29,21.66,100.95,20.42,80.65,21.02,0
12/23/2000,0,2.77,9.38,28.44,19.06,101,20.7,77.65,18.78,0
12/24/2000,0,2.65,10.4,27.85,17.45,101.02,19.64,76.6,17.49,0
12/25/2000,0,2.44,12.48,29.45,16.97,101.03,15.28,78.94,19.02,0
12/26/2000,0.24,2.61,8.08,29.07,20.99,101.02,15.32,81.98,20.81,1
12/27/2000,1.19,2.35,8.62,30.17,21.55,100.93,14.86,83.32,22.12,1
12/28/2000,1.51,2.48,8.21,31.06,22.85,100.86,16.79,82.24,23.03,1
12/29/2000,5.03,2.33,8.58,30.77,22.19,100.81,14.74,82.48,22.88,1
12/30/2000,0.07,1.78,8.48,30.92,22.44,100.84,20.72,78.26,21.97,1
12/31/2000,0,1.76,7.24,29.16,21.92,100.91,18.92,75.57,20.51,0
1/1/2001,0,1.86,10.37,29.6,19.23,100.91,19.01,74.03,18.8,0
1/2/2001,0,1.18,10.59,29.02,18.43,100.94,18.61,76.25,18.56,0
1/3/2001,0,1.14,10.55,29.49,18.94,101,18.52,75.65,18.87,0
1/4/2001,0.03,1.36,9.85,30.16,20.31,101.01,20.07,77.15,20.36,1
1/5/2001,0.27,1.52,8.34,30.44,22.1,100.98,11.68,82.48,22.26,1
1/6/2001,0.03,1.6,9.38,31.25,21.87,100.99,14.56,79.7,21.9,1
1/7/2001,5.97,1.01,9.41,31.31,21.9,100.88,17.65,81.29,22.52,1
1/8/2001,3.1,1.22,9.22,31.41,22.19,100.78,18.65,80.23,22.59,1
1/9/2001,9.13,1.03,8.52,31.25,22.73,100.83,17.49,81.23,22.95,1
1/10/2001,0.17,1.62,8.52,31.16,22.64,100.78,15.01,83.49,23.12,1
1/11/2001,0.11,1.67,6,29.88,23.88,100.72,15.54,83.61,23.01,1
1/12/2001,0.01,1.51,8.64,31.34,22.7,100.8,17.14,80.62,22.79,1
1/13/2001,1.51,2.02,9.01,32.24,23.23,100.81,14.78,79.83,22.96,1
1/14/2001,4.22,1.87,4.29,26.31,22.02,100.97,10.74,89.14,22.25,1
1/15/2001,0.13,1.74,10.84,31.67,20.83,101,20.89,76.24,20.76,1
1/16/2001,0,3.12,11.84,31.51,19.67,101.09,21.16,70.46,18.94,0
1/17/2001,0.01,3.3,10.58,30.84,20.26,101.1,14.56,71.93,19.55,1
1/18/2001,0.07,2.82,8.7,30.75,22.05,101,15.19,76.2,21.14,1
1/19/2001,0.34,2.08,9.21,31.57,22.36,100.98,17.15,79.74,22.36,1
1/20/2001,0.64,2.44,10.67,33.49,22.82,100.92,21.23,75.1,22.17,1
1/21/2001,1.18,1.91,10.68,33.47,22.79,100.82,20.49,73.84,21.96,1
1/22/2001,0.01,1.42,11.15,34.05,22.9,100.76,19.21,74.47,22.33,1
1/23/2001,0,1.74,11.33,34.03,22.7,100.78,19.53,73.6,21.96,0
1/24/2001,0.04,1.97,12.08,34.37,22.29,100.74,21.33,73.22,21.85,1
1/25/2001,0,2.19,11.68,33.99,22.31,100.7,19.01,73.48,22.03,0
1/26/2001,0.64,1.67,11.87,35.1,23.23,100.64,18.5,72.19,22.4,1
1/27/2001,0.78,2.17,11.49,34.94,23.45,100.73,18.36,72.7,22.52,1
1/28/2001,0.19,1.22,11.71,34.81,23.1,100.81,19.91,70.94,22.43,1
1/29/2001,0.14,2.91,10.44,34.37,23.93,100.91,18.3,61.85,19.14,1
1/30/2001,0,2.53,14.82,34.94,20.12,100.88,22.56,58.71,17.17,0
1/31/2001,0.19,1.51,13.04,34.57,21.53,100.72,21.37,68.37,20.21,1
2/1/2001,8.16,1.69,11,33.68,22.68,100.67,17.79,75.53,22.35,1
2/2/2001,0.11,2.12,9.78,33.79,24.01,100.66,15.92,73.27,22.3,1
2/3/2001,0.05,1.73,11.57,34.77,23.2,100.71,17.68,68.48,21.21,1
2/4/2001,0,1.83,13.52,35.35,21.83,100.78,21.64,66.4,19.84,0
2/5/2001,0,1.47,13.99,35.02,21.03,100.77,20.63,62.91,18.05,0
2/6/2001,0.32,1.33,13.96,35.5,21.54,100.66,20.84,66.12,19.89,1
2/7/2001,0.03,1.78,12.71,35.47,22.76,100.6,19.99,66.06,20.9,1
2/8/2001,0.51,2.17,12.27,35.58,23.31,100.65,18.69,61.84,19.39,1
2/9/2001,0.01,2.36,14.52,35.78,21.26,100.71,21.22,56.81,17.58,1
2/10/2001,0.03,2.16,12.07,35.35,23.28,100.75,22.6,58.57,18.54,1
2/11/2001,0,2.07,10.56,33.43,22.87,100.72,21.6,57.2,18.42,0
2/12/2001,0.04,2.04,13.26,36.32,23.06,100.69,23.34,58.58,19.75,1
2/13/2001,0.12,2.56,9.43,34.4,24.97,100.76,17.36,65.8,21.1,1
2/14/2001,5.02,3.64,11.63,35.6,23.97,100.91,22,58.74,19.12,1
2/15/2001,0.27,3.38,15.75,34.96,19.21,101.08,23.91,54.48,15.31,1
2/16/2001,0,3.27,15.51,34.12,18.61,101.23,23.71,50.82,13.57,0
2/17/2001,0,2.26,14.91,34.27,19.36,101.1,24.26,54.08,16.07,0
2/18/2001,0,0.97,13.74,34.66,20.92,100.97,23.41,56.72,17.29,0
2/19/2001,0,1.36,13.69,34.98,21.29,100.91,21.21,61.93,19.21,0
2/20/2001,0.02,1.83,10.67,33.97,23.3,100.85,18.31,66.57,20.69,1
2/21/2001,0.65,1.76,11.75,34.74,22.99,100.74,19.71,67.22,20.98,1
2/22/2001,0.63,1.86,12.26,35.52,23.26,100.74,20.46,65.85,20.96,1
2/23/2001,0,2.88,13.17,36.5,23.33,100.81,18.39,62.06,20.12,0
2/24/2001,0.05,2.01,14.61,37.49,22.88,100.75,20.82,59.87,19.65,1
2/25/2001,0.02,2.28,14.62,37.54,22.92,100.72,18.46,58.77,19.85,1
2/26/2001,3.12,2.66,12.2,35.72,23.52,100.9,16.63,62.06,20.57,1
2/27/2001,0,1.84,12.98,36.94,23.96,101.07,19.97,57.23,19.5,0
2/28/2001,0.06,1.95,14.75,37.95,23.2,101.06,19.73,54.49,19.14,1
3/1/2001,0.83,1.7,13.84,37.93,24.09,101.04,20.33,55.3,19.4,1
3/2/2001,0,1.52,14.43,38.09,23.66,101.03,21.99,49.49,17.12,0
3/3/2001,0,1.9,14.96,38.38,23.42,100.96,21.89,51.37,17.38,0
3/4/2001,9.66,2.8,14.9,37.92,23.02,100.97,20.89,47.93,15.7,1
3/5/2001,0.21,1.45,12.96,35.13,22.17,100.92,21.33,59.39,18.69,1
3/6/2001,0.01,1.9,13.13,36.99,23.86,100.8,20.94,60.29,20.81,1
3/7/2001,0.88,1.95,10.15,36.01,25.86,100.81,17.75,61.99,21.55,1
3/8/2001,0.17,3.97,13.19,38.92,25.73,100.81,18.32,53.92,19.72,1
3/9/2001,0.35,3.67,11.77,36.77,25,100.9,20.86,56.47,20.01,1
3/10/2001,0.39,1.99,10.91,36.44,25.53,100.9,18,56.19,20.04,1
3/11/2001,1.86,1.48,12.96,37.41,24.45,100.89,18.98,58.84,20.82,1
3/12/2001,5.28,1.74,8.29,33.85,25.56,100.91,15.75,69.46,22.08,1
3/13/2001,2.64,2,9.19,33.53,24.34,100.97,16.21,69.58,21.65,1
3/14/2001,4.24,1.68,9.72,34.11,24.39,101.04,18.51,70.45,22.11,1
3/15/2001,0.36,1.61,12.2,36.36,24.16,101,22.99,61.62,21.11,1
3/16/2001,1.86,1.63,11.29,36.11,24.82,100.79,19.27,63.18,21.79,1
3/17/2001,2.25,1.82,8.36,33.85,25.49,100.65,19.79,73.03,23.38,1
3/18/2001,1.14,1.92,4.55,29.03,24.48,100.74,19.93,83.37,23.75,1
3/19/2001,6.79,2,8.61,32.59,23.98,100.77,18.95,75.84,22.95,1
3/20/2001,5.93,2.69,9.85,34.7,24.85,100.64,17.63,71.04,22.65,1
3/21/2001,2.12,3.16,12.57,37,24.43,100.58,18.92,65.7,21.88,1
3/22/2001,6.43,2.64,7.8,32.94,25.14,100.62,21.43,72.12,22.55,1
3/23/2001,0.67,2.18,10.35,34.41,24.06,100.62,19.27,69.3,22.39,1
3/24/2001,1.8,2.1,11.14,35.78,24.64,100.56,19.33,67.59,22.53,1
3/25/2001,0.93,2.43,8.64,33.82,25.18,100.54,19.04,70.82,22.57,1
3/26/2001,4.98,2.86,11.07,35.38,24.31,100.39,21.47,71.06,22.68,1
3/27/2001,2.17,3.17,11.73,36.06,24.33,100.43,19.88,68.69,22.34,1
3/28/2001,6.83,2.33,7.74,32.51,24.77,100.56,15.49,77.78,23.89,1
3/29/2001,6.1,1.78,11.45,35.9,24.45,100.5,21.85,69.74,22.68,1
3/30/2001,0.17,1.67,8.8,33.57,24.77,100.64,19.93,73.02,23.17,1
3/31/2001,2.12,1.43,9.48,34.79,25.31,100.83,18.43,69.52,23.1,1
4/1/2001,3.63,2.13,9.24,34.17,24.93,100.87,17.69,70.94,22.87,1
4/2/2001,0.36,2.04,10.49,35.39,24.9,100.68,23.28,67.2,22.6,1
4/3/2001,2.55,1.45,7.03,32.57,25.54,100.72,21.55,71.06,22.74,1
4/4/2001,0.19,1.81,7.53,33.72,26.19,100.7,21.01,72.92,23.68,1
4/5/2001,0.28,2.53,14.04,38.3,24.26,100.68,21.99,61.58,21.52,1
4/6/2001,1.48,1.87,9.19,35.46,26.27,100.86,23.02,66.73,22.89,1
4/7/2001,0.1,1.91,10.27,35.45,25.18,100.85,25,64.02,22.43,1
4/8/2001,0.08,2.24,12.2,37.67,25.47,100.67,25.22,65.87,23.09,1
4/9/2001,0,2.65,13.72,39.5,25.78,100.62,25.03,62.42,22.8,0
4/10/2001,0.01,2.09,13.36,39.14,25.78,100.74,23.97,61.45,22.69,1
4/11/2001,0.82,2.44,11.71,37.78,26.07,100.75,21.71,61.76,22.61,1
4/12/2001,0.31,1.93,8.7,34.8,26.1,100.86,20.26,62.11,20.61,1
4/13/2001,0.35,1.39,13.44,37.68,24.24,100.9,23.88,55.28,20.13,1
4/14/2001,0.28,1.48,11.71,37.81,26.1,101.02,24.02,57.71,21.77,1
4/15/2001,1.71,1.96,10.35,36.89,26.54,100.97,23.53,61.52,22.35,1
4/16/2001,2.22,1.59,8.99,35.63,26.64,100.8,21.46,66.86,23.29,1
4/17/2001,6.04,2.05,8.24,34.8,26.56,100.7,21.16,70.61,23.64,1
4/18/2001,0.06,2.15,12.39,38.09,25.7,100.59,22.68,64.74,23.14,1
4/19/2001,1.17,2.51,9.05,35.26,26.21,100.53,23.25,67.46,23.33,1
4/20/2001,0.11,2.62,12.74,38.24,25.5,100.41,23.68,63.02,22.73,1
4/21/2001,1.16,2.93,12.77,38.78,26.01,100.34,23.52,61.52,22.7,1
4/22/2001,0.04,2.47,11.15,37.53,26.38,100.41,24.09,61.09,22.74,1
4/23/2001,0.28,2.59,12.67,39.96,27.29,100.51,22.37,54.7,21.8,1
4/24/2001,0.75,2.42,9.28,37.24,27.96,100.62,22.86,56.82,22.11,1
4/25/2001,1.14,2.26,9.23,36.63,27.4,100.62,20.59,60.52,22.56,1
4/26/2001,1.54,1.65,11.9,38.74,26.84,100.64,20.76,58.47,22.1,1
4/27/2001,2.96,1.81,11.28,37.8,26.52,100.65,21.45,58.55,21.62,1
4/28/2001,8.53,2.35,7.5,34.08,26.58,100.58,19.7,71.21,23.31,1
4/29/2001,8.06,1.72,5.99,31.65,25.66,100.67,15.66,81.73,24.47,1
4/30/2001,0.95,2.11,8.96,33.89,24.93,100.78,21.73,72.85,23.54,1
5/1/2001,0.39,2.33,13.44,38.43,24.99,100.72,22.21,63.07,22.54,1
5/2/2001,1.07,2.64,11.37,37.5,26.13,100.61,20.47,66.22,23.18,1
5/3/2001,0.32,1.77,9.7,35.69,25.99,100.61,19.63,67.55,23.35,1
5/4/2001,0.11,2.09,11.52,37.96,26.44,100.66,21.45,62.16,22.98,1
5/5/2001,0.02,1.8,11.15,37.5,26.35,100.74,21.28,59.64,22.41,1
5/6/2001,0,2.27,13.73,40.47,26.74,100.65,23.11,55.41,21.71,0
5/7/2001,0,2.04,8.81,36.61,27.8,100.64,22.64,62.26,23.33,0
5/8/2001,0,2.76,14.54,40.83,26.29,100.5,20.74,57.28,22.06,0
5/9/2001,0.87,2.88,12.7,39.59,26.89,100.5,24.84,57.29,22.1,1
5/10/2001,3.24,3.39,9.89,36.17,26.28,100.61,21.9,68.45,23.32,1
5/11/2001,8,3.59,6.43,32.53,26.1,100.66,15.77,79.34,24.31,1
5/12/2001,15.68,2,7.2,32.41,25.21,100.55,20.38,80.66,24.18,1
5/13/2001,14.64,2.15,7.74,32.7,24.96,100.46,18.46,81.2,24.19,1
5/14/2001,8.73,2.11,8.98,33.67,24.69,100.49,15.44,79.83,24.44,1
5/15/2001,29.9,2.17,4.45,29.78,25.33,100.55,12.03,87.82,24.95,1
5/16/2001,27.65,3.27,5.06,30.24,25.18,100.66,10.85,87.21,24.89,1
5/17/2001,0.66,2.7,6.24,31.47,25.23,100.78,17.18,82.84,24.29,1
5/18/2001,3.12,2.45,6.89,31.65,24.76,100.79,17.22,82.82,24.46,1
5/19/2001,2.73,2.88,6.79,31.32,24.53,100.69,16.82,84.11,24.35,1
5/20/2001,2.3,2.92,7.52,32.32,24.8,100.6,12.11,80.92,24.2,1
5/21/2001,0.99,3,7.91,32.55,24.64,100.59,18.5,79.96,24.12,1
5/22/2001,5.93,3.23,6.3,31.77,25.47,100.58,21.49,83.64,24.94,1
5/23/2001,1.4,3.22,7.11,32.34,25.23,100.57,19.9,81.95,24.57,1
5/24/2001,1.92,3.02,6.26,31.61,25.35,100.45,21.31,83.36,24.76,1
5/25/2001,3.61,2.88,7.74,32.54,24.8,100.43,16.66,82.04,24.51,1
5/26/2001,5.71,2.74,6.35,31.57,25.22,100.56,13.52,83.96,24.69,1
5/27/2001,6.85,2.39,6.41,31.27,24.86,100.63,18.15,83.45,24.32,1
5/28/2001,9.67,2.2,6.32,30.97,24.65,100.64,15.54,85.58,24.53,1
5/29/2001,11.22,2.89,6.1,30.69,24.59,100.62,20.11,85.71,24.57,1
5/30/2001,5.49,2.19,6.87,31.36,24.49,100.6,18.48,84.88,24.51,1
5/31/2001,1.64,1.61,8.69,33.03,24.34,100.6,22.38,79.3,24.35,1
6/1/2001,9.44,1.43,6.74,31.95,25.21,100.65,23.54,83.13,25.06,1
6/2/2001,1.22,1.67,8.69,33.54,24.85,100.77,22.42,77.8,24.1,1
6/3/2001,3.17,1.59,8.49,32.47,23.98,100.79,21.18,80.23,24.11,1
6/4/2001,2.79,1.23,6.22,31.13,24.91,100.62,18.17,82.41,24.4,1
6/5/2001,3.81,1.15,4.39,29.4,25.01,100.52,21.68,85.39,24.38,1
6/6/2001,4.71,1.45,6.15,31.01,24.86,100.44,13.03,84.7,24.63,1
6/7/2001,12.74,2.36,4.57,29.37,24.8,100.52,18.86,88.61,24.67,1
6/8/2001,16.02,1.91,6.49,30.72,24.23,100.53,17.92,87.56,24.58,1
6/9/2001,2.66,1.88,7.39,31.18,23.79,100.56,20.87,84.8,24.41,1
6/10/2001,9.31,1.64,6.32,30.85,24.53,100.56,22.61,85.82,24.65,1
6/11/2001,3.52,1.76,7.69,31.52,23.83,100.63,23.76,82.56,24.04,1
6/12/2001,15.79,1.5,6.38,30.55,24.17,100.73,23.03,85.62,24.58,1
6/13/2001,1.6,1.79,7.16,31.42,24.26,100.64,22.02,83.68,24.68,1
6/14/2001,7.26,1.86,5.34,30.16,24.82,100.66,13.78,87.47,24.78,1
6/15/2001,1.75,2.4,6.53,30.63,24.1,100.65,21.21,86,24.22,1
6/16/2001,0.94,1.76,7.43,31.3,23.87,100.56,17.92,83.91,24.07,1
6/17/2001,5.59,2.16,7.65,31.47,23.82,100.54,19.35,84.1,24.39,1
6/18/2001,7.19,2.42,5.06,29.58,24.52,100.54,19.56,88.7,24.68,1
6/19/2001,3.6,2.87,5.29,28.96,23.67,100.51,18.98,88.06,23.85,1
6/20/2001,7,2.56,5.26,28.76,23.5,100.45,21.2,89.21,23.98,1
6/21/2001,16.17,2.62,4.73,29.32,24.59,100.36,15.55,90.04,24.73,1
6/22/2001,7.61,2.77,5.51,29.74,24.23,100.39,17.1,89.01,24.22,1
6/23/2001,19.63,2.69,4.92,29.19,24.27,100.44,12.31,89.96,24.63,1
6/24/2001,18.57,2.77,3.61,28.06,24.45,100.53,10.72,90.14,24.3,1
6/25/2001,22.64,3.01,4.1,28.57,24.47,100.53,13.44,91.36,24.66,1
6/26/2001,13.66,3.63,5.39,29.83,24.44,100.43,14.41,89.61,24.71,1
6/27/2001,13.93,3.07,4.45,28.83,24.38,100.53,15.68,90.95,24.58,1
6/28/2001,10.92,2.92,5.22,29.26,24.04,100.6,11.58,89.85,24.42,1
6/29/2001,7.88,2.97,5.35,29.59,24.24,100.67,15.16,89.16,24.55,1
6/30/2001,6.45,2.63,4.95,29.25,24.3,100.68,17.57,90.12,24.59,1
7/1/2001,8.03,2.72,4.96,29.21,24.25,100.57,14.56,91.92,25.02,1
7/2/2001,9,3.24,4.03,28.73,24.7,100.47,15.84,91.81,24.9,1
7/3/2001,13.45,3.8,4.25,28.54,24.29,100.38,10.42,91.24,24.51,1
7/4/2001,12.08,3.41,3.88,28.06,24.18,100.36,10.49,91.83,24.51,1
7/5/2001,16.49,3.5,3.45,27.51,24.06,100.31,11.89,93.41,24.53,1
7/6/2001,8.11,2.97,5.11,28.94,23.83,100.37,12.27,91.03,24.42,1
7/7/2001,21.08,3.37,4.32,28.41,24.09,100.47,12.36,92.07,24.46,1
7/8/2001,15.72,2.54,4.85,28.61,23.76,100.57,12.63,91.03,24.09,1
7/9/2001,0.75,1.87,6.4,29.89,23.49,100.72,20.26,88.66,24.48,1
7/10/2001,0.01,1.04,6.59,30.4,23.81,100.72,23.09,84.62,24.34,1
7/11/2001,0.09,2.19,6.98,31.11,24.13,100.67,24.09,87.39,24.87,1
7/12/2001,0.88,2.27,6.91,31.17,24.26,100.6,22.15,87.45,25.1,1
7/13/2001,0.17,2.5,5.4,29.66,24.26,100.53,23.96,90.11,24.98,1
7/14/2001,0.42,2.77,6.09,30.53,24.44,100.59,21.75,89.27,25.25,1
7/15/2001,0.52,2.82,5.7,30.19,24.49,100.77,16.51,89,24.91,1
7/16/2001,0.26,2.6,6.47,30.38,23.91,100.79,21.49,88.7,24.76,1
7/17/2001,0.57,2.36,7.17,30.52,23.35,100.68,21.37,87.09,24.47,1
7/18/2001,0.01,2.57,5.96,30.13,24.17,100.6,23.22,87.84,24.5,1
7/19/2001,0.32,1.89,7.19,30.94,23.75,100.58,23.97,86.04,24.59,1
7/20/2001,2.37,2.21,6.77,30.62,23.85,100.47,19.24,87.57,24.73,1
7/21/2001,5.46,3.08,4.03,28.48,24.45,100.34,11.85,92.04,24.73,1
7/22/2001,1.04,2.57,5.17,29.63,24.46,100.51,19.14,88.95,24.55,1
7/23/2001,0.04,1.67,7.73,31.31,23.58,100.57,24.12,85.09,24.48,1
7/24/2001,0.17,1.89,7.42,31.71,24.29,100.47,24.39,84.45,24.68,1
7/25/2001,1.85,1.99,6.83,31.07,24.24,100.5,24.8,85.94,24.69,1
7/26/2001,3.53,2.49,5.16,30,24.84,100.56,21.16,89.92,25.19,1
7/27/2001,1.06,2.53,5,29.92,24.92,100.56,22.05,89.55,25.05,1
7/28/2001,2.88,2.32,6.61,30.86,24.25,100.58,22.45,87.16,24.97,1
7/29/2001,7.72,2.32,6.19,30.27,24.08,100.72,23.42,88.8,24.86,1
7/30/2001,1.94,2.34,6.8,30.55,23.75,100.75,22.95,86.36,24.36,1
7/31/2001,0.53,2.4,7.67,31.06,23.39,100.72,22.19,87.01,24.75,1
8/1/2001,1.85,2.61,6.08,30.59,24.51,100.58,24.5,87.16,24.56,1
8/2/2001,1.69,2.17,5.39,29.65,24.26,100.48,20.17,88.43,24.46,1
8/3/2001,1.08,1.69,6.93,30.44,23.51,100.62,22.91,84.96,23.91,1
8/4/2001,10.21,1.76,6.08,29.65,23.57,100.71,19.63,86.67,23.92,1
8/5/2001,13.71,2.69,3.93,28.23,24.3,100.55,17.2,90.33,24.38,1
8/6/2001,5.1,3.5,5.46,29.51,24.05,100.54,16.16,89.64,24.43,1
8/7/2001,2.15,3.02,6.4,30.88,24.48,100.62,19.29,86.64,24.68,1
8/8/2001,6.31,2.67,6,30.58,24.58,100.68,19.29,89.08,25.1,1
8/9/2001,3.46,2.7,5.01,29.49,24.48,100.71,15.8,91.25,25.12,1
8/10/2001,6.7,3.7,4.59,28.95,24.36,100.66,10.96,90.49,24.46,1
8/11/2001,5.48,3.59,5.18,29.48,24.3,100.7,14.35,89.46,24.56,1
8/12/2001,9.7,2.98,5.54,29.98,24.44,100.77,17.61,87.96,24.41,1
8/13/2001,20.24,2.94,6.22,29.79,23.57,100.79,15.85,87.59,24.11,1
8/14/2001,8.56,2.7,6.1,29.86,23.76,100.84,16.27,88.01,24.22,1
8/15/2001,23.95,2.74,5.3,29.38,24.08,100.77,18.03,90.06,24.47,1
8/16/2001,36.01,2.75,3.38,27.33,23.95,100.55,16.76,93.16,24.39,1
8/17/2001,20.93,3.19,3.74,27.69,23.95,100.5,14.1,93.09,24.46,1
8/18/2001,4.54,3.01,4.74,28.65,23.91,100.53,11.09,91.72,24.23,1
8/19/2001,12.54,2.85,5.95,29.88,23.93,100.47,12.89,90.71,24.73,1
8/20/2001,17.28,2.92,5.03,29.6,24.57,100.51,8.94,90.5,24.93,1
8/21/2001,36.17,2.34,5.81,29.98,24.17,100.47,15.33,90.62,25.09,1
8/22/2001,16.49,2.27,5.78,29.83,24.05,100.41,16.85,90.8,25,1
8/23/2001,3.94,2.9,4.83,29.37,24.54,100.43,19.82,92.03,24.87,1
8/24/2001,0.94,2.76,5.26,29.46,24.2,100.47,19,91.17,24.9,1
8/25/2001,9.43,2.75,5.05,29.3,24.25,100.48,16.45,91.53,24.95,1
8/26/2001,10.1,2.52,4.35,28.66,24.31,100.39,10.95,92.88,25.09,1
8/27/2001,5.05,2.28,4.28,28.89,24.61,100.34,16.78,92.23,24.93,1
8/28/2001,5.33,2.9,5.84,30.07,24.23,100.28,12.48,89.93,24.83,1
8/29/2001,7.14,2.99,4.34,28.88,24.54,100.35,11.74,91.19,24.68,1
8/30/2001,4.48,2.87,5.27,29.74,24.47,100.33,12.08,90.96,25.09,1
8/31/2001,4.9,2.75,4.55,29.29,24.74,100.49,16.56,90.65,24.9,1
9/1/2001,2.18,2.36,6.04,29.96,23.92,100.56,19.48,89.04,24.71,1
9/2/2001,0.7,2.47,6.43,30.27,23.84,100.52,22.69,90.03,24.86,1
9/3/2001,0.65,2.32,5.67,29.86,24.19,100.6,18.86,89.99,24.83,1
9/4/2001,8.51,2.15,5.48,29.83,24.35,100.65,15.18,91.14,25.2,1
9/5/2001,19.49,2.28,4.98,29.47,24.49,100.74,18.19,90.57,24.75,1
9/6/2001,0.74,1.83,6.18,30.33,24.15,100.82,21.53,89.26,24.99,1
9/7/2001,0.63,2.11,6.21,30.07,23.86,100.89,22.2,89.24,24.83,1
9/8/2001,1.31,1.82,4.91,29.11,24.2,100.86,21,90.07,24.64,1
9/9/2001,8.27,2.77,6.27,30.02,23.75,100.71,13.71,88.93,24.4,1
9/10/2001,2.8,2.38,4.92,28.73,23.81,100.73,17.73,90.64,24.21,1
9/11/2001,5.18,2.36,7.26,30.61,23.35,100.73,15.45,87.73,24.33,1
9/12/2001,1.95,1.79,5.67,29.62,23.95,100.77,19,90.46,24.76,1
9/13/2001,0.05,1.89,6.67,30.3,23.63,100.71,19.37,88.55,24.58,1
9/14/2001,0.15,1.14,8.17,31.63,23.46,100.73,23.35,82.74,24.31,1
9/15/2001,2.34,0.91,7.11,31.7,24.59,100.72,24.07,83.14,24.81,1
9/16/2001,12.16,2.01,4.18,28.9,24.72,100.74,7.16,91.18,25.05,1
9/17/2001,4.15,1.88,5.77,30.26,24.49,100.64,21.43,88.67,24.98,1
9/18/2001,1.12,1.65,5.1,29.8,24.7,100.69,21.08,87.95,24.5,1
9/19/2001,4.99,1.01,5.96,29.9,23.94,100.67,21.42,85.48,24.1,1
9/20/2001,0.77,1.6,5.54,29.59,24.05,100.68,20.33,90.01,24.68,1
9/21/2001,2.88,1.58,6.81,30.25,23.44,100.73,20.15,87.43,24.32,1
9/22/2001,9.9,1.23,7.3,31.01,23.71,100.66,18.34,86.89,24.78,1
9/23/2001,22.1,1.4,4.37,29.18,24.81,100.66,16.51,89.98,24.86,1
9/24/2001,2.59,1.59,6.09,30,23.91,100.66,19.1,87.7,24.45,1
9/25/2001,3.41,2.16,5.81,30.15,24.34,100.6,19.38,89.42,24.75,1
9/26/2001,8,1.77,6.5,30.42,23.92,100.49,17.27,88.48,24.74,1
9/27/2001,15.01,1.1,4.9,29.02,24.12,100.57,16.86,89.93,24.57,1
9/28/2001,11.42,1.26,6.23,30.05,23.82,100.61,11.52,88.04,24.46,1
9/29/2001,13.74,1.74,5.51,29.8,24.29,100.68,17.78,89.55,24.62,1
9/30/2001,12.33,0.87,5.27,30.01,24.74,100.74,17.42,87.27,24.58,1
10/1/2001,6.3,1.51,4.88,29.21,24.33,100.8,18.91,90.79,24.73,1
10/2/2001,5.23,2.17,5.82,29.97,24.15,100.82,18.13,90.67,25.01,1
10/3/2001,2.8,1.64,6.31,30.2,23.89,100.83,16.97,88.97,24.67,1
10/4/2001,2.1,1.21,7.4,31.25,23.85,100.81,19.52,86.34,24.29,1
10/5/2001,23.37,1.38,4.8,28.96,24.16,100.79,16.95,89.26,24.01,1
10/6/2001,0.59,1.34,6.89,30.6,23.71,100.82,18,87.18,24.46,1
10/7/2001,2.6,1.38,5.44,29.8,24.36,100.83,20.09,89.49,24.78,1
10/8/2001,3.88,0.97,6.55,30.98,24.43,100.81,18.96,86.78,24.88,1
10/9/2001,1.69,1.92,4.41,28.19,23.78,100.87,17.33,91.18,24.39,1
10/10/2001,3.42,0.89,7.79,30.92,23.13,100.94,17.03,82.01,23.52,1
10/11/2001,7.37,1.76,7.24,31.11,23.87,100.88,20.5,84.31,23.99,1
10/12/2001,4.42,1.37,6.88,30.27,23.39,100.78,19.17,86.51,24.41,1
10/13/2001,6.01,1.31,4.25,28.69,24.44,100.67,19.01,90.11,24.69,1
10/14/2001,2.66,0.81,6.9,31.24,24.34,100.59,18.24,84.39,24.65,1
10/15/2001,1.15,1.05,5.48,30.75,25.27,100.68,20.01,86.54,25.06,1
10/16/2001,1.17,0.97,6.5,31.46,24.96,100.71,21.33,82.01,24.29,1
10/17/2001,3.1,1.42,5.17,29.34,24.17,100.77,18.2,88.8,24.12,1
10/18/2001,5.33,1.43,7.63,30.38,22.75,100.84,9.27,87.58,24.03,1
10/19/2001,11.67,1.11,4.09,27.78,23.69,101.01,14.32,90,23.81,1
10/20/2001,2.16,2.03,5.12,28.43,23.31,100.88,18.57,92.07,24.13,1
10/21/2001,2.64,2.51,5.69,29.8,24.11,100.58,16.56,90.12,24.64,1
10/22/2001,6.21,3.14,2.72,27.27,24.55,100.37,11.86,93.57,24.52,1
10/23/2001,6.29,2.94,6.2,30.13,23.93,100.68,13.94,90.36,24.69,1
10/24/2001,3.63,1.64,4.31,28.19,23.88,100.75,15.26,92.81,24.4,1
10/25/2001,1.35,1.46,7.13,31,23.87,100.66,19.49,88.07,24.7,1
10/26/2001,0.71,1.25,6.57,30.86,24.29,100.69,19.21,85.71,24.44,1
10/27/2001,1.89,0.81,5.33,29.91,24.58,100.84,19.08,85.53,24.4,1
10/28/2001,1.16,1.08,4.76,29.44,24.68,100.86,14.36,85.64,24.31,1
10/29/2001,1.2,1.89,7.88,31.41,23.53,100.87,18.58,81.17,23.81,1
10/30/2001,2.21,1.71,7.38,31.36,23.98,100.94,18.74,85.89,24.58,1
10/31/2001,4.04,1.84,6.98,31.27,24.29,100.99,17.18,86.64,24.85,1
11/1/2001,9.94,1.72,4.5,29.11,24.61,101.07,15.05,88.83,24.3,1
11/2/2001,2.08,1.03,6.78,30.26,23.48,101.03,18.19,85.69,23.95,1
11/3/2001,2.35,0.96,5.86,29.87,24.01,100.98,18.19,85.89,23.78,1
11/4/2001,7.61,0.72,6.01,30.43,24.42,100.84,17.65,84.82,24.45,1
11/5/2001,2.96,1.33,6.4,30.94,24.54,100.97,21.13,86.82,24.46,1
11/6/2001,1.31,2.41,8.1,31.39,23.29,100.94,21.42,84.81,24.27,1
11/7/2001,0.03,2.95,7.91,30.87,22.96,100.84,20.91,84.8,23.85,1
11/8/2001,0.09,2.63,7.78,30.68,22.9,100.85,17.69,85.23,23.6,1
11/9/2001,0,2.66,7.38,30.33,22.95,100.89,18.61,83.89,22.82,0
11/10/2001,0,2.27,7.69,29.62,21.93,100.89,20.46,83.49,21.93,0
11/11/2001,0,3.16,7.56,29.24,21.68,100.8,17.38,83.53,21.66,0
11/12/2001,0.31,2.74,4.03,24.69,20.66,100.69,9.72,87.74,20.49,1
11/13/2001,0.88,1.38,7.07,27.88,20.81,100.88,14.15,88.33,21.98,1
11/14/2001,8.41,1.41,8.02,30.03,22.01,100.95,12.78,87.13,23.3,1
11/15/2001,0.42,3.35,6.1,27.82,21.72,101.09,20.9,84.64,21.79,1
11/16/2001,0.21,3.42,7.85,28.51,20.66,101.17,19.89,84.56,21.17,1
11/17/2001,0,3.52,8.73,29.43,20.7,101.13,18.95,83.25,21.39,0
11/18/2001,0,3.43,8,29,21,101.15,18.52,82.09,21.03,0
11/19/2001,0.06,3.38,7.65,28.07,20.42,101.14,20.72,82.66,20.55,1
11/20/2001,0,3.25,6.89,27.85,20.96,101.27,18.4,82.3,20.32,0
11/21/2001,0,2.83,9.04,28.25,19.21,101.26,19.17,80.5,19.31,0
11/22/2001,0,2.73,10.6,29.08,18.48,101.17,20.86,81.78,19.84,0
11/23/2001,0,2.62,9.15,29.9,20.75,101.08,20.18,80.65,20.96,0
11/24/2001,0.08,2.62,7.92,29.53,21.61,101.02,18.02,79.45,20.6,1
11/25/2001,3.96,2.21,8.22,28.89,20.67,101.01,18.83,79.88,19.91,1
11/26/2001,0,2.56,9.18,28.91,19.73,101.16,19.35,79.95,19.25,0
11/27/2001,0,2.21,11.14,29.23,18.09,101.16,18.46,77.53,18.67,0
11/28/2001,0,1.45,12.29,30.12,17.83,100.97,20.8,74.73,19.22,0
11/29/2001,0,1.46,10.53,30.53,20,100.95,16.84,76.8,20.56,0
11/30/2001,0.27,1.34,10.06,31.41,21.35,100.94,16.74,78.87,22.1,1
12/1/2001,0.73,1.07,6.83,30.44,23.61,100.91,18.09,79.72,22.57,1
12/2/2001,0.95,1.12,10.96,32.14,21.18,100.89,19.84,73.84,20.92,1
12/3/2001,5.68,1.47,10.15,31.66,21.51,100.92,16.19,78.93,21.93,1
12/4/2001,0,1.55,8.98,31.91,22.93,100.85,18.84,76.82,21.87,0
12/5/2001,0.08,1.15,8.53,31.72,23.19,100.84,14.02,76.59,22.23,1
12/6/2001,0.8,1.6,8.92,32.58,23.66,100.88,20.25,76.32,22.45,1
12/7/2001,0.22,1.94,9.24,32.38,23.14,100.87,20.98,75.21,21.7,1
12/8/2001,0,2.77,10.6,32.81,22.21,100.85,20.87,74.11,20.86,0
12/9/2001,0,3.52,11.35,32.85,21.5,100.86,21.63,73.65,20.64,0
12/10/2001,0,3.2,9.76,31.45,21.69,100.84,20.21,75.66,20.73,0
12/11/2001,0.07,1.57,10.77,31.32,20.55,100.94,19.16,74.58,20.28,1
12/12/2001,1.18,1.02,9.17,31.46,22.29,101.02,15.18,77.63,21.96,1
12/13/2001,4.74,2.31,9.46,32.55,23.09,101.11,15.39,79.64,22.96,1
12/14/2001,3.42,3.25,9.71,32.95,23.24,101.16,17.73,76.18,22.18,1
12/15/2001,0.91,3.4,8.64,31.73,23.09,101.19,14.11,75.95,21.7,1
12/16/2001,0.56,2.36,8.05,30.78,22.73,101.19,11.95,78.42,22.19,1
12/17/2001,0,2.13,10.43,33.96,23.53,101.13,18.63,73.18,22.13,0
12/18/2001,0,2.12,10.7,34.08,23.38,101.23,17.94,70.75,21.99,0
12/19/2001,0,2.57,10.79,33.25,22.46,101.23,19.67,68.5,20.53,0
12/20/2001,0,3.16,12.88,33.94,21.06,101.23,21.39,66.19,19.74,0
12/21/2001,0,3.92,12.24,34.1,21.86,101.24,20.38,64.83,19.59,0
12/22/2001,0,4.48,11.24,31.9,20.66,101.41,19.24,61.4,16.99,0
12/23/2001,0,3.8,10.68,29,18.32,101.5,19.35,64.53,14.97,0
12/24/2001,0,3.29,11.84,29.62,17.78,101.44,21.28,66.53,15.83,0
12/25/2001,0,2.89,13.6,31.64,18.04,101.46,21.25,64.58,16.41,0
12/26/2001,0.08,2.65,13.05,32.82,19.77,101.44,21.16,64.04,17.94,1
12/27/2001,0.1,2.39,12.2,33.49,21.29,101.5,21.07,66.86,19.64,1
12/28/2001,0,3.55,11.57,33.51,21.94,101.51,18.74,62.45,18.79,0
12/29/2001,0,3.46,12.11,32.28,20.17,101.46,20.92,58.53,16.3,0
12/30/2001,0,2.62,13.06,31.41,18.35,101.38,20.58,58.59,14.55,0
12/31/2001,0,1.21,14.58,31.85,17.27,101.29,20.8,59.98,15.11,0
1/1/2002,0,1.61,13.16,32.29,19.13,101.37,19.91,61.64,15.92,0
1/2/2002,0,2.74,13.96,32.11,18.15,101.51,18.61,60.98,15.63,0
1/3/2002,0.02,3.05,13.78,31.86,18.08,101.47,20.32,57.89,14.86,1
1/4/2002,0.01,2.38,14.69,32.97,18.28,101.41,21.65,59.09,15.73,1
1/5/2002,0.01,2.89,13.36,33.53,20.17,101.23,20.15,58.91,16.58,1
1/6/2002,0,2.55,14.74,33.61,18.87,101.24,21.62,56.78,15.28,0
1/7/2002,0,2.47,14.19,33.19,19,101.33,20.84,57.81,15.56,0
1/8/2002,0,2.55,14.56,33.04,18.48,101.38,22.03,55.6,14.65,0
1/9/2002,0,2.01,14.96,32.7,17.74,101.33,21.44,56.72,14.7,0
1/10/2002,0,1.55,15.03,33.59,18.56,101.23,21.75,53.3,14.67,0
1/11/2002,0,0.47,13.49,33.42,19.93,101.07,19.09,58.92,16.77,0
1/12/2002,0,0.89,14.82,33.75,18.93,101.01,19.85,60.61,16.76,0
1/13/2002,0,1.12,14.71,34.35,19.64,100.9,20.74,61.58,17.72,0
1/14/2002,0.01,1.07,10.2,31.71,21.51,100.83,17.04,64.24,18.34,1
1/15/2002,0,1.06,13.55,34.91,21.36,100.88,19.76,58.83,18.1,0
1/16/2002,0.01,1.02,13.17,35.4,22.23,100.91,19.77,60.76,19.56,1
1/17/2002,0.13,1.19,12.39,35.5,23.11,100.81,18.22,60.08,20.06,1
1/18/2002,0,1.58,12.23,36.46,24.23,100.73,16.93,57.86,20.08,0
1/19/2002,11.74,1.63,10.99,35.39,24.4,100.83,17.84,69.38,22.38,1
1/20/2002,0,1.48,12.73,36.13,23.4,100.9,19.62,66.81,21.59,0
1/21/2002,0,2.79,12.12,36.13,24.01,100.9,19.31,58.22,19.47,0
1/22/2002,0,2.94,13,35.38,22.38,100.99,21.22,54.3,17.72,0
1/23/2002,0,1.87,13.91,35.17,21.26,101.07,21.57,52.58,16.07,0
1/24/2002,0,1.53,15.08,35.38,20.3,101.03,21.43,49.74,15,0
1/25/2002,0,1.26,14.52,36.13,21.61,100.92,20.88,54.93,17.34,0
1/26/2002,0,1.83,14.16,35.94,21.78,100.86,19.14,60.84,18.99,0
1/27/2002,0,1.92,13.08,35.61,22.53,101,19.52,61.1,19.39,0
1/28/2002,0,1.78,13.08,36.86,23.78,101.09,19.86,53.73,18.34,0
1/29/2002,0,3.2,12.99,36.74,23.75,101.19,21.54,45.54,15.99,0
1/30/2002,0,2.53,13.75,35.73,21.98,101.22,20.94,45.54,14.93,0
1/31/2002,0,2.67,13.81,35.2,21.39,101.34,22.02,41.69,12.14,0
2/1/2002,0,1.53,15.02,35.21,20.19,101.25,21.38,44.55,13.75,0
2/2/2002,0.09,2.18,11.21,34.74,23.53,101.26,20.67,45.96,14.9,1
2/3/2002,0.42,1.12,13.87,35.6,21.73,101.13,19.85,50.99,15.8,1
2/4/2002,1.44,1.38,14.21,35.92,21.71,101.1,19.01,53.17,16.97,1
2/5/2002,1.5,1.66,14.3,35.9,21.6,101.07,18.89,54.64,17.12,1
2/6/2002,2.3,1.61,13.43,35.02,21.59,101.08,19.82,56.37,17.29,1
2/7/2002,0,1.72,14.02,35.27,21.25,101.06,18.33,56.33,17.33,0
2/8/2002,0,1.94,14.11,35.99,21.88,101.07,19.86,52.91,17.18,0
2/9/2002,0,1.87,13.64,35.77,22.13,101.02,19.27,49.33,16.25,0
2/10/2002,0,1.79,13.63,36.74,23.11,100.96,20.28,49.01,16.76,0
2/11/2002,0,2.27,14.02,37.35,23.33,101.11,21.85,46.44,15.36,0
2/12/2002,0,2.23,15.34,37.23,21.89,101.17,23.35,44.03,13.98,0
2/13/2002,0,1.35,15.32,36.75,21.43,101.16,21.05,42.81,13.37,0
2/14/2002,0,2.05,16.53,37.39,20.86,101.12,23.37,48.21,15.12,0
2/15/2002,0.09,1.67,15.37,36.61,21.24,101.16,22.82,49.62,15.65,1
2/16/2002,0.07,2.27,12.88,37.29,24.41,101.1,21.13,47.77,16.6,1
2/17/2002,0.02,2.19,13.39,36.81,23.42,101.18,20.81,43,14.51,1
2/18/2002,0.05,1.87,14.15,36.8,22.65,101.28,21.87,45.72,15.25,1
2/19/2002,0,1.81,14.22,37.02,22.8,101.32,21.05,45.91,15.5,0
2/20/2002,0.77,2.09,13.91,37.75,23.84,101.25,23.8,43.97,15.38,1
2/21/2002,2.92,1.68,12.19,36.45,24.26,101.3,22.72,56.31,19.48,1
2/22/2002,2.08,1.55,9.51,34.26,24.75,101.41,19.19,60.16,20.43,1
2/23/2002,0.01,1.46,12.75,37.46,24.71,101.21,20.04,54.71,19.67,1
2/24/2002,0.98,1.91,14.08,38.54,24.46,101.07,20.97,48.19,17.54,1
2/25/2002,0.33,1.93,14.33,37.88,23.55,101.08,22.41,50.96,17.84,1
2/26/2002,0.01,1.45,14.97,38.64,23.67,101.01,22.13,49.49,17.97,1
2/27/2002,0,1.82,12.81,37.5,24.69,100.92,20.62,49.75,18.6,0
2/28/2002,0.01,2.38,13.98,38.64,24.66,100.84,20.98,49.62,18.41,1
3/1/2002,0.13,2.96,11.79,36.86,25.07,100.84,18.61,52.35,18.96,1
3/2/2002,0.13,2.64,11.08,35.65,24.57,100.87,19.39,52.89,18.79,1
3/3/2002,0.36,2.63,12.49,36.89,24.4,100.8,21.4,50.63,17.91,1
3/4/2002,0.02,1.75,14.77,37.28,22.51,100.81,20.77,46.43,15.95,1
3/5/2002,0.05,1.97,14.65,37.6,22.95,100.85,20.7,46.92,17.06,1
3/6/2002,4.93,2.7,12.78,37.34,24.56,100.94,17.89,53.06,19.12,1
3/7/2002,0.1,2.37,13.54,37.54,24,101.04,21.27,49.57,17.6,1
3/8/2002,0,2.06,12.7,36.97,24.27,101.15,22.8,44.99,15.83,0
3/9/2002,1.26,1.38,12.63,36.95,24.32,101.16,22.15,46.43,16.96,1
3/10/2002,3.64,1.66,12.58,36.33,23.75,101.09,22.8,56.03,18.92,1
3/11/2002,0.1,1.69,12.44,36.3,23.86,101.05,19.77,56.48,19.66,1
3/12/2002,0.01,1.98,13.57,37.88,24.31,101.01,21.53,51.44,18.79,1
3/13/2002,0,2.16,13.93,37.99,24.06,101.01,22.54,50.5,18.22,0
3/14/2002,0,2.06,13.99,38.72,24.73,100.92,21.32,50.6,18.88,0
3/15/2002,0,2.11,14.8,39.9,25.1,100.75,21.64,50.25,19.17,0
3/16/2002,0.01,2.92,14.19,39.83,25.64,100.71,19.92,50.21,19.81,1
3/17/2002,0.09,3.49,12.97,39.1,26.13,100.84,20.51,48.16,18.97,1
3/18/2002,0.02,2.87,14.06,39.91,25.85,101.01,22,44.79,16.52,1
3/19/2002,0,2.32,13.98,39.58,25.6,100.98,24.75,45.07,17.63,0
3/20/2002,0,2.2,13.02,39.69,26.67,100.84,23.08,46.41,18.56,0
3/21/2002,0.91,2.94,13.65,39.77,26.12,100.71,24.3,49.64,19.5,1
3/22/2002,1.37,3.01,13.72,40.12,26.4,100.63,21.33,49.35,19.79,1
3/23/2002,0.02,2.53,14.6,41.2,26.6,100.49,24.68,46.99,19.33,1
3/24/2002,0.04,2.23,10.63,38.17,27.54,100.48,22.5,53.32,21.2,1
3/25/2002,0,3.25,11.76,39.51,27.75,100.53,19.56,49.85,20.56,0
3/26/2002,0,2.83,12.29,39.49,27.2,100.58,23.31,48.14,20.32,0
3/27/2002,0,2.23,10.7,38.15,27.45,100.68,22.49,48.01,18.91,0
3/28/2002,0.02,3.22,12.97,40.31,27.34,100.68,23.76,46.43,19.75,1
3/29/2002,0.03,2.39,10.51,38.45,27.94,100.76,24.02,48.95,20.23,1
3/30/2002,0.09,2.78,13.08,40.43,27.35,100.75,21,46.52,19.6,1
3/31/2002,0.05,3.33,12.47,39.88,27.41,100.83,18.01,45.65,19.05,1
4/1/2002,0.92,2.9,13.3,39.93,26.63,100.99,20.93,44.76,18.17,1
4/2/2002,1.73,2.4,13.4,39.42,26.02,100.97,22.68,47.32,18.79,1
4/3/2002,0.23,2.58,13.28,40,26.72,100.71,23.13,45.78,18.3,1
4/4/2002,0,2.1,12.5,39.32,26.82,100.57,23.4,49.09,19.89,0
4/5/2002,0,2.91,13.3,40.39,27.09,100.62,22.51,45.87,19.21,0
4/6/2002,0,2.43,12.31,39.69,27.38,100.74,21.15,46.48,19.31,0
4/7/2002,0,2.49,10.43,38.49,28.06,100.74,21.88,50.63,20.89,0
4/8/2002,0.69,3.3,10.78,38.73,27.95,100.76,14.53,50.82,20.42,1
4/9/2002,0.01,2.18,11.02,38.25,27.23,100.71,19.83,54.2,21.15,1
4/10/2002,0.25,2.22,9.63,37.63,28,100.64,13.66,53.71,21.32,1
4/11/2002,1.24,3.04,6.15,34,27.85,100.78,20.26,58.2,21.08,1
4/12/2002,3.42,1.91,12.79,38.37,25.58,100.89,21.16,52.99,19.85,1
4/13/2002,4.13,2.26,12.55,39.01,26.46,100.82,20.94,52.9,19.81,1
4/14/2002,0.85,2.22,12.69,38.25,25.56,100.72,23.96,56.06,20.96,1
4/15/2002,0.63,2.32,13.04,39.6,26.56,100.79,19.75,49.8,19.94,1
4/16/2002,3.27,2.1,8.23,35.32,27.09,100.81,22.11,59.47,22.11,1
4/17/2002,0.3,1.46,8.89,35.56,26.67,100.75,21.43,59.91,22.1,1
4/18/2002,1.33,1.78,8.97,35.97,27,100.7,20.88,57.03,21.56,1
4/19/2002,0.78,2.21,10.21,37.4,27.19,100.82,21.89,55.46,21.52,1
4/20/2002,1.06,1.86,11.46,38.63,27.17,100.76,23.38,52.43,21.2,1
4/21/2002,1.03,1.87,11.16,38.58,27.42,100.56,22.48,52.26,21.29,1
4/22/2002,0.72,2.47,8.69,36.64,27.95,100.59,17.95,56.06,21.85,1
4/23/2002,1.07,2.8,10.71,38.1,27.39,100.66,23.03,53.51,21.19,1
4/24/2002,3.55,1.8,11.16,38.05,26.89,100.58,21.75,58.17,21.46,1
4/25/2002,10.05,2.47,8.97,33.78,24.81,100.7,19.44,74.01,23.25,1
4/26/2002,1.57,2.01,9.56,35.31,25.75,100.65,21.81,69.73,23.02,1
4/27/2002,0.13,1.9,11.17,36.92,25.75,100.65,18.58,61.91,22.28,1
4/28/2002,2.12,2.38,11.42,37.05,25.63,100.63,24.57,60.95,22.09,1
4/29/2002,2.12,2.4,11.51,36.95,25.44,100.55,21.41,61.16,22.04,1
4/30/2002,0.04,2.37,13.54,39.14,25.6,100.46,21.35,53.23,20.66,1
5/1/2002,0.11,2.12,11.49,38.47,26.98,100.46,22.84,55.32,21.87,1
5/2/2002,1.57,2.58,10.63,37.64,27.01,100.53,23.01,56.6,22.08,1
5/3/2002,1.24,2.26,11.81,38.83,27.02,100.55,21.38,56.97,22.16,1
5/4/2002,1.22,1.65,10.97,38.69,27.72,100.47,23.69,55.35,22.05,1
5/5/2002,2.18,1.7,9.34,36.94,27.6,100.44,23.33,61.75,22.73,1
5/6/2002,0.62,2.04,10.84,37.9,27.06,100.44,21.07,56.19,21.38,1
5/7/2002,3.88,1.87,12.01,37.87,25.86,100.51,19.9,56.63,21.28,1
5/8/2002,2.25,1.78,4.96,31.59,26.63,100.69,23.92,67.6,21.67,1
5/9/2002,3.58,2.52,12.84,38.36,25.52,100.63,24.97,61.94,22.26,1
5/10/2002,26.63,2.93,8.26,34.76,26.5,100.69,20.36,74.15,24.33,1
5/11/2002,8.24,2.63,5.83,31.81,25.98,100.71,20.6,81.89,24.56,1
5/12/2002,8.85,2.89,6.68,31.99,25.31,100.82,20.81,77.4,23.22,1
5/13/2002,2.36,2.66,10.32,34.61,24.29,100.78,20.92,73.13,23.2,1
5/14/2002,0.33,2.78,9.85,34.98,25.13,100.81,23.13,71.53,23.51,1
5/15/2002,0.27,2.44,8.16,33.67,25.51,100.79,23.88,74.62,23.92,1
5/16/2002,0.25,2.82,11.69,36.99,25.3,100.71,24.25,67.63,22.93,1
5/17/2002,1.65,2.8,10.69,35.75,25.06,100.71,20.04,70.76,23.09,1
5/18/2002,2.14,2.34,9.42,34.49,25.07,100.75,20.79,72.12,23.39,1
5/19/2002,1.46,3.18,8.06,33.36,25.3,100.67,14.49,72.88,23.34,1
5/20/2002,1.82,3.96,8.11,34.18,26.07,100.6,21.26,73.73,23.58,1
5/21/2002,1.96,3.23,9.6,34.66,25.06,100.67,20.56,73.63,23.52,1
5/22/2002,3.18,3.1,8.32,33.8,25.48,100.73,23.95,75.17,23.88,1
5/23/2002,0.59,2.45,8.66,33.93,25.27,100.72,23.16,75.02,23.95,1
5/24/2002,1.73,2.51,7.16,33.06,25.9,100.76,21.84,75.79,23.66,1
5/25/2002,8.53,2.92,7.83,33.35,25.52,100.82,18.87,79.97,24.4,1
5/26/2002,8.19,2.27,5.28,30.54,25.26,100.77,13.82,87.29,24.73,1
5/27/2002,5.96,3.16,6.3,30.84,24.54,100.72,19.84,82.87,23.93,1
5/28/2002,1.6,2.48,6.85,31.77,24.92,100.79,21.88,79.6,23.72,1
5/29/2002,0.3,2.47,8.73,33.4,24.67,100.75,22.61,76,23.6,1
5/30/2002,0.86,2.76,11.94,36.05,24.11,100.74,24.95,72.41,23.28,1
5/31/2002,1.66,2.56,12.04,36.38,24.34,100.71,25,71.9,23.18,1
6/1/2002,0.26,2.95,9.31,34.75,25.44,100.64,24.34,73.1,23.78,1
6/2/2002,0.99,2.84,8.66,33.81,25.15,100.56,20.96,74.3,23.86,1
6/3/2002,1.21,2.69,6.43,32.24,25.81,100.52,19.7,78.5,24.35,1
6/4/2002,5.5,3.19,5.79,31.34,25.55,100.53,21,83.63,24.64,1
6/5/2002,1.26,2.9,8.15,33.37,25.22,100.56,19.49,78.03,24.18,1
6/6/2002,1.75,3.3,7.09,32.62,25.53,100.57,20.86,80.11,24.22,1
6/7/2002,3.41,2.61,6.72,31.63,24.91,100.5,19.81,82.28,24.42,1
6/8/2002,1.75,2.74,8.13,33.46,25.33,100.41,20,78.99,24.64,1
6/9/2002,1.06,2.55,7.62,33.34,25.72,100.46,18.03,78.17,24.42,1
6/10/2002,0.75,1.84,10.25,35.66,25.41,100.51,21.63,72.61,23.83,1
6/11/2002,2.13,1.41,6.68,32.5,25.82,100.62,17.66,76.72,24.23,1
6/12/2002,4.73,2.12,6.55,32.02,25.47,100.65,18.04,80.76,24.41,1
6/13/2002,2.27,1.62,9.95,34.49,24.54,100.62,23.22,74.09,23.42,1
6/14/2002,3.69,1.71,11.24,35.54,24.3,100.49,23.85,70.34,22.89,1
6/15/2002,2.98,2.54,8.45,33.88,25.43,100.52,19.69,74.8,23.32,1
6/16/2002,8.36,2.38,7.08,32.18,25.1,100.61,20.39,81.09,24.09,1
6/17/2002,4.35,2.68,7.54,32.22,24.68,100.65,17.15,79.44,23.79,1
6/18/2002,10.57,3.12,7.16,31.99,24.83,100.61,14.24,81.61,23.95,1
6/19/2002,20.03,2.89,7.1,31.72,24.62,100.56,19.52,82.96,24.3,1
6/20/2002,21.21,3.01,5.61,28.8,23.19,100.66,14.34,87.84,23.64,1
6/21/2002,12.95,2.09,5.07,28.04,22.97,100.64,22.2,88.25,23.05,1
6/22/2002,24.11,2.83,5.12,29.25,24.13,100.65,15.89,90.13,24.64,1
6/23/2002,5.48,1.73,4.68,28.81,24.13,100.8,13.68,89.7,24.47,1
6/24/2002,0.74,1.7,7.13,30.95,23.82,100.83,17.33,84.18,24.07,1
6/25/2002,5.09,2.19,6.99,31.39,24.4,100.81,17.76,84.89,24.75,1
6/26/2002,0.94,2.19,7.54,31.94,24.4,100.82,24.58,82.57,24.43,1
6/27/2002,9.37,2.63,7.31,32.19,24.88,100.77,22.93,84.82,25.09,1
6/28/2002,0.91,2.81,8.12,32.37,24.25,100.83,22.15,83.18,24.77,1
6/29/2002,2.01,2.33,6.4,31.61,25.21,100.75,21.91,85.07,25.13,1
6/30/2002,1.16,2.28,7.34,31.96,24.62,100.55,21.72,83.69,24.92,1
7/1/2002,0.51,2.63,5.83,30.73,24.9,100.47,19.34,83.83,24.78,1
7/2/2002,1.12,2.76,5.68,31.05,25.37,100.6,19.24,84.4,24.72,1
7/3/2002,1.01,2.63,7.49,32.39,24.9,100.65,16.3,81.01,24.34,1
7/4/2002,3.61,3.29,6.4,31.6,25.2,100.61,15.39,84.9,24.89,1
7/5/2002,4.2,3.25,5.48,30.52,25.04,100.62,15.96,84.91,24.3,1
7/6/2002,6.7,3.62,6.48,31.51,25.03,100.46,13.19,85.38,24.73,1
7/7/2002,2.8,3.33,5.73,31.01,25.28,100.42,12.18,85.35,24.79,1
7/8/2002,3.99,3.36,5.68,31.29,25.61,100.45,19.23,83.94,24.79,1
7/9/2002,1.83,2.97,7.08,32.18,25.1,100.48,19.58,83.01,24.67,1
7/10/2002,0.39,3.37,7.81,33.12,25.31,100.39,21.42,79.31,24.4,1
7/11/2002,0.95,3.34,8.65,33.7,25.05,100.41,21.19,78.92,24.37,1
7/12/2002,0.87,3.22,8.46,33.36,24.9,100.56,20.24,79.43,24.39,1
7/13/2002,3.34,3.22,7.88,32.73,24.85,100.56,20.2,80.9,24.24,1
7/14/2002,6.62,3.35,6.56,31.23,24.67,100.45,19.27,84.05,24.52,1
7/15/2002,13.06,3.86,5.31,30.53,25.22,100.52,14.26,86.71,24.81,1
7/16/2002,14.65,3.41,5.36,29.83,24.47,100.7,14.11,87.32,24.43,1
7/17/2002,0.64,2.3,8.2,31.44,23.24,100.84,19.18,82.8,23.87,1
7/18/2002,0.07,2.49,7.82,32.28,24.46,100.85,20.22,81.71,24.31,1
7/19/2002,0.07,2.2,9.12,33.16,24.04,100.83,22.5,79.15,23.94,1
7/20/2002,0.45,2.75,7.13,31.4,24.27,100.85,21.74,81.51,23.78,1
7/21/2002,0.22,2.66,8.25,32.28,24.03,100.87,20.05,79.41,23.61,1
7/22/2002,1.26,2.56,10.43,34.33,23.9,100.83,23.38,76.9,23.47,1
7/23/2002,1,2.76,9.46,33.06,23.6,100.86,21.37,78.63,23.63,1
7/24/2002,1.27,3.44,6.32,31.21,24.89,100.8,18.33,82.34,24.06,1
7/25/2002,1.69,3.33,8.09,32.49,24.4,100.63,22.08,79.51,23.7,1
7/26/2002,0.42,3.42,7.6,32.54,24.94,100.56,22.02,78.58,23.68,1
7/27/2002,1.76,2.83,8.15,32.63,24.48,100.55,22.3,77.1,23.38,1
7/28/2002,9.57,2.63,6.41,31.18,24.77,100.6,14.15,83.84,24.25,1
7/29/2002,8.02,3.13,4.78,29.61,24.83,100.59,11.71,87.56,24.46,1
7/30/2002,6.43,2.53,6.77,31.28,24.51,100.62,15.87,83.27,23.78,1
7/31/2002,0.25,1.71,7.63,31.52,23.89,100.58,19.64,82.22,23.91,1
8/1/2002,0.47,2.46,9.12,33.48,24.36,100.53,22.18,78.44,24.07,1
8/2/2002,1.49,2.47,7.69,32.06,24.37,100.53,18.75,82.21,24.36,1
8/3/2002,2.28,2.5,8.36,32.79,24.43,100.5,16.97,80.23,24.08,1
8/4/2002,7.74,3.25,5.44,30.29,24.85,100.5,13.42,86.15,24.37,1
8/5/2002,2.26,4.34,6.38,30.73,24.35,100.61,11.98,81.88,23.21,1
8/6/2002,8.28,3.88,6.03,30.43,24.4,100.7,10,84.85,23.85,1
8/7/2002,3.41,3.15,7.01,31.19,24.18,100.74,17.1,81.63,23.49,1
8/8/2002,7.26,2.78,5.94,30.49,24.55,100.68,17.52,85.47,23.97,1
8/9/2002,1.01,2.75,6.15,30.45,24.3,100.65,17.36,83.12,23.61,1
8/10/2002,0.51,2.4,7.99,31.91,23.92,100.69,20.63,80.17,23.57,1
8/11/2002,10.15,2.78,6.84,31.11,24.27,100.79,18.3,84.38,24.26,1
8/12/2002,7.37,3.19,5.38,29.3,23.92,100.83,14.78,87.59,23.99,1
8/13/2002,13.23,2.61,4.33,27.79,23.46,100.74,10.08,90.35,23.64,1
8/14/2002,8.22,2.5,5.6,28.68,23.08,100.7,8.09,88.24,23.46,1
8/15/2002,5.5,3.19,5.56,28.95,23.39,100.66,8.79,85.55,22.91,1
8/16/2002,1.49,2.9,5.65,28.68,23.03,100.58,8.64,84,22.44,1
8/17/2002,9.12,3.17,5.02,28.21,23.19,100.49,11.32,88.5,23.42,1
8/18/2002,7.13,3.28,5.98,29.3,23.32,100.47,10.53,88.08,23.53,1
8/19/2002,8.62,2.72,4.42,28.33,23.91,100.41,14.01,90.46,24.03,1
8/20/2002,15.54,3.61,4.27,28.11,23.84,100.53,10.47,90.93,24.15,1
8/21/2002,6.69,2.13,5.48,29.3,23.82,100.7,13.09,88.16,23.8,1
8/22/2002,0.36,2.08,5.88,29.32,23.44,100.75,17.38,86.21,23.49,1
8/23/2002,1.04,1.6,7.73,31.53,23.8,100.77,21.01,83.84,24.53,1
8/24/2002,0.12,0.57,4.98,30.02,25.04,100.87,21.03,86.75,24.97,1
8/25/2002,0.18,1.44,6.72,31.18,24.46,100.8,20.79,85.6,24.91,1
8/26/2002,0.48,1.46,6.91,31.28,24.37,100.77,17.82,83.22,24.22,1
8/27/2002,2.29,2.48,8.05,31.76,23.71,100.7,17.97,84.34,24.32,1
8/28/2002,1.23,1.47,6.77,30.99,24.22,100.73,19.9,84,24.3,1
8/29/2002,3.59,1.92,8.4,32.24,23.84,100.8,19.48,82.72,24.11,1
8/30/2002,14.05,1.92,5.89,29.93,24.04,100.69,17.09,87.16,24.49,1
8/31/2002,21.15,2.68,4.35,28.9,24.55,100.52,14.43,90.33,24.58,1
9/1/2002,2.52,2.61,5.31,29.85,24.54,100.65,14.26,88.34,24.51,1
9/2/2002,1.2,2.87,6.63,30.89,24.26,100.8,19.19,85.36,24.35,1
9/3/2002,2.49,2.77,6.49,30.48,23.99,100.71,15.35,86.94,24.43,1
9/4/2002,4.16,2.82,6.16,30.6,24.44,100.61,16.65,86.47,24.4,1
9/5/2002,2.32,2.92,6.52,30.87,24.35,100.61,17.12,85.98,24.45,1
9/6/2002,0.13,1.66,5.72,29.9,24.18,100.62,19.36,86.23,24.45,1
9/7/2002,1.25,2.15,7.32,31.59,24.27,100.55,14.12,84.64,24.63,1
9/8/2002,11.22,1.96,6.53,30.77,24.24,100.61,17.17,87.24,24.68,1
9/9/2002,22.57,2.17,4.99,28.92,23.93,100.63,11.81,89.3,24.06,1
9/10/2002,11.03,2.51,5.29,29.08,23.79,100.64,12.95,88.46,23.81,1
9/11/2002,8.44,2.95,5.06,29.22,24.16,100.66,13.49,89.59,24.23,1
9/12/2002,7.14,3.02,5.97,29.69,23.72,100.79,16.58,89.01,24.18,1
9/13/2002,0.48,2.82,6.44,30.41,23.97,100.89,16.59,87.52,24.34,1
9/14/2002,0.53,2.82,7.26,30.93,23.67,100.93,18.46,86.27,24.3,1
9/15/2002,0.25,2.88,7.1,30.62,23.52,100.93,21,86.15,24.18,1
9/16/2002,0.38,2.57,5.81,29.8,23.99,100.9,15.61,88.28,24.22,1
9/17/2002,9.59,2.58,4.55,28.79,24.24,100.77,14.97,89.95,24.18,1
9/18/2002,14.25,2.37,4.89,28.46,23.57,100.74,13.99,91.07,24.2,1
9/19/2002,3.57,2.46,5.54,29.8,24.26,100.79,16.09,88.53,24.2,1
9/20/2002,5.9,2.48,6.34,29.52,23.18,100.76,15.11,89.36,24.34,1
9/21/2002,5.46,2.57,6.1,30.17,24.07,100.64,13.53,89.51,24.61,1
9/22/2002,8.01,2.6,4.86,28.98,24.12,100.6,14.29,92.1,24.68,1
9/23/2002,6.66,1.91,5.65,29.6,23.95,100.73,14.7,89.96,24.17,1
9/24/2002,9.89,1.35,4.82,27.92,23.1,100.78,16.5,91.6,24.03,1
9/25/2002,1.24,1.36,6.8,30.64,23.84,100.85,15.98,85.36,24.26,1
9/26/2002,0.03,1.3,7.34,31.08,23.74,100.87,21.52,84.03,24.23,1
9/27/2002,0.03,1.36,7.5,31.37,23.87,100.91,21.36,82.73,24.38,1
9/28/2002,1.67,1.02,6.17,30.4,24.23,100.93,19.05,84.94,24.27,1
9/29/2002,2.83,1.43,6.97,31.29,24.32,100.93,19.91,80.86,23.67,1
9/30/2002,2.71,1.65,6.02,30.43,24.41,100.88,19.92,85.46,23.99,1
10/1/2002,3.97,0.91,6.88,30.4,23.52,100.89,16.46,83.81,23.69,1
10/2/2002,7.31,0.79,5.6,29.59,23.99,100.82,18.63,86.42,23.94,1
10/3/2002,14.25,1.45,5.44,29.82,24.38,100.75,21.27,88.6,24.4,1
10/4/2002,0.98,1.42,6.51,30.85,24.34,100.75,22.44,85.06,24.35,1
10/5/2002,2.78,1.53,6.74,31.07,24.33,100.74,16.81,86.5,24.93,1
10/6/2002,2.02,1.18,7.18,31.11,23.93,100.8,20.18,81.33,24.2,1
10/7/2002,4.06,1.08,4.92,29.53,24.61,100.84,17.26,85.78,24.33,1
10/8/2002,12.31,1.83,6.79,31.07,24.28,100.93,15.91,84.38,24.05,1
10/9/2002,0.3,2.14,7.32,31.06,23.74,101.01,20.26,83.9,23.43,1
10/10/2002,0.04,2.13,8.53,31.66,23.13,101.01,20.89,79.87,22.98,1
10/11/2002,9.36,1.73,6.7,30.4,23.7,100.84,21.66,82.67,23.44,1
10/12/2002,2.03,1.69,7.61,30.98,23.37,100.76,19.84,83.28,23.57,1
10/13/2002,2.3,1.65,7.48,30.93,23.45,100.81,20.68,83.87,23.5,1
10/14/2002,0.14,2.17,9.23,31.75,22.52,100.83,23.93,79.23,22.47,1
10/15/2002,0.01,1.33,7.85,30.79,22.94,100.87,22.79,82.63,23.31,1
10/16/2002,0.37,0.68,7.12,31.11,23.99,100.88,17.45,82.53,23.94,1
10/17/2002,1.22,1.41,6.96,31.36,24.4,100.79,19.73,84.37,24.49,1
10/18/2002,3.13,1.71,8.55,32.3,23.75,100.71,19.95,83.14,24.36,1
10/19/2002,5.61,2,7.24,31.64,24.4,100.76,20.2,86.3,24.46,1
10/20/2002,0.52,1.16,6.77,30.75,23.98,100.82,20.23,86.29,24.52,1
10/21/2002,6.5,0.95,5.28,30,24.72,100.84,7.61,87.26,24.81,1
10/22/2002,4.54,0.55,6.3,31.1,24.8,100.81,20.6,82.78,24.35,1
10/23/2002,3.24,0.98,4.83,29.61,24.78,100.84,17.6,87.48,24.26,1
10/24/2002,1.73,1.02,6.28,30.47,24.19,100.83,18.22,85.03,23.73,1
10/25/2002,6.3,2.09,3.49,26.99,23.5,100.77,10.49,92.84,23.95,1
10/26/2002,3.81,2.4,7.29,30.62,23.33,100.87,14.01,86.83,24.01,1
10/27/2002,0.38,1.62,8.43,31.85,23.42,100.86,18.28,83.45,23.91,1
10/28/2002,2.1,0.79,7.98,31.44,23.46,100.78,20.3,80.5,23.77,1
10/29/2002,1.76,0.63,6.25,31.3,25.05,100.79,18.37,78.69,23.79,1
10/30/2002,3.41,1.13,5.33,29.72,24.39,100.82,18.96,87.83,24.63,1
10/31/2002,3.83,1.12,5.51,30.01,24.5,100.88,13.06,85.28,24.34,1
11/1/2002,1,1.45,6.6,31.14,24.54,100.92,19.25,85.24,24.47,1
11/2/2002,1.65,1.71,8.66,32.69,24.03,100.97,20.7,80.15,23.86,1
11/3/2002,0.22,2.31,8.26,31.99,23.73,101.01,19,81.61,23.77,1
11/4/2002,0.07,2.39,4.84,28.31,23.47,101.13,19.34,81.16,21.82,1
11/5/2002,0.11,3.31,8.64,31.23,22.59,101,19.14,77.32,21.39,1
11/6/2002,1.85,2.52,8.25,30.18,21.93,100.91,19.84,80.71,22.14,1
11/7/2002,9.29,1.88,4.21,27.49,23.28,100.98,15.12,89.73,23.29,1
11/8/2002,9.65,1.63,7.08,30.42,23.34,100.97,16.16,86.72,24.15,1
11/9/2002,0.9,2.42,7.7,31.04,23.34,100.96,16.27,82.54,23.35,1
11/10/2002,0.53,2.27,8.47,31.95,23.48,100.86,18.15,80.12,23.54,1
11/11/2002,4.09,1.64,4.9,29.3,24.4,100.93,19.23,88.52,24.1,1
11/12/2002,3.22,1.52,8.19,31.7,23.51,100.88,16.94,83.66,24.06,1
11/13/2002,1.03,1.09,7.35,32.42,25.07,100.77,20.28,79.1,23.91,1
11/14/2002,1.91,1.11,6.29,30.97,24.68,100.69,19.92,84.21,24.32,1
11/15/2002,1.8,1.22,7.21,31.63,24.42,100.74,19.71,82.58,24.48,1
11/16/2002,14.65,2.06,6.41,31.37,24.96,100.79,15.03,86.7,25.06,1
11/17/2002,4.8,1.69,6.94,31.74,24.8,100.88,18.37,80.97,24.17,1
11/18/2002,0.4,2.33,8.56,32.53,23.97,100.85,20.1,80.11,23.91,1
11/19/2002,0.72,1.88,8.23,32.75,24.52,100.79,18.83,79.19,24,1
11/20/2002,3.25,1.78,7.12,32.3,25.18,100.79,15.07,82.55,24.4,1
11/21/2002,10.64,1.75,5.58,29.9,24.32,100.89,17.48,85.73,24.07,1
11/22/2002,6.31,1.41,6.79,31.4,24.61,100.9,18.13,81.9,23.9,1
11/23/2002,3.09,1.25,7.6,31.74,24.14,100.93,19.52,78.3,23.12,1
11/24/2002,5.42,1.83,7.93,31.65,23.72,100.96,18.43,80.1,23.48,1
11/25/2002,0.04,1.57,7.93,31.47,23.54,101.01,20.71,78.83,22.36,1
11/26/2002,0,1.39,9.96,31.67,21.71,101.19,20.89,73.73,21.23,0
11/27/2002,0,2.16,10.17,31.87,21.7,101.19,20.96,70.67,20.53,0
11/28/2002,0.37,2.11,10.11,32.3,22.19,101.18,19.5,77.67,22.24,1
11/29/2002,5.27,1.12,6.81,30.89,24.08,101.16,15.7,82.49,23.51,1
11/30/2002,19.68,1.76,6.59,30.39,23.8,101.06,12.97,85.8,23.77,1
12/1/2002,3.87,1.85,7.63,30.98,23.35,101,16.33,84.07,23.26,1
12/2/2002,0.12,1.32,7.73,30.98,23.25,101.02,18.55,82.49,23.46,1
12/3/2002,1.13,0.93,9.41,32.41,23,101.04,18.76,79.1,23.04,1
12/4/2002,5.65,1.4,8.66,31.88,23.22,101.04,19.51,81.98,23.59,1
12/5/2002,0.42,1.76,8.34,32.34,24,101.01,18.04,81.64,23.75,1
12/6/2002,1.78,1.25,9.87,32.91,23.04,101,18.51,80.49,23.58,1
12/7/2002,2.54,1.13,7.56,32.23,24.67,101,17.43,78.85,24.07,1
12/8/2002,1.44,1.2,7.01,31.79,24.78,101.04,16.23,79.7,23.73,1
12/9/2002,0.8,1.92,8.93,32.15,23.22,101.21,18.72,76.32,22.18,1
12/10/2002,0.72,2.1,9.94,32.2,22.26,101.22,17.66,70.77,20.96,1
12/11/2002,0.53,1.71,10.86,32.97,22.11,101.29,19.77,70.62,21.25,1
12/12/2002,0.62,1.68,9.62,33.37,23.75,101.44,20.19,71.92,22.11,1
12/13/2002,0.75,2.07,9.55,32.77,23.22,101.45,18.78,73.21,21.92,1
12/14/2002,0.62,2.02,11.13,33.83,22.7,101.34,19.08,69.63,21.37,1
12/15/2002,2.13,1.49,10.25,33.38,23.13,101.26,18.87,71.96,21.97,1
12/16/2002,0,1.61,10.07,34.07,24,101.16,17.05,72.7,22.23,0
12/17/2002,0.03,1.52,10.34,34.19,23.85,101.03,19.84,72.58,22.54,1
12/18/2002,0.69,1.23,9.99,33.95,23.96,100.88,17.69,73.78,22.92,1
12/19/2002,0.32,1.17,10.11,34.18,24.07,100.77,18.16,73.46,22.96,1
12/20/2002,3.86,1.34,10.68,34.32,23.64,100.67,17.95,76.68,23.43,1
12/21/2002,3.99,1.12,8.89,33.19,24.3,100.73,16.51,76.32,23.49,1
12/22/2002,0.58,1.28,8.81,33.34,24.53,100.77,16.05,75.89,23.43,1
12/23/2002,0.07,1.47,10.07,34.85,24.78,100.83,17.53,69.08,21.99,1
12/24/2002,4.59,1.45,10.21,34.58,24.37,100.88,19.27,71.22,22.62,1
12/25/2002,2.49,1.38,10.7,34.58,23.88,100.87,16.79,69.85,22.19,1
12/26/2002,3.87,1.9,10.29,33.96,23.67,100.84,19.94,72.37,22.55,1
12/27/2002,11.61,2.04,4.34,27.24,22.9,100.88,17.51,88.04,23.14,1
12/28/2002,1.66,2.32,9.11,31.23,22.12,101.01,16.5,74.23,20.38,1
12/29/2002,12.7,2.23,11.39,33.28,21.89,101.09,16.6,73.77,21.18,1
12/30/2002,4.85,1.44,7.25,30.54,23.29,101.13,18.2,78.01,21.98,1
12/31/2002,0.09,1.23,10.75,33.17,22.42,101.01,19.7,73.58,21.91,1
1/1/2003,1.29,1.96,10.07,32.36,22.29,101.14,18.72,75.26,21.63,1
1/2/2003,0,1.58,10.43,33.44,23.01,101.22,20.68,67.2,20.44,0
1/3/2003,0,1.94,11.59,33.2,21.61,101.28,20.53,67.43,19.83,0
1/4/2003,0,2.28,11.72,32.68,20.96,101.28,20.88,66.71,19.51,0
1/5/2003,0,2.27,11.96,33.07,21.11,101.31,20.74,64.64,18.95,0
1/6/2003,0,0.8,12.59,33.62,21.03,101.29,21.03,63.67,19.23,0
1/7/2003,0.01,2.39,11.59,33.7,22.11,101.26,20.59,65.75,19.88,1
1/8/2003,0,2.67,12.09,32.96,20.87,101.28,21.47,61.44,17.18,0
1/9/2003,0,2.56,13.89,32.44,18.55,101.23,20.59,60.54,15.65,0
1/10/2003,0,2.59,12.98,32.12,19.14,101.26,20.41,61.9,16.54,0
1/11/2003,0,2.78,11.75,31.79,20.04,101.32,20.26,61.92,16.83,0
1/12/2003,0,2.7,11.14,30.01,18.87,101.4,19.2,60.99,14.89,0
1/13/2003,0,2.15,13.88,31.29,17.41,101.29,21.25,60.54,14.65,0
1/14/2003,0,2.09,15.47,33.13,17.66,101.27,21.67,63.37,16.63,0
1/15/2003,0,1.59,13.59,34,20.41,101.26,21.18,64.73,18.64,0
1/16/2003,0.14,2.25,13.05,33.52,20.47,101.27,21.52,61.6,17.2,1
1/17/2003,0,2.03,14.39,34.39,20,101.25,21.8,59.39,17.31,0
1/18/2003,0,1.94,13.72,34.31,20.59,101.29,21.38,57.85,17.47,0
1/19/2003,0,2.07,13.36,33.76,20.4,101.22,21.28,57.43,16.61,0
1/20/2003,0,1,12.95,33.55,20.6,101.15,21.73,59.61,17.36,0
1/21/2003,0,0.87,13.7,33.72,20.02,101.07,20.65,59.75,17,0
1/22/2003,0,2.02,13.02,34.02,21,101.01,16.64,68.64,19.66,0
1/23/2003,0,1.87,12.1,34.16,22.06,100.88,16.26,69.06,20.49,0
1/24/2003,0,2.76,13.07,34.55,21.48,100.87,16.64,64.79,19.32,0
1/25/2003,0,2.11,14.08,34.83,20.75,100.95,19.54,62.88,18.5,0
1/26/2003,0,1.11,14.38,34.93,20.55,100.94,19.15,62.48,18.44,0
1/27/2003,0,1.84,13.53,35.28,21.75,101,18.64,63.63,19.18,0
1/28/2003,0,1.86,13.05,34.67,21.62,101.18,18.81,61.24,18.6,0
1/29/2003,0,2.21,13.52,34.96,21.44,101.15,22.07,55.92,17.16,0
1/30/2003,0,1.24,13.1,34.88,21.78,101.24,21.36,54.41,17.22,0
1/31/2003,0,1.19,13.18,36.45,23.27,101.14,21.13,56.51,19.15,0
2/1/2003,0,1.53,12.13,35.98,23.85,101.15,19.47,61.27,20.47,0
2/2/2003,0,1.68,11.95,36.2,24.25,101.13,18.44,58.83,19.96,0
2/3/2003,0,2.46,13.73,36.32,22.59,101.1,21.34,49.78,16.21,0
2/4/2003,0,3.07,13.95,35.37,21.42,101.24,22.21,48.96,15.23,0
2/5/2003,0,3.49,13.1,34.33,21.23,101.31,21.16,45.34,13.43,0
2/6/2003,0,2.79,14.13,33.78,19.65,101.26,23.27,44.09,12.67,0
2/7/2003,0,0.91,14.76,35.11,20.35,100.97,22.9,44.99,13.59,0
2/8/2003,0,1.09,15.7,36.55,20.85,100.86,21.95,50.35,15.71,0
2/9/2003,0,1.79,14.41,36.98,22.57,100.87,18.28,54.96,18.67,0
2/10/2003,0,2.06,12.33,36.96,24.63,100.86,13.23,57.66,20.58,0
2/11/2003,0,2.06,12.41,38.29,25.88,100.85,20.56,53.46,19.82,0
2/12/2003,0.01,2.2,13.13,38.51,25.38,100.86,19.65,48.63,18.06,1
2/13/2003,0.33,2.49,14.02,39.02,25,100.88,21.46,47.45,16.93,1
2/14/2003,0.24,2.54,14.44,38.82,24.38,100.94,21.71,51.86,18.37,1
2/15/2003,0,2,11.63,37.59,25.96,100.97,21.39,52.2,19.5,0
2/16/2003,0.33,2.24,10.51,35.87,25.36,100.97,19.23,55.12,19.93,1
2/17/2003,0.03,2.77,12.02,37.14,25.12,101.02,17.7,53.66,19.11,1
2/18/2003,0.19,2.37,12.93,37.83,24.9,100.99,19.81,53.53,19.43,1
2/19/2003,0,2.14,12.78,37.5,24.72,100.97,16.55,51.9,18.99,0
2/20/2003,0.09,3.11,9.23,34.77,25.54,101.02,18.61,55.5,19.06,1
2/21/2003,0.48,1.95,13.5,37.32,23.82,101.1,20.53,52.94,18.41,1
2/22/2003,1.84,2.23,12.35,37.01,24.66,101.02,19.23,56.2,20,1
2/23/2003,2.27,2.48,12.96,37.43,24.47,100.91,20.05,54.39,19.32,1
2/24/2003,3.97,1.58,12.64,36.9,24.26,100.83,19.28,59.91,20.71,1
2/25/2003,0.19,2.28,11.62,36.57,24.95,100.86,18.41,55.23,19.82,1
2/26/2003,0.03,2.13,12.51,37.4,24.89,100.84,20.77,53.1,19.34,1
2/27/2003,0,2.2,13.98,38.34,24.36,100.88,21.91,51.1,18.55,0
2/28/2003,0.02,2.16,12.76,37.73,24.97,100.87,19.78,52.57,19.38,1
3/1/2003,2.46,2.3,12.41,37.67,25.26,100.74,19.34,53.25,19.82,1
3/2/2003,3.04,2.64,11.08,36.86,25.78,100.76,20.6,60.13,21.08,1
3/3/2003,0,2.42,13.33,38.35,25.02,100.68,22.75,57.71,20.73,0
3/4/2003,0,3.12,14.17,39.21,25.04,100.56,23.1,58.07,21.15,0
3/5/2003,0.06,2.84,13.57,39.15,25.58,100.57,21.52,56.01,21.04,1
3/6/2003,0,2.94,12.97,39.13,26.16,100.68,22.71,52.12,20.27,0
3/7/2003,0.08,3.28,12.65,39.18,26.53,100.71,19.16,52.37,20.41,1
3/8/2003,0.65,2.15,14.09,39.39,25.3,100.84,21.24,51.32,19.62,1
3/9/2003,0.33,1.71,13.32,39.39,26.07,100.95,16.97,46.83,18.48,1
3/10/2003,0.3,2.21,11.53,38.79,27.26,101,20.03,44.86,18.07,1
3/11/2003,0.18,2.56,10.59,37.81,27.22,100.99,18.2,48.53,18.96,1
3/12/2003,0.13,2.29,11.02,36.84,25.82,101.17,22.31,50.96,18.43,1
3/13/2003,0,2.31,13.89,39.63,25.74,101.13,24.41,44.01,17.35,0
3/14/2003,0,2.18,11.78,37.99,26.21,101.12,22.13,43.78,16.92,0
3/15/2003,0.02,1.5,11.03,36.6,25.57,100.98,13.09,47.43,17.75,1
3/16/2003,0.01,2.84,12.71,38.73,26.02,100.97,20.06,46.75,18.49,1
3/17/2003,0.05,2.23,12.55,38.71,26.16,101.05,20,46.94,18.79,1
3/18/2003,0.6,2.76,11.3,38.25,26.95,101.06,19.1,49.99,19.98,1
3/19/2003,0.07,2.82,10,37.61,27.61,100.94,19.54,49.82,20.02,1
3/20/2003,0.14,2.75,10.85,36.98,26.13,100.84,16.77,52.98,20.21,1
3/21/2003,0.6,2.74,7.98,34.06,26.08,100.98,17.71,55.67,19.36,1
3/22/2003,4.86,1.56,10.25,35.83,25.58,101.01,18.83,54.99,19.66,1
3/23/2003,0.01,1.73,10.01,35.62,25.61,101.03,19.37,59.35,20.68,1
3/24/2003,0.19,1.79,9.28,35.81,26.53,100.96,19.77,58.49,21.08,1
3/25/2003,0.54,2.01,8.56,34.12,25.56,100.97,17.03,61.03,20.63,1
3/26/2003,0.03,1.8,7.76,33.74,25.98,101.03,17.69,63.5,21.13,1
3/27/2003,0.25,1.2,11.58,37.43,25.85,100.9,22.86,53.36,20.38,1
3/28/2003,0.29,2.56,12.11,38.55,26.44,100.75,17.4,51.27,20.12,1
3/29/2003,2.04,2.94,11.48,37.6,26.12,100.69,18.18,53.31,20.08,1
3/30/2003,0.05,3.07,11.21,37.4,26.19,100.8,16.69,55.28,20.94,1
3/31/2003,1.78,2.52,11.23,37.84,26.61,100.76,18.89,56.17,21.52,1
4/1/2003,4.56,2.54,8.15,35.13,26.98,100.68,12.45,64.53,22.6,1
4/2/2003,0.9,1.79,9.01,34.98,25.97,100.58,22.81,68.74,23.38,1
4/3/2003,0,2.58,10.9,37.5,26.6,100.54,24.25,61.32,22.46,0
4/4/2003,0,2.12,14.85,40.58,25.73,100.54,25.29,53.38,20.74,0
4/5/2003,0,2.56,14.43,40.74,26.31,100.55,21.07,50.86,20.76,0
4/6/2003,0,2.65,13.13,40.42,27.29,100.8,20.13,46.21,18.65,0
4/7/2003,0.06,2.15,14.44,41.13,26.69,100.84,23.05,43.75,18.52,1
4/8/2003,0,1.56,12.18,40.35,28.17,100.72,21.47,47.88,20.83,0
4/9/2003,0.17,2.65,12.12,41.02,28.9,100.72,19.36,42.83,18.6,1
4/10/2003,0.17,3.38,13.27,40.76,27.49,100.85,21.81,43.16,18.22,1
4/11/2003,0.02,2.73,14.64,41.02,26.38,100.91,24.6,42.72,17.88,1
4/12/2003,1.54,2.53,13.62,40.62,27,100.83,24.4,46.14,19.23,1
4/13/2003,0,2.56,13.06,40.69,27.63,100.68,24.93,45.84,19.44,0
4/14/2003,0.03,2.42,12.69,40.79,28.1,100.67,21.45,46.8,20.29,1
4/15/2003,0.17,3.61,7.64,35.77,28.13,100.88,11.01,47.83,18.73,1
4/16/2003,0.05,2.83,14.21,39.99,25.78,101,24.76,44.62,17.99,1
4/17/2003,0.02,2.54,14.07,39.85,25.78,100.89,24.04,45.28,18.77,1
4/18/2003,0,2.83,12.86,40.41,27.55,100.73,22.3,43.85,18.94,0
4/19/2003,0,3.31,12.11,40.39,28.28,100.53,20.67,46.93,19.91,0
4/20/2003,0.07,2.63,11.72,39.45,27.73,100.59,22.31,48.79,20.26,1
4/21/2003,0.39,3.02,12.77,40.65,27.88,100.67,21.33,43.87,19.35,1
4/22/2003,3.15,2.14,11.27,39.08,27.81,100.78,21.25,48.04,20.35,1
4/23/2003,1.29,1.74,11.08,39.45,28.37,100.72,19.27,47.72,20.31,1
4/24/2003,7.02,2.51,8.17,35.63,27.46,100.75,16.33,64.43,22.89,1
4/25/2003,0,1.19,8.16,35.6,27.44,100.64,22.91,63.5,22.71,0
4/26/2003,0.02,1.89,12.67,39.3,26.63,100.6,22.25,50.66,20.18,1
4/27/2003,0.77,2.05,9.98,38.23,28.25,100.59,20.68,51.97,20.88,1
4/28/2003,6.18,1.25,6.58,34.47,27.89,100.62,15.95,65.06,23.27,1
4/29/2003,3.51,1.75,7.84,34.69,26.85,100.75,16.5,67.39,23,1
4/30/2003,1.29,1.01,8.88,35.7,26.82,100.74,15.75,67.47,23.25,1
5/1/2003,9.17,1.37,4.63,31.07,26.44,100.65,16.63,78.95,24.17,1
5/2/2003,0.43,1.85,11.18,36.97,25.79,100.56,20.63,65.09,22.87,1
5/3/2003,2.5,2.42,5.4,32.02,26.62,100.59,15.54,76.36,24.22,1
5/4/2003,4.23,2.34,8.1,33.86,25.76,100.58,19.98,77.23,24.47,1
5/5/2003,0.99,2.46,12.02,37.33,25.31,100.46,22.56,68.52,23.65,1
5/6/2003,9.26,2.26,7.84,34.38,26.54,100.44,23.78,75.07,24.76,1
5/7/2003,4.86,1.87,8.39,34.58,26.19,100.45,23.12,75.66,24.73,1
5/8/2003,2.08,1.68,7.67,34.12,26.45,100.56,22.44,74.39,24.72,1
5/9/2003,9.01,1.77,6.77,32.55,25.78,100.74,18.61,78.31,24.26,1
5/10/2003,3.23,1.76,8.21,33.83,25.62,100.76,21.15,76.32,23.91,1
5/11/2003,4.48,1.66,9.4,35.12,25.72,100.63,20.27,74.33,24.1,1
5/12/2003,23.25,1.76,6.65,31.93,25.28,100.59,13.98,84.01,24.63,1
5/13/2003,5.8,1.44,6,31.08,25.08,100.62,16.25,83.62,24.51,1
5/14/2003,13.62,1.94,6.2,31.35,25.15,100.64,18.09,81.29,24.33,1
5/15/2003,6.73,1.5,8.01,32.88,24.87,100.6,20.84,78.46,24.05,1
5/16/2003,1.91,2.22,5.32,30.73,25.41,100.65,19.17,83.8,24.58,1
5/17/2003,3.52,2.47,5.46,30.47,25.01,100.72,13.12,84.48,24.33,1
5/18/2003,0.14,2.5,8.8,33.39,24.59,100.73,22.11,76.4,23.73,1
5/19/2003,0.72,2.07,8.8,34.05,25.25,100.88,22.46,74.57,23.29,1
5/20/2003,9.1,1.3,9.86,35,25.14,100.92,15.04,73.77,23.57,1
5/21/2003,6.78,1.62,5.19,30.63,25.44,100.89,20.01,83.58,24.4,1
5/22/2003,3.13,2.09,6.38,30.8,24.42,100.76,16,83.35,24.08,1
5/23/2003,1.63,2.72,7.51,32.57,25.06,100.68,19.61,78.73,23.97,1
5/24/2003,2.2,2.46,7.08,32.01,24.93,100.72,16.49,81.85,24.45,1
5/25/2003,4.62,2.38,6.16,31.07,24.91,100.73,12.7,84.67,24.76,1
5/26/2003,1.99,2.88,8.91,32.75,23.84,100.6,16.81,80.7,24.15,1
5/27/2003,1.8,3.12,5.92,32.05,26.13,100.38,18.57,83.21,25.06,1
5/28/2003,3.52,3.31,7.53,33.05,25.52,100.37,21.32,78.56,23.78,1
5/29/2003,2.72,3.2,6.04,31.46,25.42,100.41,18.48,82.92,24.49,1
5/30/2003,5.7,3.05,6.15,31.24,25.09,100.43,17.22,83.81,24.48,1
5/31/2003,12.01,3.12,6.75,31.74,24.99,100.49,13.64,84.03,24.51,1
6/1/2003,10.98,2.58,3.91,29.28,25.37,100.5,14.02,90,25.16,1
6/2/2003,4.34,2.5,5.91,30.92,25.01,100.54,14.44,86.12,25,1
6/3/2003,3.29,2.5,5.16,30.37,25.21,100.64,18.68,85.64,24.62,1
6/4/2003,7.47,1.47,8.07,32.5,24.43,100.7,18.9,80.53,24.19,1
6/5/2003,0.03,2,7.57,32.38,24.81,100.75,22.49,79.38,24.07,1
6/6/2003,0.07,2.5,10.07,34.36,24.29,100.69,22.56,75.34,23.37,1
6/7/2003,0.12,2.44,11.63,35.49,23.86,100.67,23.19,72.88,23.14,1
6/8/2003,0,2.62,11.45,35.72,24.27,100.65,23.72,72.78,23.52,0
6/9/2003,0.03,2.54,11.91,36.29,24.38,100.58,23.74,70.39,23.35,1
6/10/2003,0.68,2.57,10.72,34.97,24.25,100.52,23.49,73.11,23.46,1
6/11/2003,0.79,2.72,10.5,35.77,25.27,100.58,22.28,72.62,23.84,1
6/12/2003,0.09,2.65,11.77,36.49,24.72,100.62,22.84,72.18,23.75,1
6/13/2003,0.2,2.66,10.07,35.54,25.47,100.68,23.37,71.58,23.75,1
6/14/2003,0.44,2.14,9.05,34.61,25.56,100.66,22.59,72.4,23.69,1
6/15/2003,2.13,1.77,9.32,34.99,25.67,100.46,20.27,73.97,24.12,1
6/16/2003,5.88,2.47,7.97,33.46,25.49,100.41,22.25,77.58,23.99,1
6/17/2003,4.69,2.94,8.55,33.35,24.8,100.53,18.31,80.4,24.24,1
6/18/2003,5.52,2.49,6.27,31.32,25.05,100.68,20.66,83.87,24.53,1
6/19/2003,3.16,2.2,7.25,32.01,24.76,100.66,15.81,82.32,24,1
6/20/2003,1.51,2.26,6.08,30.61,24.53,100.63,17.83,82.73,23.77,1
6/21/2003,5.01,2.56,7.02,31.35,24.33,100.53,16.26,83.46,24.13,1
6/22/2003,10.96,2.55,7.26,31.89,24.63,100.62,16.41,82.5,23.78,1
6/23/2003,3.07,2.42,9.18,33.54,24.36,100.71,22.06,77.76,23.72,1
6/24/2003,5.75,1.73,7.6,31.87,24.27,100.69,22.95,81.83,23.96,1
6/25/2003,13.09,2.29,7.14,32.11,24.97,100.62,19.04,83.92,24.53,1
6/26/2003,3.21,2.29,6.65,31.49,24.84,100.69,18.59,82.72,24.24,1
6/27/2003,2.8,1.98,8.17,32.35,24.18,100.75,21.9,79.44,23.68,1
6/28/2003,3.92,1.49,8.09,32.44,24.35,100.72,23.36,79.6,23.84,1
6/29/2003,3.46,1.77,5.41,30.26,24.85,100.74,18.03,86.12,24.43,1
6/30/2003,8.63,1.37,7.14,31.4,24.26,100.67,16.1,82.87,24.24,1
7/1/2003,5.64,0.99,6.39,30.75,24.36,100.71,19.19,82.98,23.99,1
7/2/2003,1.02,1.46,5.12,29.7,24.58,100.86,18.26,85.58,23.9,1
7/3/2003,0.12,0.91,9.64,33.32,23.68,100.81,21.45,75.95,23.49,1
7/4/2003,7.02,1.77,9.62,34.24,24.62,100.65,21.95,75.51,23.58,1
7/5/2003,2.96,1.97,7.92,32.74,24.82,100.62,16.8,80.95,23.92,1
7/6/2003,10.12,2.28,6.77,31.24,24.47,100.68,16.17,83.14,23.91,1
7/7/2003,2.51,3.41,7.58,32.35,24.77,100.74,18.87,80.83,23.93,1
7/8/2003,4.01,2.68,7.79,32.3,24.51,100.73,18.91,83.2,24.41,1
7/9/2003,1,2.2,5.98,31.07,25.09,100.74,19.16,84.67,24.54,1
7/10/2003,2.37,1.47,8.25,32.45,24.2,100.65,20.21,79.82,23.97,1
7/11/2003,9.99,2.23,7.91,32.51,24.6,100.57,18.52,82.12,24.37,1
7/12/2003,20.92,1.89,5.72,30.4,24.68,100.62,18.52,87.27,24.55,1
7/13/2003,4.44,1.59,9.12,33,23.88,100.66,21.44,78.91,23.59,1
7/14/2003,4.47,1.4,6.23,30.51,24.28,100.74,22.47,84.71,24.21,1
7/15/2003,8.89,0.86,8.21,32.59,24.38,100.74,22.81,78.96,24.13,1
7/16/2003,2.15,1.06,6.42,31.67,25.25,100.75,21.78,81.1,24.53,1
7/17/2003,0.28,1.46,5.43,30.62,25.19,100.74,21.97,83.56,24.68,1
7/18/2003,2.65,1.91,6.82,32.23,25.41,100.56,20.51,82.9,25.09,1
7/19/2003,16.05,2.41,5.24,30.43,25.19,100.43,18.61,88.59,25.24,1
7/20/2003,18.62,2.82,5.09,29.97,24.88,100.47,18.71,90.16,25.33,1
7/21/2003,16.63,2.8,4.75,29.4,24.65,100.42,14.94,90.57,25.04,1
7/22/2003,14.63,3.22,5,29.55,24.55,100.38,10.18,90.93,24.86,1
7/23/2003,27.14,3.17,3.98,28.56,24.58,100.41,6.01,92.34,24.97,1
7/24/2003,12.16,2.95,4.96,29.03,24.07,100.61,9.49,91.45,24.7,1
7/25/2003,9.16,2.37,5.76,29.76,24,100.79,11.22,88.14,24.28,1
7/26/2003,3.54,1.61,6.54,30.57,24.03,100.87,19.54,86.54,24.44,1
7/27/2003,1.26,1.1,5.55,29.4,23.85,100.83,21.99,85.65,24.22,1
7/28/2003,6.33,1.2,5.47,30.25,24.78,100.82,18.21,88.13,24.83,1
7/29/2003,3.13,2.16,6.25,30.3,24.05,100.87,18.35,87.23,24.46,1
7/30/2003,0.8,2.18,7.07,30.43,23.36,100.9,21.23,86.63,24.26,1
7/31/2003,0.55,2,7.73,31.5,23.77,100.77,23.52,84.21,24.39,1
8/1/2003,1.9,2.15,7.33,31.47,24.14,100.62,23.28,85.11,24.85,1
8/2/2003,7.62,2.41,4.64,29.44,24.8,100.46,18.59,91.23,25.26,1
8/3/2003,26.97,2.51,5.07,29.95,24.88,100.38,18.19,90.65,25.23,1
8/4/2003,20.89,3.25,4.66,29.54,24.88,100.45,13.86,90.22,24.81,1
8/5/2003,11.79,3.11,4.68,29.51,24.83,100.47,16.98,90.09,24.83,1
8/6/2003,41.17,2.9,3.94,28.79,24.85,100.46,17.44,91.57,24.97,1
8/7/2003,5.49,2.98,6.21,30.54,24.33,100.54,15.17,89.64,25.1,1
8/8/2003,0.92,2.47,6.03,30.79,24.76,100.58,23.76,88.78,25.28,1
8/9/2003,0.55,2.61,5.33,30.04,24.71,100.51,23.58,90.75,25.47,1
8/10/2003,1.31,2.5,6.04,30.45,24.41,100.54,21.04,90.3,25.43,1
8/11/2003,1.77,2.01,5.57,30.35,24.78,100.65,21.5,89.98,25.35,1
8/12/2003,0.69,1.93,6.34,30.89,24.55,100.67,17.21,87.94,25.05,1
8/13/2003,1.02,2.09,6.36,31.26,24.9,100.64,21.72,87.53,25.29,1
8/14/2003,1.3,1.82,6.92,31.57,24.65,100.57,22.8,87.01,25.51,1
8/15/2003,6.07,1.93,4.98,30.26,25.28,100.47,22.67,90.19,25.7,1
8/16/2003,16.53,2.47,4.91,30.14,25.23,100.49,20.72,90.16,25.65,1
8/17/2003,9.17,2.98,3.97,29.22,25.25,100.64,20.58,90.49,25.15,1
8/18/2003,14.88,2.27,4.29,29.05,24.76,100.68,20.67,90.91,24.88,1
8/19/2003,18.58,2.99,4.83,28.5,23.67,100.51,16.44,91.27,24.41,1
8/20/2003,9.16,3.29,4.44,28.88,24.44,100.52,11.93,88.44,24.07,1
8/21/2003,1.56,3.18,5.66,29.99,24.33,100.69,11.67,87.73,24.26,1
8/22/2003,0.12,2.07,6.66,30.88,24.22,100.82,21.66,86.53,24.61,1
8/23/2003,1.13,2.19,7.27,30.86,23.59,100.76,22.18,86.36,24.41,1
8/24/2003,9.67,2.31,5.54,29.46,23.92,100.57,15.54,89.11,24.22,1
8/25/2003,1.5,3,6.19,29.92,23.73,100.6,18.6,88.66,24.4,1
8/26/2003,0,2.11,7.99,31.28,23.29,100.82,23.11,86.56,24.44,0
8/27/2003,0,1.52,9.18,31.6,22.42,100.85,25.13,84.38,24.32,0
8/28/2003,1.88,1.73,6.71,31.09,24.38,100.75,23.58,85.59,24.75,1
8/29/2003,14.38,1.88,3.61,28.77,25.16,100.79,20.29,91.17,25.02,1
8/30/2003,10.31,2.69,5.96,29.74,23.78,100.76,14.53,87.48,24.22,1
8/31/2003,3.87,2.76,6.85,30.34,23.49,100.75,18.15,86.94,24.17,1
9/1/2003,1.14,1.9,6.27,30.19,23.92,100.68,19.66,87.83,24.44,1
9/2/2003,3.44,2.12,5.81,30.01,24.2,100.66,19.9,88.06,24.34,1
9/3/2003,11.5,2.27,4.81,28.92,24.11,100.61,17.44,90.9,24.62,1
9/4/2003,1.45,2.81,5.3,29.1,23.8,100.75,15.78,89.12,24.19,1
9/5/2003,1.99,2.84,5.3,29.65,24.35,100.82,16.71,88.43,24.42,1
9/6/2003,6.02,2.26,5.88,29.96,24.08,100.77,17.57,89.24,24.77,1
9/7/2003,8.3,2.43,5.22,29.81,24.59,100.6,14.01,89.23,24.64,1
9/8/2003,10.47,2.63,4.35,28.94,24.59,100.43,11.97,91.02,24.9,1
9/9/2003,4.8,2.93,5.19,29.72,24.53,100.5,14.01,89.53,24.88,1
9/10/2003,12.84,2.51,4,28.51,24.51,100.6,16.25,92.04,24.76,1
9/11/2003,9.56,2.06,5.67,29.7,24.03,100.57,17.38,89.93,24.77,1
9/12/2003,10,2.02,4.35,28.63,24.28,100.59,12.84,91.85,24.8,1
9/13/2003,6.78,2.36,5.19,28.57,23.38,100.58,13.62,91.38,24.24,1
9/14/2003,2.48,2.51,5.59,28.99,23.4,100.64,17.64,88.76,23.84,1
9/15/2003,3.08,2.5,7.74,30.68,22.94,100.69,16.78,87.49,24.16,1
9/16/2003,0.18,1.43,7.54,30.63,23.09,100.75,18.66,86.53,24.21,1
9/17/2003,1.49,1.54,5.46,29.94,24.48,100.81,17.6,88.63,24.8,1
9/18/2003,5.85,2.24,5.6,30.03,24.43,100.81,18.65,88.94,24.84,1
9/19/2003,5.03,2.24,5.25,29.27,24.02,100.83,18.36,88.51,24.09,1
9/20/2003,4.46,2.77,6.31,30.36,24.05,100.85,18.56,88.35,24.51,1
9/21/2003,3.24,2.71,5.81,29.95,24.14,100.91,18.33,89.09,24.62,1
9/22/2003,3.78,1.99,6.6,30.1,23.5,100.88,17.01,88.84,24.4,1
9/23/2003,1.6,1.34,6.48,30.33,23.85,100.79,18.62,86.37,24.29,1
9/24/2003,1.14,1.4,6.26,30.75,24.49,100.69,20.72,87.39,24.83,1
9/25/2003,5.98,0.81,5.04,29.49,24.45,100.72,17.25,87.72,24.51,1
9/26/2003,3.9,1.54,3.83,28.49,24.66,100.67,11.83,91.02,24.71,1
9/27/2003,10.82,2.06,4.56,29,24.44,100.62,17.78,91.27,24.84,1
9/28/2003,2.47,1.61,5.87,30.02,24.15,100.56,18.63,89.38,24.8,1
9/29/2003,4.17,1.25,5.33,29.88,24.55,100.58,12.9,89.54,25.11,1
9/30/2003,10.81,1.34,4.68,29.54,24.86,100.63,12.77,90.6,25.07,1
10/1/2003,6.66,0.91,3.95,28.48,24.53,100.63,19.12,88.13,24.4,1
10/2/2003,4.21,1.08,6.58,30.35,23.77,100.6,21.03,85.91,24.39,1
10/3/2003,6.23,1.05,4.9,29.69,24.79,100.73,20.27,89.78,24.77,1
10/4/2003,8.49,1.09,5.5,29.82,24.32,100.74,18.97,88.27,24.75,1
10/5/2003,6.68,1.29,5.53,30.12,24.59,100.77,18.42,89.03,24.71,1
10/6/2003,3.19,1.27,4.63,29.69,25.06,100.81,19.12,87.98,24.87,1
10/7/2003,7.21,1.33,6.84,31.43,24.59,100.85,20.92,86.33,25.12,1
10/8/2003,9.91,1.69,5.82,30.85,25.03,100.87,13.82,89.11,25.3,1
10/9/2003,5.01,1.4,3.86,28.94,25.08,100.84,21.59,91.01,25.08,1
10/10/2003,10.47,1.33,6.24,30.57,24.33,100.74,21.14,87.63,24.95,1
10/11/2003,0.63,1.05,6.64,31.29,24.65,100.72,20.3,85.34,24.8,1
10/12/2003,6.37,1.22,5.6,30.35,24.75,100.67,19.75,87.79,25.04,1
10/13/2003,11,1.04,6.39,30.81,24.42,100.73,18.33,84.51,24.64,1
10/14/2003,13.4,2.05,4.91,29.58,24.67,100.82,18.39,89.31,24.66,1
10/15/2003,13.55,1.93,6.13,29.88,23.75,100.96,18.51,88.37,24.28,1
10/16/2003,7.53,0.88,4.7,28.91,24.21,100.96,16.93,87.6,24.01,1
10/17/2003,13.81,1.83,5.07,29.04,23.97,100.85,16.7,90.64,24.56,1
10/18/2003,6.14,1.96,4.62,28.92,24.3,100.77,13.58,89.57,24.5,1
10/19/2003,3.08,1.62,4.41,28.86,24.45,100.78,13.85,91.13,24.61,1
10/20/2003,4.06,1.71,6.64,30.35,23.71,100.8,14.84,87.33,24.55,1
10/21/2003,11.71,1.64,5.47,29.27,23.8,100.93,13.37,89.65,24.06,1
10/22/2003,15.6,2.35,5.24,29.16,23.92,100.98,10.14,91.29,24.66,1
10/23/2003,6.84,2.41,4.61,28.1,23.49,101.1,9.28,90.41,23.72,1
10/24/2003,5.22,1.42,7.39,29.76,22.37,101.02,16.07,87.38,23.56,1
10/25/2003,11.8,1.39,7.27,30.43,23.16,101,13.58,87.41,23.92,1
10/26/2003,8.57,1.25,6.66,29.98,23.32,101.04,18.53,82.66,22.94,1
10/27/2003,0,1.59,8.66,30.07,21.41,101.17,23.32,81.14,21.84,0
10/28/2003,0.17,2.25,8.89,30.35,21.46,101.09,20.96,84.73,23.05,1
10/29/2003,0.08,2.34,8.7,30.54,21.84,100.97,19.76,83.03,23.15,1
10/30/2003,0.64,2.29,7.85,30.7,22.85,100.87,20.34,81.6,23.19,1
10/31/2003,2.46,1.82,7.83,30.72,22.89,100.84,21.67,80.71,23.07,1
11/1/2003,3.03,1.63,6.37,29.86,23.49,100.89,21.33,78.58,22.23,1
11/2/2003,1.01,0.83,7.48,31.21,23.73,101,22.35,78.28,22.84,1
11/3/2003,0.08,0.94,9.37,31.5,22.13,100.99,22.73,75.95,22.32,1
11/4/2003,1.19,0.92,8.47,31.87,23.4,100.93,20.74,81.51,23.88,1
11/5/2003,0,1.13,8.59,31.2,22.61,100.94,22.79,80.24,23.06,0
11/6/2003,1.53,0.6,8.52,31.5,22.98,100.89,20.48,75.24,22.44,1
11/7/2003,1.66,0.8,8.57,31.39,22.82,100.82,20.83,76,22.59,1
11/8/2003,0.19,1.35,8,31.2,23.2,100.79,21.78,79.31,22.92,1
11/9/2003,1.5,1.52,8.57,31.22,22.65,100.74,21.81,80.98,23,1
11/10/2003,6.01,0.95,8.58,30.9,22.32,100.79,20.97,80.84,23.04,1
11/11/2003,6.3,1.95,7.31,31.22,23.91,100.87,19.63,83.87,24.39,1
11/12/2003,2.2,3.08,7.23,30.57,23.34,100.91,14.47,84.98,23.69,1
11/13/2003,0.71,3.1,4.55,28.3,23.75,100.97,9.37,90.72,23.78,1
11/14/2003,0.09,2.07,7.09,30.51,23.42,100.98,20.62,84.24,24.17,1
11/15/2003,0.05,2.27,6.88,30.17,23.29,100.96,19.57,84.09,23.07,1
11/16/2003,0.09,1.52,8.82,31.04,22.22,100.82,17.55,84.47,23.53,1
11/17/2003,0,1.78,7.89,30.18,22.29,100.81,19.34,78.98,21.51,0
11/18/2003,0,0.81,9.92,31.17,21.25,100.83,18.43,74.93,21.04,0
11/19/2003,0,0.79,9.88,31.49,21.61,100.89,19.56,78.46,22.31,0
11/20/2003,0.11,0.65,9.89,32.82,22.93,100.85,19.15,75.76,22.88,1
11/21/2003,2.23,0.99,8.02,31.66,23.64,100.95,19.11,81.29,24.1,1
11/22/2003,0.22,1.32,6.17,31.11,24.94,101.04,16.05,81.87,23.72,1
11/23/2003,1.15,2.15,9.28,31.87,22.59,101.09,19.66,76.79,22.7,1
11/24/2003,3.72,2.39,7.58,31.22,23.64,101.11,17.17,84.68,24.09,1
11/25/2003,1.24,1.82,7.96,32.19,24.23,101.03,18.57,80.82,24.09,1
11/26/2003,0,1.99,8.8,31.92,23.12,100.99,19.03,76.18,22.58,0
11/27/2003,0,2.62,8.87,32.01,23.14,100.88,21.23,71.46,21.36,0
11/28/2003,0,2.73,10.33,30.74,20.41,101,21.08,67.4,18.26,0
11/29/2003,0.03,2.39,11.46,31.28,19.82,101.06,20.71,70.69,19.87,1
11/30/2003,0,2.17,9.75,30.36,20.61,101.08,20.21,68.11,18.78,0
12/1/2003,0,1.83,11.22,31.11,19.89,101.08,21.11,69.54,19.1,0
12/2/2003,0,1.87,11.72,31.27,19.55,101.08,20.32,69.7,18.67,0
12/3/2003,0,1.63,11.62,30.72,19.1,101,21.06,71.59,18.67,0
12/4/2003,0,1.97,11.07,31.48,20.41,100.97,20.85,73.3,19.74,0
12/5/2003,0,1.17,10.05,31.67,21.62,100.99,17.57,72.14,20.52,0
12/6/2003,0,1.86,11.78,32.45,20.67,100.96,20.56,67.02,19.02,0
12/7/2003,0,2.17,12.9,32.47,19.57,101,21.35,67.67,18.19,0
12/8/2003,0.08,1.71,12.1,33.46,21.36,100.96,20.32,68.31,20.4,1
12/9/2003,3.17,1.8,7.73,30.69,22.96,101.02,13.82,78.59,21.95,1
12/10/2003,0.56,2.05,10.62,33.27,22.65,100.99,17.78,75.1,22.26,1
12/11/2003,0.23,2.01,10.32,33.8,23.48,100.94,18.93,70.51,21.84,1
12/12/2003,0.02,3.11,9.89,33.35,23.46,101.04,17.41,65.2,20.25,1
12/13/2003,0.03,3.07,10.84,33.59,22.75,101.09,20.47,61.2,18.86,1
12/14/2003,0,3.1,11.37,32.97,21.6,101.09,16.87,61.3,18.06,0
12/15/2003,0,2.83,11.86,32.22,20.36,101.08,20.84,61.23,16.8,0
12/16/2003,0.01,2.47,11.99,32.2,20.21,101.02,17.96,64.71,18.08,1
12/17/2003,0.02,1.55,9.81,31.91,22.1,101.07,15.23,66.2,18.98,1
12/18/2003,0.02,1.82,10.85,32.71,21.86,101.15,12.76,67.86,19.88,1
12/19/2003,0,3.19,7.17,30.34,23.17,101.31,13.12,64.18,18.38,0
12/20/2003,0,3.94,9.29,28.64,19.35,101.44,18.9,53.78,13.68,0
12/21/2003,0,2.84,12.92,31.21,18.29,101.43,20.1,57.13,14.97,0
12/22/2003,0,2.95,11.38,32.16,20.78,101.32,20.78,60.55,16.85,0
12/23/2003,0,2.19,12.98,33.33,20.35,101.19,21.2,58.04,16.97,0
12/24/2003,0,0.82,12.77,33.32,20.55,101.12,20.4,61.86,18.17,0
12/25/2003,0,0.81,12.38,33.78,21.4,101.07,20.7,61.51,18.67,0
12/26/2003,0.02,1.66,12.3,33.41,21.11,101.1,19.35,63.89,18.68,1
12/27/2003,0,2.96,12.28,32.82,20.54,101.29,19.57,54.8,15.99,0
12/28/2003,0,2.28,13.21,33.29,20.08,101.39,19.92,58.93,17.2,0
12/29/2003,0,1.38,11.36,33.12,21.76,101.4,13.71,61.61,18.64,0
12/30/2003,0,2.04,13.05,35.22,22.17,101.29,20.99,57.79,18.48,0
12/31/2003,0,1.45,12.34,34.94,22.6,101.15,20.06,61.17,19.36,0
1/1/2004,0,1.46,12.65,35.2,22.55,101.08,21.16,59.07,18.73,0
1/2/2004,0.02,1.03,12.18,34.94,22.76,101.08,19.28,63.51,20.12,1
1/3/2004,0,1.23,12.17,35.48,23.31,101.09,21.15,64.73,20.88,0
1/4/2004,0,1.51,12.11,35.68,23.57,101.12,21.09,63.03,20.42,0
1/5/2004,0.01,1,11.5,35.18,23.68,101.18,19.3,61.96,20.2,1
1/6/2004,0.69,1.4,12.27,36.02,23.75,101.09,20.76,58.74,19.81,1
1/7/2004,1.06,1.76,12.18,35.29,23.11,101.19,20.58,63.53,19.05,1
1/8/2004,0.04,1.55,13.62,35.31,21.69,101.25,20.01,62.38,19.12,1
1/9/2004,0.57,1.63,11.11,35.66,24.55,101.19,14.94,62.28,20.54,1
1/10/2004,2.76,1.71,11.51,35.75,24.24,101.16,17.71,63.59,20.53,1
1/11/2004,7.14,1,7.49,31.64,24.15,101.19,18.76,74.39,21.87,1
1/12/2004,0.23,1.48,10.67,33.97,23.3,101.17,16.44,69.13,20.98,1
1/13/2004,0.13,1.41,8.94,32.3,23.36,101.08,14.81,61.37,19.08,1
1/14/2004,0.52,1.03,10.76,33.45,22.69,101.03,18.69,65.22,20.05,1
1/15/2004,0,1.04,11.56,34.86,23.3,101.02,17.99,62.81,20.03,0
1/16/2004,0.02,1.47,12.5,35.36,22.86,101.05,17.46,62,19.95,1
1/17/2004,0.29,1.66,11.78,34.73,22.95,100.98,18.61,62.52,19.97,1
1/18/2004,0.07,1.1,12.96,35.92,22.96,100.95,18.13,61.48,20,1
1/19/2004,0.29,1.33,12.68,36.2,23.52,100.97,15.81,57.78,19.42,1
1/20/2004,2.61,1.32,10.67,34.38,23.71,100.98,14.23,64.1,20.68,1
1/21/2004,0.4,1.35,12.1,35.34,23.24,100.98,19.89,58.63,19.12,1
1/22/2004,0,2.25,11.31,34.69,23.38,101,19.09,49.85,15.92,0
1/23/2004,0,2.28,13.95,35.37,21.42,101.07,19.98,47.08,14.65,0
1/24/2004,0,3.76,13.02,34.6,21.58,101.09,21.87,44.86,13.92,0
1/25/2004,0,2.72,13.38,33.63,20.25,101.14,19.75,45.39,13.04,0
1/26/2004,0,2.32,14.75,34.8,20.05,101,20.62,45.06,13.08,0
1/27/2004,0,1.32,15.2,36.02,20.82,100.86,20.13,45.38,14.81,0
1/28/2004,0.24,1.06,12.68,36.45,23.77,100.75,16.11,50.9,17.9,1
1/29/2004,2.04,1.35,11.36,35.63,24.27,100.78,16.35,61.19,20.6,1
1/30/2004,0.15,1.52,11.33,36.26,24.93,100.8,17.66,57.31,20.44,1
1/31/2004,0.01,2.48,13.38,37.62,24.24,100.79,20.58,55.51,19.54,1
2/1/2004,0.31,1.69,13.44,37.05,23.61,100.75,19.32,53.96,18.66,1
2/2/2004,0.03,2.09,13.65,37.95,24.3,100.73,20.88,54.54,19.47,1
2/3/2004,4.64,2.35,12.13,37.38,25.25,100.73,18.47,61.75,21.61,1
2/4/2004,0.48,2.87,12.59,37.48,24.89,100.78,17.89,56.76,19.62,1
2/5/2004,0.49,3,14.64,37.52,22.88,100.95,17.58,55.98,18.47,1
2/6/2004,0,1.34,12.99,36.3,23.31,101.17,18.48,57.64,19.13,0
2/7/2004,0,1.4,13.33,37.43,24.1,101.24,19.87,49.67,17.76,0
2/8/2004,0.17,2.17,11.45,35.83,24.38,101.23,16.34,56.64,19.43,1
2/9/2004,0.25,3.12,11.57,34.73,23.16,101.23,19.02,51.21,16.73,1
2/10/2004,0.02,2.68,12.4,35.24,22.84,101.3,21.89,47.44,15.46,1
2/11/2004,0.13,1.36,12.98,36.15,23.17,101.24,23.46,48.47,16.25,1
2/12/2004,0,2.49,13.69,36.58,22.89,101.18,22.68,45.56,14.66,0
2/13/2004,0,3.59,13.33,34.95,21.62,101.23,23.12,39.06,11.71,0
2/14/2004,0,2.73,14.37,34.33,19.96,101.04,21.7,40.39,11.27,0
2/15/2004,0.12,1.21,14.26,34.6,20.34,101.02,20.04,46.07,13.36,1
2/16/2004,0,1.33,14.35,35.81,21.46,101.03,18.88,45.49,14.28,0
2/17/2004,0,1.54,13.64,35.63,21.99,100.92,16.58,49.94,16.5,0
2/18/2004,0.01,2.38,12.55,35.85,23.3,100.84,17.03,52.04,17.52,1
2/19/2004,0.09,1.63,11.11,35.08,23.97,100.93,16.63,52.13,18.02,1
2/20/2004,0.29,2.17,12.32,36.06,23.74,101.01,17.42,54.9,18.86,1
2/21/2004,0.31,1.58,13.69,36.65,22.96,100.98,19.79,50.9,17.54,1
2/22/2004,0.1,2.25,13.58,37.33,23.75,100.88,20.05,48.07,17.21,1
2/23/2004,0,2.45,13.05,37.26,24.21,100.93,21.08,48.35,17.22,0
2/24/2004,0,1.98,14.03,37.56,23.53,100.97,20.53,49.01,17.52,0
2/25/2004,0,2.33,13.16,37.95,24.79,100.93,18.63,47.88,17.95,0
2/26/2004,0.41,2.4,13.02,38.17,25.15,100.9,18.37,48.99,18.35,1
2/27/2004,8.15,2.07,13.32,37.65,24.33,100.88,18.11,52.55,18.86,1
2/28/2004,5.8,2.36,12.42,35.94,23.52,100.9,21.23,66.01,21.21,1
2/29/2004,0,2.4,13.53,36.8,23.27,100.84,20.08,62.62,20.99,0
3/1/2004,0,2.14,12.51,37.13,24.62,100.71,20.02,60.47,21.2,0
3/2/2004,0,1.8,13.45,38.55,25.1,100.52,21.01,58.18,21.49,0
3/3/2004,0.03,2.8,12.14,38.76,26.62,100.59,20.38,56.55,21.7,1
3/4/2004,3.44,2.64,6.77,32.58,25.81,100.87,15.72,62.84,20.42,1
3/5/2004,0,1.61,12.06,37.22,25.16,100.83,16.89,52.93,19.14,0
3/6/2004,0,2.69,13.15,37.56,24.41,100.93,17.96,53.08,18.81,0
3/7/2004,0,4.06,13.37,37.67,24.3,101.12,22,41.89,15.04,0
3/8/2004,0,5.14,13.72,37.35,23.63,101.23,23.45,42.31,15.16,0
3/9/2004,0,3.16,12.09,35.61,23.52,101.12,24.1,44.79,15.75,0
3/10/2004,0,1.67,13.5,38.2,24.7,100.83,23.63,45.45,17.28,0
3/11/2004,0,2.63,13.16,38.32,25.16,100.83,22.27,50.38,19.14,0
3/12/2004,0,2.45,12.48,38.47,25.99,100.9,20.84,51.77,20.09,0
3/13/2004,0.03,3.13,13.17,39.77,26.6,100.9,20.9,49.36,19.92,1
3/14/2004,0.49,3.16,13.79,39.69,25.9,100.91,22.79,48.5,18.97,1
3/15/2004,0,2.36,14.58,38.27,23.69,100.94,22.85,45.96,15.81,0
3/16/2004,0,2.6,15.48,38.84,23.36,100.84,23.11,46.69,16.68,0
3/17/2004,0,2.38,14.44,39.39,24.95,100.82,23.54,46.47,17.37,0
3/18/2004,0.09,2.76,15.94,40.23,24.29,100.74,21.62,46.98,18.21,1
3/19/2004,2.9,2.38,11.84,38.06,26.22,100.67,18,52.3,20.25,1
3/20/2004,0.57,2.03,10.37,36.08,25.71,100.63,17.52,54.44,19.58,1
3/21/2004,0.03,1.75,11.66,38.02,26.36,100.65,15.07,52.18,20.39,1
3/22/2004,0.02,2.3,10.55,37.97,27.42,100.69,15.91,53.1,20.97,1
3/23/2004,0.01,3.23,12.19,39.29,27.1,100.68,17.07,51.11,20.47,1
3/24/2004,0.1,3.42,12.52,39.84,27.32,100.6,19.63,51.21,20.64,1
3/25/2004,0.02,3.35,14.04,41,26.96,100.54,21.27,51.28,20.72,1
3/26/2004,0,2.99,14.38,41.46,27.08,100.63,23.45,49.6,20.5,0
3/27/2004,0.02,3.26,11.9,39.92,28.02,100.89,19.5,50.74,21.17,1
3/28/2004,0.27,2.95,13.02,40.73,27.71,100.87,21.87,44.55,18.72,1
3/29/2004,0,2.59,11.56,38.52,26.96,100.91,21.34,47.5,19.15,0
3/30/2004,0.01,2.78,10.97,38.3,27.33,100.95,22.62,46.87,19.17,1
3/31/2004,0.04,3.33,14,40.6,26.6,100.93,23.41,41.66,16.55,1
4/1/2004,0.19,1.62,13.17,38.87,25.7,100.97,22.98,46.08,18.3,1
4/2/2004,0.15,2.59,10.4,38.22,27.82,100.92,20.01,47.39,19.88,1
4/3/2004,0.17,3.05,11.6,38.24,26.64,101.06,21.26,50.18,19.06,1
4/4/2004,2.48,1.45,11.31,38.13,26.82,101.04,14.67,49.74,19.72,1
4/5/2004,0.26,2.6,7.09,34.13,27.04,100.96,16.59,54.94,20.34,1
4/6/2004,0.78,1.98,9.86,36.31,26.45,100.8,18.07,52.17,19.69,1
4/7/2004,0,2.54,11.92,38.87,26.95,100.82,18.01,50.2,20.18,0
4/8/2004,0.11,2.58,11.89,39.77,27.88,100.78,21.95,48.83,20.4,1
4/9/2004,2.73,2.2,9.06,37.05,27.99,100.85,18.38,53.23,20.67,1
4/10/2004,1.29,2.32,10.27,37.16,26.89,100.86,22.15,54.26,21.17,1
4/11/2004,0.09,2.35,11.65,38.85,27.2,100.84,18.08,50.45,20.46,1
4/12/2004,0.06,1.8,11.75,39.56,27.81,100.67,21.45,50.07,21.15,1
4/13/2004,0.03,3.16,10.49,38.94,28.45,100.57,19.88,53.36,21.92,1
4/14/2004,0.74,2.89,11.41,39.04,27.63,100.6,21.8,52,21.42,1
4/15/2004,0,2.58,12.15,39.9,27.75,100.62,16.57,51.02,21.49,0
4/16/2004,0.02,2.72,12.15,40.56,28.41,100.66,21.33,49.71,21.12,1
4/17/2004,3.83,2.73,11.17,39.4,28.23,100.58,24.22,51.44,21.4,1
4/18/2004,0.17,3.07,11.92,39.68,27.76,100.54,23.97,52.53,21.62,1
4/19/2004,0.15,2.57,12.3,40.29,27.99,100.73,20.91,50.75,21.14,1
4/20/2004,1.15,2.06,9.57,38.25,28.68,100.88,16.82,49.64,20.87,1
4/21/2004,0.36,2,12.33,39.95,27.62,100.74,23.61,48.23,20.09,1
4/22/2004,7.76,2.54,11.86,39.25,27.39,100.6,23.27,54.69,21.5,1
4/23/2004,4.49,1.62,7.54,34.57,27.03,100.64,16.49,68.33,23.69,1
4/24/2004,0.69,2.2,6.04,32.89,26.85,100.74,20.47,68.85,22.93,1
4/25/2004,0.01,1.76,7.95,34.59,26.64,100.72,19.63,65.86,22.52,1
4/26/2004,0.43,1.45,11.3,37.47,26.17,100.67,22.01,59.01,22.05,1
4/27/2004,0.42,2.04,8.09,35.34,27.25,100.59,20.92,61.88,22.9,1
4/28/2004,0.27,2.59,14.35,40.41,26.06,100.6,22.05,51.91,20.51,1
4/29/2004,0.2,2.37,10.65,38.22,27.57,100.54,22.74,56,21.74,1
4/30/2004,0.74,1.9,11.94,38.34,26.4,100.45,18.12,54.93,21.27,1
5/1/2004,4.75,1.63,11.24,38.4,27.16,100.45,19.42,61.11,22.89,1
5/2/2004,0.29,1.83,8.29,35.22,26.93,100.54,22.89,65.14,22.83,1
5/3/2004,8.05,1.69,8.49,36.03,27.54,100.51,19.57,66.06,23.8,1
5/4/2004,0.39,1.62,9.76,36.73,26.97,100.54,20.98,66.07,23.76,1
5/5/2004,0.41,1.83,7.85,34.58,26.73,100.58,17.82,69.37,23.79,1
5/6/2004,1.41,1.99,10.56,37.52,26.96,100.68,22.1,63.43,23.11,1
5/7/2004,6.64,1.54,8.26,35.35,27.09,100.71,18.68,70.06,24.07,1
5/8/2004,1.17,2.06,7.71,34.18,26.47,100.72,17.92,70.32,23.23,1
5/9/2004,5.1,1.73,11.48,36.57,25.09,100.62,18.05,68.86,23.57,1
5/10/2004,2.75,1.84,6.33,33.31,26.98,100.65,16.11,74.58,24.4,1
5/11/2004,5.25,2.22,9.62,35.13,25.51,100.64,18.03,77.9,24.33,1
5/12/2004,1.2,2.27,5.63,31.97,26.34,100.53,21.31,80.29,24.68,1
5/13/2004,10.01,2.87,9.47,35.09,25.62,100.43,22.16,77.66,24.5,1
5/14/2004,4.52,0.9,7.52,32.85,25.33,100.61,23.34,77.57,24.15,1
5/15/2004,2.95,2.08,8.35,33.92,25.57,100.59,21.99,77.12,24.43,1
5/16/2004,7.61,2.18,4.87,30.49,25.62,100.57,19.47,80.33,23.95,1
5/17/2004,30.34,2.51,4.77,29.52,24.75,100.63,17.65,87.65,24.47,1
5/18/2004,1.11,1.84,8.17,32.53,24.36,100.64,23.66,81.04,24,1
5/19/2004,0.09,2.83,11.36,36.89,25.53,100.5,25.16,69.2,23.11,1
5/20/2004,2.56,3.38,12.92,37.27,24.35,100.61,25.05,67.58,22.53,1
5/21/2004,5.89,2.88,7.93,33.67,25.74,100.62,18.04,75.98,24.2,1
5/22/2004,0.91,3.37,6.6,32.46,25.86,100.66,18.13,74.88,23.17,1
5/23/2004,3.19,2.59,7.38,32.43,25.05,100.68,22.05,77.34,23.38,1
5/24/2004,14.97,2.91,9.55,33.81,24.26,100.7,21,76.91,23.19,1
5/25/2004,25.96,2.62,5.77,30.19,24.42,100.75,19.28,86.82,24.44,1
5/26/2004,5.68,2.72,7.22,31.99,24.77,100.86,21.87,82.14,24.14,1
5/27/2004,0.47,2.19,10.3,34.37,24.07,100.9,24.6,76.05,23.79,1
5/28/2004,4.23,1.76,10.44,34.62,24.18,100.82,25.21,75.01,23.77,1
5/29/2004,0.01,1.39,10.65,35.43,24.78,100.7,24.44,71.26,23.54,1
5/30/2004,0.13,1.48,9.08,34.42,25.34,100.68,19.74,73.18,23.93,1
5/31/2004,2.12,1.58,5.35,31.36,26.01,100.82,15.81,79.76,24.26,1
6/1/2004,4.01,1.45,8.84,33.03,24.19,100.89,22.66,75.33,23.3,1
6/2/2004,0.21,1.47,7.46,32.64,25.18,100.82,19.58,77.08,23.22,1
6/3/2004,2.29,1.24,5.31,30.65,25.34,100.67,20.6,83.38,24.33,1
6/4/2004,7.02,1.45,4.97,29.98,25.01,100.64,18.55,84.35,24.16,1
6/5/2004,5.84,1.18,7.17,31.81,24.64,100.55,22.09,81.39,24.32,1
6/6/2004,0.71,1.27,5.9,30.98,25.08,100.56,17.96,80.47,24.12,1
6/7/2004,12.38,1.94,7.1,32.18,25.08,100.62,18.29,80.86,24.37,1
6/8/2004,32.5,2.45,4.88,30.1,25.22,100.65,13.74,89.43,25.18,1
6/9/2004,14.06,1.79,6.44,30.93,24.49,100.65,17.35,84.61,24.29,1
6/10/2004,6.43,2.16,6.38,30.91,24.53,100.63,18.53,88.2,24.8,1
6/11/2004,1.84,1.14,6.04,29.92,23.88,100.69,14.1,84.51,23.82,1
6/12/2004,12.51,1.81,5.62,30.22,24.6,100.62,14.83,86.25,24.44,1
6/13/2004,19.15,3.3,3.82,28.62,24.8,100.53,10.26,92.16,25.03,1
6/14/2004,6.97,3.18,4.32,28.98,24.66,100.62,12.21,91.69,24.95,1
6/15/2004,14.53,2.86,3.51,28.31,24.8,100.78,11.79,93.78,25.11,1
6/16/2004,4.27,2.8,4.4,29.16,24.76,100.83,13.79,91.39,24.95,1
6/17/2004,6.19,2.14,5.14,29.24,24.1,100.91,19.83,88.46,24.14,1
6/18/2004,3.89,2.36,8.81,31.94,23.13,100.9,23.58,83.88,23.91,1
6/19/2004,3.78,2.85,7.42,30.79,23.37,100.8,16.52,85,23.77,1
6/20/2004,2.58,2.67,4.71,29.05,24.34,100.9,11.2,88.67,24.13,1
6/21/2004,0.58,2.39,4.74,28.82,24.08,100.92,17.65,87.24,23.91,1
6/22/2004,0.24,2.9,6.45,31.12,24.67,100.81,21.89,86.23,24.79,1
6/23/2004,0.34,3.36,5.97,30.31,24.34,100.63,20.2,85.42,24.11,1
6/24/2004,0.51,3.35,6.92,30.31,23.39,100.66,19.51,81.45,22.72,1
6/25/2004,0.03,2.71,9.04,32.25,23.21,100.58,19.59,82.84,24.07,1
6/26/2004,1.9,3.19,7.58,31.55,23.97,100.53,15.82,83.3,24.09,1
6/27/2004,0.47,2.55,6.53,30.84,24.31,100.59,18.71,84.94,24.35,1
6/28/2004,1.25,2.29,6.2,30.86,24.66,100.63,17.48,86.21,24.79,1
6/29/2004,0.14,2.19,7.51,31.99,24.48,100.51,20.93,83.07,24.5,1
6/30/2004,2.75,2.94,7.03,31.78,24.75,100.34,19.75,85.62,25.12,1
7/1/2004,3.5,2.45,3.96,29.45,25.49,100.38,19.7,89.8,25.31,1
7/2/2004,5.37,2.39,6.36,31.32,24.96,100.48,15.17,86.89,25.32,1
7/3/2004,1.08,1.99,5.71,30.24,24.53,100.57,15.99,87.22,24.75,1
7/4/2004,4.38,1.79,7.15,31.79,24.64,100.6,22.17,84.26,24.75,1
7/5/2004,9.95,2.48,7.73,32.48,24.75,100.64,23.48,83.32,24.9,1
7/6/2004,0.73,2.05,7.26,31.84,24.58,100.71,24.33,83.75,24.71,1
7/7/2004,3.62,1.42,7.23,31.58,24.35,100.77,19.92,83.62,24.53,1
7/8/2004,4.62,1.53,2.6,27.41,24.81,100.85,16.94,91.26,24.56,1
7/9/2004,11.11,1.53,6.9,30.64,23.74,100.87,18.68,84.24,23.84,1
7/10/2004,2.18,2.01,9.43,32.52,23.09,100.82,18.95,77.09,22.75,1
7/11/2004,6.39,1.56,9.32,32.58,23.26,100.72,19.2,76.85,22.95,1
7/12/2004,5.15,0.79,7.96,32.07,24.11,100.73,14.75,76.6,23.3,1
7/13/2004,12.02,0.76,6.66,31.56,24.9,100.74,17.69,78.87,24.06,1
7/14/2004,4.48,0.78,5.05,30.33,25.28,100.65,19.91,81.5,24.25,1
7/15/2004,2.83,1.08,5.01,29.82,24.81,100.68,21.96,84.46,24.35,1
7/16/2004,1.12,0.98,6.17,31,24.83,100.71,22.27,81.74,24.23,1
7/17/2004,1.71,1.37,5.79,30.85,25.06,100.69,21.88,84,24.38,1
7/18/2004,1.14,2.53,7.21,31.44,24.23,100.65,21.73,82.38,23.84,1
7/19/2004,3.53,2.76,7.32,31.61,24.29,100.54,20.78,84.37,24.21,1
7/20/2004,14.62,2.83,5.5,30.16,24.66,100.5,18.9,88.27,24.56,1
7/21/2004,11.66,2.35,6.43,30.33,23.9,100.49,16.21,87.64,24.52,1
7/22/2004,3.8,3.05,4.26,28.79,24.53,100.6,17.71,89.22,24.29,1
7/23/2004,5.62,2.34,7.67,31.28,23.61,100.69,16.34,85.36,24.16,1
7/24/2004,3.75,2.26,6.61,30.53,23.92,100.65,19.64,85.48,24.18,1
7/25/2004,9.21,2.37,5.45,29.76,24.31,100.54,16.26,88.1,24.38,1
7/26/2004,18.03,2.38,4.81,28.77,23.96,100.5,11.32,91.14,24.44,1
7/27/2004,7.73,2.47,6.39,29.89,23.5,100.54,14.6,87.8,24.18,1
7/28/2004,12.48,2.81,4.76,29.01,24.25,100.63,18.93,89.33,24.44,1
7/29/2004,14.6,2.31,5.01,28.68,23.67,100.68,17.34,91.29,24.42,1
7/30/2004,67.13,2.09,5.67,29.14,23.47,100.64,17.36,90.79,24.59,1
7/31/2004,64.31,1.84,5.28,28.97,23.69,100.56,16.12,91.31,24.53,1
8/1/2004,26.88,2.67,4.42,28.27,23.85,100.55,19.63,92.35,24.46,1
8/2/2004,11.44,2.96,5.69,28.84,23.15,100.6,18.38,90.35,23.88,1
8/3/2004,6.75,2.74,5.81,28.69,22.88,100.67,17.82,90.99,24.03,1
8/4/2004,0.08,1.98,5.61,29.14,23.53,100.67,18.41,88.7,24.13,1
8/5/2004,0.55,2.21,7.34,30.46,23.12,100.66,20.93,88.27,24.52,1
8/6/2004,2.38,2.65,5.17,28.58,23.41,100.69,17.09,89.97,23.98,1
8/7/2004,7.86,2.74,6.13,29.62,23.49,100.71,13.36,89.6,24.31,1
8/8/2004,11.18,2.87,3.41,27.44,24.03,100.79,12.5,91.92,24.12,1
8/9/2004,4.95,2.92,5.87,29.58,23.71,100.8,14.4,89.21,24.23,1
8/10/2004,8.37,2.41,5.04,29.34,24.3,100.69,17.14,91.09,24.57,1
8/11/2004,6.38,3.2,5.73,29.54,23.81,100.65,12.25,90.85,24.39,1
8/12/2004,2.34,2.55,4.19,27.8,23.61,100.79,11.7,91.81,23.83,1
8/13/2004,0.71,2.88,6.32,30.15,23.83,100.7,19.65,89.56,24.61,1
8/14/2004,0.18,2.42,5.28,30.02,24.74,100.67,19.19,88.62,24.75,1
8/15/2004,0.28,2.71,6.77,31.07,24.3,100.55,23.35,85.87,24.45,1
8/16/2004,1.9,2.24,7.34,31.21,23.87,100.51,20.78,85.95,24.59,1
8/17/2004,8.2,2.49,5.02,29.42,24.4,100.66,13.09,89.25,24.68,1
8/18/2004,22.49,2.46,4.4,28.58,24.18,100.68,17.15,92.02,24.72,1
8/19/2004,34.58,2.5,3.83,28.01,24.18,100.58,11.9,93.01,24.71,1
8/20/2004,7.28,2.65,5.44,28.98,23.54,100.53,15.43,90.66,24.42,1
8/21/2004,6.88,3.11,5.38,29.79,24.41,100.56,19.14,90.9,24.85,1
8/22/2004,4.03,2.25,5.33,29.8,24.47,100.72,17.57,90.74,25.1,1
8/23/2004,3.38,2.36,5.68,30.32,24.64,100.7,17.73,90.78,25.54,1
8/24/2004,0.84,2.6,6.24,30.76,24.52,100.65,22.34,89.54,25.59,1
8/25/2004,1.26,2.63,5.45,30.43,24.98,100.59,20.86,90.81,25.69,1
8/26/2004,0.85,2.81,4.22,29.42,25.2,100.52,19.83,91.41,25.41,1
8/27/2004,1.4,2.7,6.03,30.31,24.28,100.49,18.32,89.44,25.15,1
8/28/2004,2.61,2.99,4.79,29.77,24.98,100.55,17.86,90.79,25.36,1
8/29/2004,2.48,3.15,4.29,29.26,24.97,100.63,16.53,91.75,25.2,1
8/30/2004,1.73,2.73,3.86,28.72,24.86,100.66,16,93.17,25.22,1
8/31/2004,1.1,2.56,6.26,30.77,24.51,100.6,19.13,89.7,25.27,1
9/1/2004,1.13,2.84,6.28,30.4,24.12,100.56,19.17,89.85,25.12,1
9/2/2004,7.6,1.86,4.43,29,24.57,100.77,14.33,90.84,24.74,1
9/3/2004,0.52,1.55,7.46,31.15,23.69,100.88,18.41,86.22,24.35,1
9/4/2004,0.29,1.51,6.83,30.9,24.07,100.8,14.73,85.06,24.29,1
9/5/2004,0.31,1.61,7.3,31.12,23.82,100.76,20.73,83.64,24.24,1
9/6/2004,1.51,2.05,5.61,29.97,24.36,100.77,17.71,87.67,24.67,1
9/7/2004,6.4,2.62,4.78,28.75,23.97,100.84,15.67,89.77,24.11,1
9/8/2004,0.24,2.44,6.47,29.81,23.34,100.81,20.31,88.55,24.04,1
9/9/2004,0.09,2.72,6.48,30.18,23.7,100.82,19.65,87.68,23.99,1
9/10/2004,0.66,1.17,8.57,31.34,22.77,100.87,20.02,80.47,23.42,1
9/11/2004,0.41,0.73,7.01,31.37,24.36,100.83,19.01,82.7,24.35,1
9/12/2004,0.81,1,5.14,30.14,25,100.88,12.77,85.7,24.16,1
9/13/2004,5.77,2.14,5.57,29.43,23.86,100.96,16.3,88.34,24.09,1
9/14/2004,12.45,2.22,3.76,27.62,23.86,100.86,15.26,93.38,24.49,1
9/15/2004,8.24,1.76,5.67,29.65,23.98,100.74,12.12,89.2,24.36,1
9/16/2004,9.17,0.97,6.96,30.23,23.27,100.8,16.74,84.79,23.83,1
9/17/2004,13.35,1.58,4.84,29.19,24.35,100.87,19.34,90.28,24.64,1
9/18/2004,8.62,1.08,6.92,30.89,23.97,100.77,21.04,84.36,24.29,1
9/19/2004,8.77,1.75,5.63,29.87,24.24,100.75,14.49,90.09,24.78,1
9/20/2004,3.56,1.54,5.19,29.35,24.16,100.94,16.59,90.33,24.49,1
9/21/2004,0.23,0.98,8.18,31.55,23.37,100.99,20.73,82.07,23.99,1
9/22/2004,1.94,1.49,6.52,30.55,24.03,100.86,20.31,86.93,24.45,1
9/23/2004,2.79,0.82,7.08,31,23.92,100.8,21.43,83.69,24.18,1
9/24/2004,3.98,0.97,5.34,29.97,24.63,100.79,17.14,86.33,24.64,1
9/25/2004,4.15,1.16,3.91,28.87,24.96,100.76,15.21,89.26,24.71,1
9/26/2004,10.79,0.97,7.27,31.93,24.66,100.76,20.98,81.19,24.63,1
9/27/2004,3.99,1.24,6.91,32.16,25.25,100.7,21.99,82.1,24.75,1
9/28/2004,3.29,1.39,5.74,30.45,24.71,100.68,19.26,85.86,24.62,1
9/29/2004,2.22,1.92,5.61,30.05,24.44,100.85,15.64,88.26,24.87,1
9/30/2004,3.84,1.47,7.66,31.72,24.06,100.98,21.74,84.25,24.38,1
10/1/2004,19.27,1.36,4.21,29.13,24.92,101.01,15.82,88.76,24.67,1
10/2/2004,14.47,0.72,4.68,29.16,24.48,100.95,18.66,85.67,24.09,1
10/3/2004,13.48,1.32,5.76,29.9,24.14,100.9,19.6,87.41,24.13,1
10/4/2004,13.21,1.89,5.69,29.78,24.09,100.97,17.68,88.19,24.02,1
10/5/2004,15.84,1.4,5.36,29.02,23.66,101.03,10.16,89.07,23.95,1
10/6/2004,38.75,2.07,5.27,28.9,23.63,101.08,13.81,91.28,24.2,1
10/7/2004,16.05,1.48,7.96,30.82,22.86,101.03,21.22,86.28,24.1,1
10/8/2004,2.23,2.48,6.83,31,24.17,100.98,20.72,87.42,24.67,1
10/9/2004,3.17,2.08,8.11,31.1,22.99,101,21.05,86.38,24.32,1
10/10/2004,2.3,2.36,7.38,31.35,23.97,101.06,18.52,86.18,24.69,1
10/11/2004,7.25,1.76,6.84,31.33,24.49,101.09,19.03,85.46,24.75,1
10/12/2004,8.82,1.52,5.55,30.18,24.63,101.11,14.34,86.64,24.48,1
10/13/2004,0.03,1.07,7.24,31.02,23.78,101.16,21.47,79.62,23.05,1
10/14/2004,0.46,1.06,8.01,30.61,22.6,101.22,21.15,80.62,22.92,1
10/15/2004,6.97,1.11,6.95,30.26,23.31,101.19,22.33,80,22.99,1
10/16/2004,0.98,1.47,7.65,30.86,23.21,101.06,21.75,80.4,23.19,1
10/17/2004,1.16,1.49,4.46,27.77,23.31,101,14.04,86.99,22.77,1
10/18/2004,1.99,1.06,9.05,30.23,21.18,100.96,21.82,76.77,21.4,1
10/19/2004,0.21,0.8,8.83,30.91,22.08,100.91,18.83,76.53,22.24,1
10/20/2004,0.36,1.22,7.95,30.98,23.03,100.92,21.69,76.59,22.16,1
10/21/2004,1.25,1.19,9.23,31,21.77,100.96,19.48,78.57,22.45,1
10/22/2004,5.87,1.56,7.59,30.9,23.31,101.03,20.19,81.08,23.27,1
10/23/2004,0.27,1.91,8.44,30.98,22.54,100.99,21.62,80.01,23.02,1
10/24/2004,7.08,1.22,7.02,31.01,23.99,101.04,18.6,80.12,23.61,1
10/25/2004,3.25,1.92,7.7,30.36,22.66,101.08,23.72,82.87,23.03,1
10/26/2004,0,2.65,7.59,29.42,21.83,101.09,20.94,80.41,21.45,0
10/27/2004,0,1.86,10.31,30.68,20.37,101,22.41,76.54,21.25,0
10/28/2004,0,1.71,9.06,31.86,22.8,100.95,20.24,77.71,23.02,0
10/29/2004,2.25,1.67,9.18,31.82,22.64,100.96,22.82,78.99,23.2,1
10/30/2004,2.85,2.13,9.09,31.35,22.26,100.88,21.19,79.48,22.94,1
10/31/2004,6.4,1.72,6.8,30.61,23.81,100.85,20.34,83.57,23.69,1
11/1/2004,2.09,1.86,7.05,31.04,23.99,100.82,21.72,79.78,23.32,1
11/2/2004,4.11,1.39,7.64,31.11,23.47,100.9,18.79,76.79,22.92,1
11/3/2004,1.73,1.41,8.3,31.19,22.89,100.95,22.48,78.92,23.07,1
11/4/2004,0.93,1.45,9.66,31.87,22.21,100.92,22.57,78.9,23.08,1
11/5/2004,1.76,1.7,8.06,32.02,23.96,100.91,19.54,80.83,23.98,1
11/6/2004,0.45,1.46,7.41,31.87,24.46,100.92,21.55,80.52,23.89,1
11/7/2004,0.32,1.47,6.85,31.66,24.81,100.96,21.9,79.96,23.55,1
11/8/2004,1.48,1.06,7.23,31.22,23.99,100.96,19.67,81.51,23.45,1
11/9/2004,3.11,1.35,8.06,31.99,23.93,100.9,18.92,81.59,23.88,1
11/10/2004,3.17,1.03,7.87,31.66,23.79,100.94,17.14,81.22,23.74,1
11/11/2004,2.15,1.25,8.37,31.82,23.45,100.97,18.98,83.42,24.16,1
11/12/2004,1.17,1.5,7.73,31.73,24,101.07,20.45,82.72,23.92,1
11/13/2004,0.64,0.98,9.07,32.41,23.34,101.03,21.47,78.51,23.38,1
11/14/2004,0.42,1.64,7.69,32.21,24.52,100.95,17.93,80.59,24.18,1
11/15/2004,2.54,1.3,6.48,31.1,24.62,100.95,16.3,84.07,24.09,1
11/16/2004,1.38,1.89,9.25,32.85,23.6,100.97,19.1,79.51,23.46,1
11/17/2004,1.9,1.72,8.14,32.11,23.97,101.09,18.16,79.81,23.13,1
11/18/2004,0.06,1.77,7.68,31.53,23.85,101.11,20.74,75.45,21.93,1
11/19/2004,0.04,1.95,8.88,31.2,22.32,101.1,20.04,71.94,20.88,1
11/20/2004,0,2.08,9.96,31.29,21.33,101.12,21.46,66.32,18.88,0
11/21/2004,0,1.99,12.03,31.64,19.61,101.12,20.95,67.71,18.88,0
11/22/2004,0,2.24,11.08,32.07,20.99,101.07,20.17,69.47,19.77,0
11/23/2004,0.37,2.44,11.33,32.93,21.6,100.94,20.73,70.27,20.71,1
11/24/2004,3.32,2.75,9.5,32.77,23.27,100.85,19.55,75.94,22.61,1
11/25/2004,5.52,1.67,7.14,31.46,24.32,100.98,13.32,81.76,23.44,1
11/26/2004,0.21,1.84,10.37,33.27,22.9,101,19.74,75.17,22.55,1
11/27/2004,1.22,1.64,7,31.2,24.2,101.08,17.44,80.08,23.03,1
11/28/2004,0.77,2.32,10.1,33.15,23.05,101.1,19.46,73.99,22.01,1
11/29/2004,0,1.92,10.57,33.35,22.78,101.04,20.17,70.12,21.19,0
11/30/2004,0,2.22,11.58,33.44,21.86,100.94,20.84,65.57,19.78,0
12/1/2004,0.17,2.36,12.12,34.11,21.99,100.94,21.29,64.28,19.81,1
12/2/2004,1.27,2.44,10.96,34.23,23.27,100.99,19.79,71.09,22.15,1
12/3/2004,0.06,2.07,8.38,32.32,23.94,100.98,19.77,74.65,21.92,1
12/4/2004,0,2.31,11.84,34.35,22.51,100.95,19.61,60.44,19.1,0
12/5/2004,0,1.9,11.98,33.54,21.56,101.06,20.16,61.38,18.44,0
12/6/2004,0,2,12.2,33,20.8,101.24,19.64,62.61,18.32,0
12/7/2004,0.3,2.54,11.75,33.91,22.16,101.31,19.9,62.91,19.45,1
12/8/2004,0.45,2.76,10.54,33.08,22.54,101.21,20.41,66.39,19.64,1
12/9/2004,0,1.94,12.54,33.06,20.52,101.12,19.76,62.12,18.5,0
12/10/2004,0,2.75,12.3,34.14,21.84,101.14,19.36,61.14,18.81,0
12/11/2004,0,2.4,12.53,34.96,22.43,101.15,21.26,61.13,19.27,0
12/12/2004,0,2.86,11.62,34.69,23.07,101.21,19.72,59.57,19.18,0
12/13/2004,0,2.74,12.31,33.98,21.67,101.11,20.89,57.25,17.21,0
12/14/2004,0,1.73,13.44,33.42,19.98,100.95,20.46,55.07,15.98,0
12/15/2004,0,1.9,14.14,34.31,20.17,100.88,20.12,58.7,17.47,0
12/16/2004,0.04,1.13,11.84,33.84,22,101,20.55,67.11,19.97,1
12/17/2004,0,1.33,12.48,34.9,22.42,101.03,20.52,63.92,19.33,0
12/18/2004,0,1.26,12.78,34.93,22.15,100.93,19.14,58.67,18.1,0
12/19/2004,0,0.87,13.59,34.56,20.97,100.84,20.69,53.7,16.13,0
12/20/2004,0.01,1.04,13.64,33.83,20.19,100.89,19.61,61.19,17.37,1
12/21/2004,0.94,1.27,12.71,32.73,20.02,100.92,17.55,68.5,18.69,1
12/22/2004,0,1.39,13.5,33.77,20.27,100.86,19.42,61.54,17.46,0
12/23/2004,0,1.18,14.14,33.53,19.39,100.88,19.37,63.17,17.37,0
12/24/2004,0,1.2,15.34,34.08,18.74,101.03,20.84,57.38,15.7,0
12/25/2004,0,1.37,13.68,34.14,20.46,101.01,21.08,56.72,16.33,0
12/26/2004,0,1.13,14.87,34.15,19.28,100.91,20.02,60.72,16.61,0
12/27/2004,0,1.56,15.4,34.68,19.28,100.95,20.08,55.93,14.88,0
12/28/2004,0,2.26,14.64,34.45,19.81,101,20.93,49.24,13.43,0
12/29/2004,0,1.6,13.97,34.52,20.55,101,19.76,50.77,14.94,0
12/30/2004,0,1.44,13.38,35.32,21.94,100.98,18.67,57.58,18.33,0
12/31/2004,0,3.29,11.48,34.36,22.88,101.17,18.67,50.16,16.31,0
1/1/2005,0,3.64,12.29,32.34,20.05,101.26,21.38,48.24,13.38,0
1/2/2005,0,2.99,13.8,32.97,19.17,101.22,21.48,46.64,12.37,0
1/3/2005,0,1.27,15.7,33.96,18.26,101,21.56,46.28,12.49,0
1/4/2005,0,1.41,15.69,34.68,18.99,101.13,21.35,45.91,12.71,0
1/5/2005,0,1.87,14.55,34.48,19.93,101.12,20.9,49.82,14.04,0
1/6/2005,0,1.32,14.49,34.49,20,101.11,17.29,49.03,14.06,0
1/7/2005,0,1.2,14.83,35.98,21.15,101.05,20.41,49.36,16.01,0
1/8/2005,0,1.83,11.89,35.37,23.48,101.04,20.36,52.65,17.13,0
1/9/2005,0,2.62,13.71,35.19,21.48,101,21.27,45.27,13.91,0
1/10/2005,0,1.45,13.7,35.13,21.43,101.02,19.97,51.47,15.31,0
1/11/2005,0,1.32,13.77,35.4,21.63,101.1,19.45,52.14,16.39,0
1/12/2005,0.22,1.22,11.66,34.65,22.99,101.09,16.37,58.13,18.75,1
1/13/2005,1.05,1.36,12.8,35.22,22.42,100.98,15.54,61.6,19.59,1
1/14/2005,0.5,2.14,6.21,29.53,23.32,101.05,10,63.29,18.39,1
1/15/2005,0.28,1.94,12.8,33.64,20.84,101.08,11.32,54.4,15.81,1
1/16/2005,0.07,1.96,11.82,33.97,22.15,101.15,15.06,48.57,15.27,1
1/17/2005,0.33,1.27,12.44,34.32,21.88,101.19,16.39,53.1,16.35,1
1/18/2005,0,1.44,13.92,34.52,20.6,101.24,18.53,52.84,16.36,0
1/19/2005,0,2.29,14.3,35.74,21.44,101.24,20.57,48.56,15,0
1/20/2005,0,1.98,15.5,35.77,20.27,101.33,20.97,52.99,15.47,0
1/21/2005,0,1.42,14.15,35.7,21.55,101.42,21.19,50.83,15.11,0
1/22/2005,0,1.46,15,35.96,20.96,101.3,20.89,52.41,16.22,0
1/23/2005,0,1.42,14.88,36.49,21.61,101.19,21.21,53.87,16.69,0
1/24/2005,0,1.64,14.55,35.91,21.36,101.16,21.05,52.4,16.06,0
1/25/2005,0,1.66,14.52,36.62,22.1,100.88,20.68,52.29,16.49,0
1/26/2005,0,1.77,13.36,36.42,23.06,100.7,17.48,55.53,18.12,0
1/27/2005,0,2.43,12.78,36.21,23.43,100.66,16.83,58.31,19.36,0
1/28/2005,0,1.84,14.09,37.36,23.27,100.67,16.7,54.53,18.46,0
1/29/2005,0,1.94,14.14,37.87,23.73,100.67,18.15,54.89,19.06,0
1/30/2005,0,2.18,13.58,37.77,24.19,100.81,17.48,54.3,18.99,0
1/31/2005,0.04,2.82,12.71,37.06,24.35,100.92,18.68,54.49,18.9,1
2/1/2005,0,2.25,14.98,37.04,22.06,100.98,20.8,53.33,17.35,0
2/2/2005,0,2.44,14.53,36.55,22.02,101.04,20.54,53.95,17.64,0
2/3/2005,0,2.54,14.87,37.41,22.54,101.1,21.28,53.03,17.45,0
2/4/2005,0,1.98,15.09,37.02,21.93,101.06,19.97,54.5,17.59,0
2/5/2005,0.11,2.19,14.84,37.09,22.25,101.03,20.89,55.27,18.07,1
2/6/2005,0,2.5,14.45,37.26,22.81,101.07,20.65,52.69,17.84,0
2/7/2005,0,2.22,12.82,37.17,24.35,101.22,19.82,51.59,17.81,0
2/8/2005,0,2.15,15.1,37.74,22.64,101.13,21.86,52.76,17.44,0
2/9/2005,0,1.85,14.4,37.79,23.39,101.11,21.99,52.46,17.93,0
2/10/2005,0,1.93,13.57,38.1,24.53,101.17,21.14,49.17,17.7,0
2/11/2005,0,2.28,13.92,38.13,24.21,101.19,21.95,46.85,16.34,0
2/12/2005,0,1.93,14.15,37.83,23.68,101.16,21.89,45.93,16.61,0
2/13/2005,0,2.16,12.66,37.73,25.07,101.03,19.71,49.44,18,0
2/14/2005,0,2.74,13.31,37.71,24.4,100.94,18.68,52.65,19.06,0
2/15/2005,0,2.44,13.76,38.65,24.89,100.92,19.92,51.56,19.23,0
2/16/2005,0,2.54,14.2,39.35,25.15,100.81,20.88,48.98,18.59,0
2/17/2005,0,1.47,14.51,39.88,25.37,100.83,20.52,46.69,17.71,0
2/18/2005,0,2.05,15.38,40.47,25.09,100.8,21.79,47.45,17.84,0
2/19/2005,0.02,3.12,13.27,39.07,25.8,100.94,17.98,49.81,18.95,1
2/20/2005,1,2.09,12.37,37.59,25.22,101.1,16.53,49.72,18.25,1
2/21/2005,0.5,1.89,13.64,37.71,24.07,101.11,21.53,46.48,16.03,1
2/22/2005,0.21,1.59,14.42,37.96,23.54,101.16,20.68,48.94,16.67,1
2/23/2005,0.07,2.41,14.18,38.09,23.91,101.04,21.57,48.11,16.73,1
2/24/2005,0,2.71,14.97,39,24.03,100.86,21.67,49.58,17.47,0
2/25/2005,0,2.71,16.22,40.06,23.84,100.8,22.47,49.26,17.52,0
2/26/2005,0,2.37,16.55,40.27,23.72,100.87,23.19,49.78,18.2,0
2/27/2005,0,2.87,15.44,40.07,24.63,100.85,21.69,51.48,19.38,0
2/28/2005,0.01,3.08,13.02,38.94,25.92,100.92,17.65,49.33,18.97,1
3/1/2005,0.07,3.15,12.85,38.37,25.52,101.05,17.19,49.38,18.86,1
3/2/2005,0,2.66,12.47,37.83,25.36,101.2,19.86,49.34,18.56,0
3/3/2005,0.12,2.75,11.75,37.36,25.61,101.31,16.95,50.78,19.05,1
3/4/2005,0.39,3.05,5.21,30.8,25.59,101.56,12.66,55.26,17.65,1
3/5/2005,2.97,4.27,12.29,35.23,22.94,101.73,21.84,44.23,14.06,1
3/6/2005,0,3.26,14.25,33.71,19.46,101.68,23.42,39.65,10.84,0
3/7/2005,0,1.98,15.14,35.43,20.29,101.56,22.73,39.48,11.74,0
3/8/2005,0,1.66,15.98,36.77,20.79,101.42,21.88,49.08,15.32,0
3/9/2005,0,2.24,15.28,37.44,22.16,101.24,22.1,46.76,15.48,0
3/10/2005,0,2.17,14.81,38.62,23.81,101.04,22.17,47.26,16.27,0
3/11/2005,0,2.51,15.45,39.08,23.63,100.88,21.92,50.21,17.4,0
3/12/2005,0,2.51,16.1,40.22,24.12,100.86,22.1,47.92,17.1,0
3/13/2005,1.13,3.32,15.13,39.6,24.47,100.9,20.9,50.81,18.98,1
3/14/2005,0.71,2.19,11.17,37.65,26.48,100.93,16.01,50.83,19.17,1
3/15/2005,0.24,2.31,12.71,38.33,25.62,100.89,18.43,48.31,18.22,1
3/16/2005,0,2.69,14.09,38.8,24.71,100.97,20.9,48.17,18.14,0
3/17/2005,0.01,2.41,15.22,39.7,24.48,100.91,23.01,47.47,17.4,1
3/18/2005,0,2.16,15.21,39.82,24.61,100.82,21.46,43.86,16.4,0
3/19/2005,1.51,2.58,15.37,39.87,24.5,100.78,24.21,45.69,17.42,1
3/20/2005,4.35,1.65,11.67,37.8,26.13,100.85,16.59,56.64,20.63,1
3/21/2005,0.07,1.96,11.88,38.19,26.31,100.79,20.42,52.64,20.06,1
3/22/2005,0.77,2.35,12.69,38.31,25.62,100.69,19.6,52.96,20.15,1
3/23/2005,1.2,2.64,12.14,37.95,25.81,100.74,20.34,53.71,20.48,1
3/24/2005,5.78,2.49,10.71,37.22,26.51,100.9,14.71,59.96,21.45,1
3/25/2005,0.11,1.66,12.62,38.39,25.77,100.86,19.7,54.02,20.03,1
3/26/2005,0.03,1.76,12.64,38.12,25.48,100.85,18.99,52.26,19.83,1
3/27/2005,0.26,2.65,13.45,39.2,25.75,100.82,18,51.1,19.87,1
3/28/2005,2.68,2.48,12.77,39.08,26.31,100.79,19.58,54.89,21.22,1
3/29/2005,0.72,2.45,11.53,37.71,26.18,100.75,21.33,55.74,21.23,1
3/30/2005,0,2.46,13.03,39.52,26.49,100.62,19.8,53.26,20.97,0
3/31/2005,0.25,2.49,10.15,38.18,28.03,100.54,20.38,54.09,21.81,1
4/1/2005,0.33,2.23,12.23,40.34,28.11,100.62,17.27,49.48,20.27,1
4/2/2005,1.56,2.48,11.72,39.83,28.11,100.71,21.66,47.37,19.77,1
4/3/2005,0.11,1.9,12.92,40.32,27.4,100.85,21.48,45.68,19.39,1
4/4/2005,1.3,2.16,13.23,41.03,27.8,100.9,20.09,45.79,19.3,1
4/5/2005,0.96,2.02,11.42,37.4,25.98,101.01,21.06,52.87,18.75,1
4/6/2005,0.23,1.57,11.79,38.26,26.47,100.87,18.48,47.64,19.34,1
4/7/2005,0.39,2.3,10.18,37.17,26.99,100.86,20.87,51.01,19.6,1
4/8/2005,0.14,2.32,12,39.06,27.06,100.86,22.3,49.82,20.45,1
4/9/2005,0.63,2.72,12.48,39.95,27.47,100.89,21.89,49.9,20.49,1
4/10/2005,0,2.38,11.18,39.35,28.17,100.88,21.13,48.09,20.2,0
4/11/2005,0,2.97,13.08,40.7,27.62,100.83,22.74,45.58,19.53,0
4/12/2005,0.02,2.79,14.07,41.63,27.56,100.83,24.23,43.95,18.69,1
4/13/2005,1.82,2.98,12.63,39.83,27.2,100.97,21.09,46.96,19.51,1
4/14/2005,2.36,2.1,11.58,39.16,27.58,101.07,20.76,48.12,19.96,1
4/15/2005,10.1,1.92,9.51,36.39,26.88,101.1,19.49,60.19,22.02,1
4/16/2005,4.3,2.29,10.98,36.37,25.39,101.05,17.19,61.36,21.31,1
4/17/2005,0.59,2.19,14.12,37.76,23.64,101.03,22.82,56.55,20.07,1
4/18/2005,3.35,2.48,12.73,38.36,25.63,101.01,19.32,56.66,21.02,1
4/19/2005,1.69,2.27,12.07,38.29,26.22,101.06,20.91,57.19,21.42,1
4/20/2005,2.52,1.8,12.79,38.47,25.68,101.04,22.06,56.4,20.85,1
4/21/2005,0.13,2,12.84,38.72,25.88,100.85,22.46,54.03,20.52,1
4/22/2005,7.33,2.11,10.35,36.83,26.48,100.85,18.37,63.25,22.59,1
4/23/2005,5.04,2.44,10.16,36.32,26.16,100.85,19.38,67.61,23.19,1
4/24/2005,0.01,2.16,11.72,37.51,25.79,100.82,18.49,63.8,22.87,1
4/25/2005,0,2.08,9.86,36.6,26.74,100.71,17.35,63.25,23.03,0
4/26/2005,0.06,2.7,8.49,35.82,27.33,100.66,18.31,63.05,23.06,1
4/27/2005,0.04,1.94,9.61,36.64,27.03,100.64,19.2,61.94,23.14,1
4/28/2005,0.33,2.47,6.42,34.26,27.84,100.69,11.88,64.19,22.88,1
4/29/2005,1.2,2.29,7.59,34.9,27.31,100.64,18.9,62.95,22.58,1
4/30/2005,0.3,1.81,11.75,38.74,26.99,100.53,23.53,55.89,20.5,1
5/1/2005,0,2.7,14.97,41.01,26.04,100.54,26.44,51.06,20.17,0
5/2/2005,0,2.26,14.58,41.17,26.59,100.53,25.37,50.41,20.78,0
5/3/2005,0,2.68,13.7,41.43,27.73,100.44,23.4,48.73,20.93,0
5/4/2005,0,2.59,11.57,40.33,28.76,100.46,22.6,45.74,19.47,0
5/5/2005,0.1,2.54,12.59,40.57,27.98,100.39,25.09,48.25,20.46,1
5/6/2005,0,2.29,11.56,39.76,28.2,100.39,24.98,50.16,21.09,0
5/7/2005,0.12,3.56,11.52,39.58,28.06,100.45,20.49,50.92,21.56,1
5/8/2005,4.44,3.32,7.16,34.85,27.69,100.62,17.95,65.21,23.55,1
5/9/2005,12.16,3.21,7.99,34.33,26.34,100.56,15.8,77.9,24.74,1
5/10/2005,19.52,3.2,7.23,33.55,26.32,100.53,18.93,81.87,25.09,1
5/11/2005,11.24,3.3,6.51,32.6,26.09,100.64,14.03,81.33,24.91,1
5/12/2005,10.77,3.02,7.83,33.39,25.56,100.64,21.47,81.22,24.86,1
5/13/2005,16.45,2.73,6.38,32.17,25.79,100.54,21.02,82.76,24.96,1
5/14/2005,2.61,2.77,7.45,33.01,25.56,100.51,20.58,80.45,24.99,1
5/15/2005,2.15,2.7,7.22,33.52,26.3,100.6,21.09,79.4,24.97,1
5/16/2005,1.09,2.51,7.43,33.37,25.94,100.71,21.67,77.01,24.26,1
5/17/2005,0.21,1.65,7.19,32.86,25.67,100.74,23.89,78.45,24.41,1
5/18/2005,0.45,2.4,7.03,33.25,26.22,100.72,17.47,77.92,24.29,1
5/19/2005,1.02,1.82,10.7,35.91,25.21,100.67,22.22,72.51,23.66,1
5/20/2005,5.25,2.09,7.08,32.72,25.64,100.61,23.22,79.43,24.7,1
5/21/2005,3.88,2.27,5.82,31.89,26.07,100.62,23.12,82.07,24.86,1
5/22/2005,3.77,1.33,7.57,32.87,25.3,100.68,19.08,78.16,24.07,1
5/23/2005,0.21,1.82,9.02,34.03,25.01,100.72,20.91,74.49,23.87,1
5/24/2005,1.07,1.85,10.27,35.72,25.45,100.75,23.49,71.3,23.65,1
5/25/2005,2.5,1.44,8.29,33.86,25.57,100.72,24.56,75.86,24.33,1
5/26/2005,0.16,2.25,8.23,34.42,26.19,100.71,22.39,73.66,24.04,1
5/27/2005,3.12,2.35,8.79,34.69,25.9,100.65,21.66,74.79,24.09,1
5/28/2005,12.8,2.35,6.93,32.53,25.6,100.6,17.54,82.37,24.86,1
5/29/2005,4.32,1.43,8.6,33.82,25.22,100.56,21.57,76.69,24.17,1
5/30/2005,6.66,2.58,6.84,32.59,25.75,100.52,22.23,82.97,24.93,1
5/31/2005,1.23,3.05,7.29,32.8,25.51,100.5,16.83,79.61,24.43,1
6/1/2005,0.98,3.03,8.61,33.81,25.2,100.41,17.05,78.57,24.56,1
6/2/2005,2.79,3.07,6.32,32.22,25.9,100.45,18.98,81.59,24.89,1
6/3/2005,12.88,2.81,5.47,31.17,25.7,100.47,12.88,84.53,25.09,1
6/4/2005,8.27,2.92,6.76,32.55,25.79,100.44,17.78,83.99,25.29,1
6/5/2005,7.92,2.92,5.91,31.63,25.72,100.4,19.86,84.78,25.07,1
6/6/2005,3.4,2.03,7.7,32.58,24.88,100.43,19.68,82.72,25,1
6/7/2005,2.75,2.86,6.56,32.15,25.59,100.33,18.7,83.19,25.12,1
6/8/2005,13.31,3.02,5.86,31.44,25.58,100.29,15.44,87.29,25.4,1
6/9/2005,6.72,3.28,4.58,30.19,25.61,100.45,12.02,87.49,24.98,1
6/10/2005,11.59,2.77,5.29,30.81,25.52,100.55,14.76,86.29,24.87,1
6/11/2005,0.38,2.21,9.1,33.38,24.28,100.52,19.3,80.38,24.6,1
6/12/2005,0.46,2.53,7.75,32.82,25.07,100.48,20.57,81.39,24.88,1
6/13/2005,1,2.58,8.03,33.03,25,100.53,20.42,82.04,25.11,1
6/14/2005,0.62,1.88,6.35,31.75,25.4,100.54,21.28,84.21,25.12,1
6/15/2005,1,2.19,6.78,31.91,25.13,100.38,20.98,83.91,25.08,1
6/16/2005,1.28,2.26,6.03,31.52,25.49,100.41,19.89,85.39,25.11,1
6/17/2005,4.4,2.54,7.58,32.91,25.33,100.5,17.78,82.23,24.84,1
6/18/2005,8.36,2.44,6.45,31.8,25.35,100.54,19.13,84.38,25.05,1
6/19/2005,2.76,2.27,7.18,32.78,25.6,100.53,18.62,81.27,24.85,1
6/20/2005,23.5,2.4,6.49,31.93,25.44,100.59,19.35,85.3,25.37,1
6/21/2005,8.06,2.1,5.57,31.08,25.51,100.68,20.03,87.06,25.4,1
6/22/2005,6.41,1.19,6.9,31.65,24.75,100.71,19.51,83.7,24.83,1
6/23/2005,12.56,3.1,4.09,29.44,25.35,100.71,19.5,88.92,24.93,1
6/24/2005,6.02,2.12,6.4,30.54,24.14,100.71,16.4,86.58,24.58,1
6/25/2005,4.38,1.89,6.81,30.95,24.14,100.83,20.22,85.6,24.29,1
6/26/2005,1.36,2.53,6.93,31.2,24.27,100.76,17.89,84.24,24.3,1
6/27/2005,1.65,2.15,6.82,31.06,24.24,100.66,18.95,85.21,24.59,1
6/28/2005,2.29,1.97,5.75,30.68,24.93,100.64,20.25,85.86,24.55,1
6/29/2005,8.73,2.59,5.54,30.12,24.58,100.7,14.68,86.67,24.21,1
6/30/2005,3.07,2.48,5.57,29.75,24.18,100.68,17.27,87.7,24.48,1
7/1/2005,14.02,3.37,5.61,30.01,24.4,100.74,15.85,87.39,24.37,1
7/2/2005,20.14,2.26,6.31,30.11,23.8,100.7,14.71,88.95,24.52,1
7/3/2005,20.34,3.22,4.98,27.77,22.79,100.69,12.49,91.63,23.72,1
7/4/2005,6.69,2.41,5.78,28.49,22.71,100.61,14.68,91.75,24.04,1
7/5/2005,7.3,2.37,4.14,28.5,24.36,100.59,16.77,91.2,24.46,1
7/6/2005,7.01,2.58,7.06,30.52,23.46,100.61,14.12,87.7,24.33,1
7/7/2005,8.26,2.62,4,28.43,24.43,100.63,8.44,91.48,24.61,1
7/8/2005,3.04,2.73,4.54,28.04,23.5,100.64,12.01,90.93,24.21,1
7/9/2005,3.02,2.64,5.67,30.13,24.46,100.72,15.5,88.46,24.59,1
7/10/2005,0.58,1.07,7.56,31.4,23.84,100.79,21.49,83.81,24.41,1
7/11/2005,6.85,1.11,6.88,31.97,25.09,100.71,19.01,82.42,24.72,1
7/12/2005,5.26,1.27,4.57,29.67,25.1,100.79,11.27,88.04,24.92,1
7/13/2005,5.71,1.07,5.13,29.51,24.38,100.88,15.31,86.98,24.48,1
7/14/2005,1.02,0.92,7.07,31.57,24.5,100.93,23.67,81.32,24.52,1
7/15/2005,23.18,0.76,5.75,31.28,25.53,100.87,13.99,83.42,24.99,1
7/16/2005,2.95,0.7,4.64,30.18,25.54,100.74,20.86,85.6,25.12,1
7/17/2005,4.71,1.46,4.96,30.43,25.47,100.61,21.97,85.66,24.95,1
7/18/2005,3.59,1.88,5.67,30.42,24.75,100.66,18.64,88.58,25.04,1
7/19/2005,4.67,2.57,5.69,30.43,24.74,100.65,18.91,89.68,25.36,1
7/20/2005,3.73,3.07,5.37,30.08,24.71,100.67,21.04,89.37,25.07,1
7/21/2005,8.84,3.07,4.22,28.87,24.65,100.65,14.88,91,24.84,1
7/22/2005,21.34,2.63,5.14,29.72,24.58,100.62,14.45,89.85,24.7,1
7/23/2005,16.59,2.72,4.67,28.65,23.98,100.64,12.36,90.44,24.19,1
7/24/2005,8.13,2.39,5.09,28.8,23.71,100.6,10.14,89.82,24.24,1
7/25/2005,0.81,2.41,6.34,30.39,24.05,100.53,17.55,88.12,24.83,1
7/26/2005,5.03,2.79,5.32,29.87,24.55,100.53,13.07,88.24,24.76,1
7/27/2005,15.6,3.1,4.95,29.63,24.68,100.53,10.8,87.95,24.3,1
7/28/2005,8.3,2.69,4.98,29.26,24.28,100.53,13.75,90.57,24.6,1
7/29/2005,8.82,2.49,4.96,29.37,24.41,100.45,13.06,90.72,24.73,1
7/30/2005,11.64,3.1,4.96,29.4,24.44,100.38,8.32,90.51,24.62,1
7/31/2005,9.99,2.65,4.48,29.05,24.57,100.48,8.43,92.09,25.03,1
8/1/2005,12.19,3.07,3.56,28.14,24.58,100.67,12.13,92.06,24.66,1
8/2/2005,3.15,1.64,6.11,29.71,23.6,100.7,16.85,88.26,24.37,1
8/3/2005,12.02,2.15,5.4,29.33,23.93,100.65,17.65,90.47,24.76,1
8/4/2005,16.6,2.59,4.36,28.8,24.44,100.65,13.46,91.19,24.75,1
8/5/2005,3.06,2.78,5.79,30.12,24.33,100.62,17.89,89.46,24.92,1
8/6/2005,6.79,2.92,4.39,29.17,24.78,100.51,16.94,91.05,25.08,1
8/7/2005,1.21,3.24,4.59,29.25,24.66,100.5,13.19,89.27,24.41,1
8/8/2005,9.06,3.07,6.25,30.39,24.14,100.63,13.29,88.57,24.57,1
8/9/2005,1.81,2.34,4.74,28.85,24.11,100.72,13.09,90.71,24.51,1
8/10/2005,0.19,2.49,6.56,30.34,23.78,100.5,17.78,87.9,24.69,1
8/11/2005,3.04,2.86,5.57,30.27,24.7,100.4,19.57,88.91,25.03,1
8/12/2005,5.48,3.28,5.21,30.02,24.81,100.49,11.98,88.1,24.69,1
8/13/2005,6.11,3.22,4.7,29.07,24.37,100.75,8.84,90.29,24.69,1
8/14/2005,2.89,2.67,5.12,29.52,24.4,100.87,16.84,89.3,24.45,1
8/15/2005,0.52,1.51,7.15,30.52,23.37,100.71,18.23,85.97,24.34,1
8/16/2005,3.19,1.99,5.71,30.09,24.38,100.61,17.83,88.83,24.99,1
8/17/2005,5.07,2.25,4.83,29.14,24.31,100.64,19.62,90.51,24.69,1
8/18/2005,2,2.16,6.48,30.34,23.86,100.79,18.28,88.75,24.81,1
8/19/2005,0.03,1.79,5.36,30.29,24.93,100.95,19.39,87.5,24.8,1
8/20/2005,0.61,1.43,6.23,30.23,24,100.84,19.74,86.3,24.38,1
8/21/2005,1.7,1.77,4.61,29.2,24.59,100.77,18.89,89.29,24.62,1
8/22/2005,1.49,1.54,8.09,31.88,23.79,100.84,21.14,83.26,24.43,1
8/23/2005,2.1,1.39,5.46,30.16,24.7,100.85,19.05,88.4,25.04,1
8/24/2005,0.46,1.24,7.35,31.8,24.45,100.75,24.78,83.34,24.39,1
8/25/2005,1.32,1.49,8.78,32.74,23.96,100.64,23.95,82.61,24.59,1
8/26/2005,0.33,1.41,7.86,32.18,24.32,100.66,21.27,82.41,24.54,1
8/27/2005,3.96,1.56,6.58,31.32,24.74,100.66,19.97,84.77,24.94,1
8/28/2005,1.36,1.91,4.99,29.42,24.43,100.68,16.75,88.5,24.5,1
8/29/2005,1.79,1.74,5.52,29.56,24.04,100.64,14.31,89.03,24.47,1
8/30/2005,2.14,2.35,5.51,30.13,24.62,100.39,17.34,87.55,24.49,1
8/31/2005,4.1,2.34,5.16,29.6,24.44,100.3,17.5,89.86,24.94,1
9/1/2005,1.85,1.82,6.56,31.05,24.49,100.39,19.29,87.18,25.08,1
9/2/2005,2.99,1.44,6.54,31.43,24.89,100.52,17.37,85.89,25.2,1
9/3/2005,6.9,1.64,4.14,29.53,25.39,100.5,12.68,90.34,25.33,1
9/4/2005,0.92,2.12,6.11,30.41,24.3,100.45,20.96,88.01,24.7,1
9/5/2005,0.16,2.24,7.02,31.09,24.07,100.55,20.35,85.68,24.66,1
9/6/2005,1.69,1.65,7.58,32.03,24.45,100.57,20.65,84.46,24.99,1
9/7/2005,6.36,1.25,4.7,29.64,24.94,100.72,12.38,88.1,24.84,1
9/8/2005,7.37,2.08,4.5,29.11,24.61,100.75,12.83,89.78,24.68,1
9/9/2005,9.53,2.29,4.82,28.56,23.74,100.86,12.03,90.71,23.98,1
9/10/2005,0.64,2.2,6.38,29.2,22.82,100.77,17.24,87.41,23.48,1
9/11/2005,6.8,1.97,6.35,29.11,22.76,100.58,14.46,87.92,23.71,1
9/12/2005,9.47,2.43,4.54,28.11,23.57,100.55,11.12,91.79,24.06,1
9/13/2005,17.49,2.66,5.79,29.24,23.45,100.45,7.78,90.08,24.05,1
9/14/2005,1.61,3.53,5.83,29.74,23.91,100.72,14.66,88.16,24.31,1
9/15/2005,0.91,1.52,7.32,30.68,23.36,100.89,19.87,86.11,24.24,1
9/16/2005,8.52,1.91,4.26,28.69,24.43,100.77,16.48,91.22,24.79,1
9/17/2005,11.24,2.62,6.55,31.04,24.49,100.55,17.94,87.58,25.08,1
9/18/2005,2.89,2.77,5.01,30.3,25.29,100.6,17.69,88.18,25.03,1
9/19/2005,7.9,2.84,3.37,28.35,24.98,100.92,11.48,92.62,24.97,1
9/20/2005,2.3,1.54,4.57,28.5,23.93,101.01,15.65,89.28,24.14,1
9/21/2005,0.56,1.59,5.47,29.16,23.69,100.95,18.91,88.04,23.91,1
9/22/2005,0.88,1.72,5.83,29.57,23.74,100.89,16.82,88.06,24.24,1
9/23/2005,1.65,1.98,6.27,30.05,23.78,100.84,16.68,89.15,24.54,1
9/24/2005,2.11,1.81,6.68,30.48,23.8,100.68,17.3,87.38,24.51,1
9/25/2005,8.8,1.79,5.85,30.04,24.19,100.53,14.14,89.62,24.9,1
9/26/2005,3.81,2.72,5,29.32,24.32,100.56,15.9,90.36,24.67,1
9/27/2005,8.4,2.67,4.58,28.85,24.27,100.77,15.98,91.66,24.78,1
9/28/2005,3.93,1.8,6.3,30.64,24.34,100.89,20.45,88.36,24.93,1
9/29/2005,8.04,1.17,6.67,31.16,24.49,100.87,19.38,86.68,24.99,1
9/30/2005,5.39,1.48,4.61,29.35,24.74,100.88,12.53,87.21,24.84,1
10/1/2005,3.28,2.03,3.73,27.95,24.22,100.85,17.36,92.43,24.43,1
10/2/2005,0.19,1.96,8,31.51,23.51,100.78,20.45,85.72,24.49,1
10/3/2005,0.59,1.51,8.66,32.08,23.42,100.65,18.29,83.04,24.09,1
10/4/2005,6.88,1.25,3.99,28.58,24.59,100.73,16.83,90.06,24.66,1
10/5/2005,14.84,0.88,4.99,29.31,24.32,100.83,20.45,87.21,24.42,1
10/6/2005,0.8,1.59,7.9,31.58,23.68,100.77,18.4,85.39,24.19,1
10/7/2005,3.35,0.82,9.07,32.49,23.42,100.72,18.9,80.71,24.12,1
10/8/2005,1.58,1.15,5.32,30.11,24.79,100.64,16.58,85.97,24.67,1
10/9/2005,4.56,1.73,4.87,29.59,24.72,100.73,18.82,87.73,24.54,1
10/10/2005,2.55,1.63,5.87,30.63,24.76,100.67,17.55,87.91,24.93,1
10/11/2005,8.74,1.5,5.51,30.36,24.85,100.66,13.36,87.53,25.04,1
10/12/2005,0.14,1.59,6.25,31.48,25.23,100.69,19.03,86.06,25.35,1
10/13/2005,3.36,1.1,4.14,29.14,25,100.74,16.23,90.37,25.16,1
10/14/2005,8.84,1.29,5.37,30.04,24.67,100.81,18.22,85.95,24.24,1
10/15/2005,5.36,1.25,5.87,30.58,24.71,100.86,14.19,86.27,24.43,1
10/16/2005,4.69,1.43,4.32,28.32,24,100.98,20.28,89.77,24.08,1
10/17/2005,4.82,1.04,7.84,30.97,23.13,101.04,19.01,84.55,24.08,1
10/18/2005,2.34,1.52,6.92,31.58,24.66,100.94,18.57,84.8,24.71,1
10/19/2005,2.36,2.36,6.77,31.38,24.61,100.87,20.87,85.11,24.42,1
10/20/2005,5.62,1.61,4.19,28.28,24.09,100.89,19.23,90.73,24.17,1
10/21/2005,10.58,2.09,7.46,30.96,23.5,100.9,18.89,85.91,24.04,1
10/22/2005,8.66,2.33,5.24,29.44,24.2,100.93,11.27,88.96,24.12,1
10/23/2005,6.84,2.15,4.72,28.65,23.93,100.98,16.73,90.58,24.18,1
10/24/2005,2.85,1.78,7.09,30.87,23.78,101,15.6,86.53,24.21,1
10/25/2005,9.29,0.77,4.9,29.54,24.64,100.95,17.49,87.89,24.43,1
10/26/2005,2.52,1.67,6.86,30.73,23.87,100.93,20.13,86.52,24.45,1
10/27/2005,4.51,1.08,6.29,30.77,24.48,100.95,18.7,85.06,24.72,1
10/28/2005,2.35,1.44,7.06,31.4,24.34,100.94,19.09,81.61,23.84,1
10/29/2005,0.27,1.14,7.4,31.54,24.14,100.75,20.47,83.43,23.99,1
10/30/2005,1.75,1.82,6.95,31.6,24.65,100.71,18.99,81.47,24.05,1
10/31/2005,0.18,2.48,7.55,31.48,23.93,100.82,18.82,83.96,23.92,1
11/1/2005,0.27,2.4,6.35,30.19,23.84,100.78,20.73,84.8,23.41,1
11/2/2005,0.06,1.43,8.1,31.07,22.97,100.76,20.67,83.53,23.91,1
11/3/2005,0.16,1.11,5.58,30.47,24.89,100.83,17.18,84.08,24.35,1
11/4/2005,3.29,1.03,4.23,29.03,24.8,100.85,18.52,89.59,24.53,1
11/5/2005,4.75,0.93,5.7,29.78,24.08,100.85,8.08,87.47,24.58,1
11/6/2005,1.12,1.02,4.47,29.39,24.92,100.87,15.31,89.12,24.83,1
11/7/2005,8.7,2.05,5.95,30.2,24.25,100.93,17.1,88.94,24.51,1
11/8/2005,17.06,1.59,6.8,30.45,23.65,101.04,16.57,88.63,24.51,1
11/9/2005,1.4,1.04,6.14,30.17,24.03,101.01,17.29,85.64,24.03,1
11/10/2005,3.9,0.85,7.57,31.54,23.97,100.88,19.3,84.16,24.23,1
11/11/2005,0.11,1.62,7.39,31.2,23.81,100.77,18.58,85.99,24.51,1
11/12/2005,7.92,1.53,7.95,31.61,23.66,100.84,18.76,84.54,24.13,1
11/13/2005,1.42,1.21,8.26,31.58,23.32,100.82,18.62,83.32,24.1,1
11/14/2005,3.67,0.8,6.86,30.91,24.05,100.77,17.76,83.94,24.46,1
11/15/2005,1.49,1.1,5.32,29.8,24.48,100.67,18.49,88.45,24.73,1
11/16/2005,2.72,1.04,8.16,31.59,23.43,100.76,20.59,82.4,23.97,1
11/17/2005,11.33,1.11,3.96,28.41,24.45,100.83,18.04,90.01,24.21,1
11/18/2005,3.22,1.35,6.04,30.18,24.14,100.95,14.77,88.35,24.41,1
11/19/2005,0.16,2.15,6.55,30.24,23.69,101.06,18.65,82.28,23.09,1
11/20/2005,0.06,2.62,9.08,29.83,20.75,101.11,20.74,76.11,20.53,1
11/21/2005,0,3.3,8.84,29.56,20.72,101.15,20.57,73.58,19.25,0
11/22/2005,0,2.76,10.68,29.75,19.07,101.13,19.75,75.8,19.41,0
11/23/2005,0.34,2.66,9.44,30.53,21.09,101.06,17.9,78.83,21.38,1
11/24/2005,1.87,2.01,6.15,28.35,22.2,101.05,17.51,84.24,21.97,1
11/25/2005,2.63,2.03,8.04,30.85,22.81,100.95,17.62,83.3,23.1,1
11/26/2005,7.45,1.48,6.23,29.52,23.29,100.95,16.21,86.18,23.36,1
11/27/2005,4.46,1.33,7.72,30.83,23.11,100.9,14.27,83.33,23.73,1
11/28/2005,9.44,1.82,6.84,30.73,23.89,100.93,18.33,86.21,24.03,1
11/29/2005,5.63,1.88,7.51,31.12,23.61,100.77,18.94,83.1,23.63,1
11/30/2005,0.85,2.6,7.5,31.32,23.82,100.55,16.39,82.94,23.51,1
12/1/2005,0.8,2.05,6.43,29.18,22.75,100.66,14.49,86.16,23.13,1
12/2/2005,0.8,2.01,6.56,30.12,23.56,100.8,17.73,85.62,23.73,1
12/3/2005,3.9,1.31,6.76,30.79,24.03,100.79,17.2,85.94,24.1,1
12/4/2005,4.8,1.77,7.41,31.42,24.01,100.68,18.23,84.96,23.89,1
12/5/2005,4.46,1.32,7.15,30.82,23.67,100.76,16.94,85.44,23.87,1
12/6/2005,1.42,2.28,6.13,29.76,23.63,100.91,14.39,86.44,23.6,1
12/7/2005,0.13,2.84,7.8,30.76,22.96,100.96,16.24,82.07,22.88,1
12/8/2005,0.01,2.72,8.91,31.12,22.21,100.97,19.34,76.33,21.76,1
12/9/2005,0.32,2.03,8.73,30.55,21.82,100.87,19.01,73.74,21.14,1
12/10/2005,0.25,2.01,6.63,29.6,22.97,100.82,15.78,80.67,21.91,1
12/11/2005,0.51,2.33,7.69,30.99,23.3,100.8,15,80.8,22.85,1
12/12/2005,1.71,2.79,7.31,31.27,23.96,100.77,16.19,80.2,22.89,1
12/13/2005,2.53,3.35,7.58,29.25,21.67,100.79,15.06,81,21.35,1
12/14/2005,1.31,3.64,3.29,25.74,22.45,100.84,14.02,82.48,20.94,1
12/15/2005,0.32,4.6,6.82,28.53,21.71,101.02,13.64,75.79,20.26,1
12/16/2005,0,3.51,9.87,29.95,20.08,101.06,18.88,71.03,19.14,0
12/17/2005,0.02,3.31,10.25,31.43,21.18,101.08,19.55,69.46,19.5,1
12/18/2005,0.02,2.92,9.66,29.77,20.11,101.02,19.5,65.68,17.27,1
12/19/2005,0.01,3.09,12.07,30.49,18.42,100.91,16.15,66.77,16.94,1
12/20/2005,0.99,3.39,9.2,30.02,20.82,100.95,15.86,73.25,18.87,1
12/21/2005,0.96,4.23,8.95,30.15,21.2,101.14,13.47,72.94,19.14,1
12/22/2005,0,4.34,8.23,27.31,19.08,101.34,15.51,61.88,14.83,0
12/23/2005,0.07,2.24,11.95,29.55,17.6,101.19,18.69,63.3,16.04,1
12/24/2005,0.25,1.81,11.93,31.57,19.64,101.08,14.96,75.21,20.16,1
12/25/2005,3.67,1.57,9.63,32.32,22.69,101.03,11.08,79.14,22.33,1
12/26/2005,1.22,1.75,9.01,32.26,23.25,101.05,15.96,77.1,22.06,1
12/27/2005,0.22,1.82,9.61,32.61,23,101.05,19.01,73.41,21.4,1
12/28/2005,0.01,2.16,10.47,33.31,22.84,100.97,20.32,67.11,20.38,1
12/29/2005,0.01,1.82,11.22,34.25,23.03,100.98,20.24,66.25,20.92,1
12/30/2005,0.01,1.3,10.51,34.47,23.96,100.97,20.38,69.02,21.66,1
12/31/2005,0.12,1.76,10.09,34.16,24.07,100.98,18.15,70.54,22.18,1
1/1/2006,0.03,1.67,10.51,34.59,24.08,101,19.82,70.47,22.2,1
1/2/2006,0.19,2.11,9.84,33.77,23.93,100.96,19.62,70.12,21.59,1
1/3/2006,1.49,2.18,10.97,34.6,23.63,100.8,17.26,70.29,21.74,1
1/4/2006,6.1,1.06,8.66,32.75,24.09,100.8,19.44,77.16,23.13,1
1/5/2006,0.43,1.48,10.9,34.13,23.23,100.81,19.75,72.43,22.13,1
1/6/2006,0.06,2.46,11.82,35.56,23.74,100.89,18.77,65.52,20.47,1
1/7/2006,0.07,3.27,10.82,33.46,22.64,101.03,20.55,60.2,18.4,1
1/8/2006,0,2.82,13.41,33.71,20.3,101.04,20.93,58.47,17.14,0
1/9/2006,0,2.73,13.11,33.3,20.19,101,21.47,58.78,16.65,0
1/10/2006,0,2.47,13.13,32.99,19.86,100.98,21.58,59.4,16.73,0
1/11/2006,0,1.39,13.8,34.16,20.36,100.91,20.3,61.05,17.94,0
1/12/2006,0,1.27,13.08,34.56,21.48,100.92,20.19,63.93,19.25,0
1/13/2006,0,1.28,12.33,34.61,22.28,100.87,19.74,68.35,20.55,0
1/14/2006,0,1.32,12.54,34.94,22.4,100.9,15.89,68.42,20.9,0
1/15/2006,0,1.43,12.57,35.11,22.54,100.9,17.71,67.99,20.87,0
1/16/2006,0.05,1.77,11.56,34.66,23.1,100.86,16.8,70.3,21.71,1
1/17/2006,2.86,2.07,9.58,33.68,24.1,100.89,17.7,73.85,22.46,1
1/18/2006,0,2.34,10.27,33.76,23.49,100.87,16.83,71.25,21.79,0
1/19/2006,0,1.68,9.75,33.78,24.03,100.81,16.41,73.08,22.48,0
1/20/2006,0,1.45,10.14,33.88,23.74,100.78,17.01,72.06,22.43,0
1/21/2006,0,1.45,13.91,37.15,23.24,100.78,19.38,62.88,20.8,0
1/22/2006,0.02,2.62,10.69,34.42,23.73,100.82,15.91,66.17,20.78,1
1/23/2006,1.94,1.46,9.68,33.54,23.86,100.91,17.3,64.85,20.13,1
1/24/2006,0.14,3.01,12.85,33.61,20.76,101.1,22.52,54.97,15.73,1
1/25/2006,0,2.9,14.37,33.47,19.1,101.19,20.29,51.31,14.52,0
1/26/2006,0,2.87,11.23,32.67,21.44,101.18,20.26,53.67,16.05,0
1/27/2006,0,2.69,13.03,34.13,21.1,101.09,20.43,52.27,15.86,0
1/28/2006,0,1.72,13.18,34.95,21.77,100.88,22.18,56.58,18.1,0
1/29/2006,0.02,2.07,11.18,34.77,23.59,100.97,18.02,65.24,20.66,1
1/30/2006,1.94,1.71,10.6,33.93,23.33,101.12,17.39,69.53,21.59,1
1/31/2006,0.3,1.48,11.25,35.14,23.89,101.22,14.66,66.15,21.55,1
2/1/2006,5.3,1.81,11.51,35.63,24.12,101.19,18.91,67.3,21.76,1
2/2/2006,0,1.19,13.07,36.86,23.79,101.18,22.04,54.22,18.51,0
2/3/2006,0,1.38,13.74,37.33,23.59,101.22,22.71,56.19,18.76,0
2/4/2006,4.38,2.68,14.24,36.66,22.42,101.21,22.79,56.14,18.32,1
2/5/2006,0.1,2.09,14.59,35.66,21.07,101.15,23.17,56.25,17.4,1
2/6/2006,0,1.46,13.28,35.92,22.64,101.06,22.61,51.36,17.25,0
2/7/2006,2,1.4,12.59,35.52,22.93,101.1,22.74,56.67,18.4,1
2/8/2006,0.01,2.31,13.74,36.81,23.07,101.25,22,51.97,17.66,1
2/9/2006,2.01,2.93,13.13,36.84,23.71,101.21,20.99,54.11,18.83,1
2/10/2006,5.91,2.98,9.44,33.97,24.53,101.16,15.61,64.21,20.38,1
2/11/2006,0.1,2.19,11.02,33.81,22.79,101.07,16.82,62.75,19.49,1
2/12/2006,2.38,1.65,10.69,34.83,24.14,101.04,16.8,65.67,20.85,1
2/13/2006,0.03,1.95,11.86,35.8,23.94,101.01,16.7,60.43,19.77,1
2/14/2006,0.04,1.18,12.37,35.92,23.55,100.89,20.66,59.79,20.16,1
2/15/2006,3.07,1.51,11.43,36.01,24.58,100.83,18.8,62.57,21.38,1
2/16/2006,0.08,1.63,11.15,35.83,24.68,100.89,17.55,61.88,21.42,1
2/17/2006,5.21,1.43,9.92,35.07,25.15,100.97,16.22,65.28,21.9,1
2/18/2006,0.23,1.59,10.1,35.1,25,100.92,18,65.92,21.72,1
2/19/2006,1.23,2.18,12.73,37.86,25.13,100.83,20.09,58.06,19.79,1
2/20/2006,1.61,1.77,12.88,37.31,24.43,100.88,20.48,54,18.44,1
2/21/2006,1.76,1.96,14.1,37.76,23.66,100.77,22.93,54.02,18.87,1
2/22/2006,0.31,2.06,13.73,38.23,24.5,100.72,21.48,55.58,19.88,1
2/23/2006,0.02,2.15,13.66,38.15,24.49,100.69,22.36,49.68,18.06,1
2/24/2006,0.21,2.23,14.1,39.06,24.96,100.66,23.37,44.91,17.75,1
2/25/2006,0.41,1.86,12.88,38.72,25.84,100.66,23.04,50.35,19.22,1
2/26/2006,7.2,2.21,10.87,36.55,25.68,100.75,19.75,63.07,21.76,1
2/27/2006,0,2.26,11.96,36.79,24.83,100.76,18.07,61.83,21.39,0
2/28/2006,0.05,2.74,12.44,37.15,24.71,100.84,17.61,57.64,20.44,1
3/1/2006,5.1,2.4,6.98,31.8,24.82,101,17.21,65.17,20.66,1
3/2/2006,7.46,2.42,12.12,35.39,23.27,100.99,18.84,62.58,19.58,1
3/3/2006,0,1.97,12.78,36.22,23.44,101.03,20.01,56.19,18.45,0
3/4/2006,0,1.68,13.23,35.9,22.67,101.06,21.48,59,19.28,0
3/5/2006,0.46,2.75,12.97,36.31,23.34,101.09,20.93,61.9,20.24,1
3/6/2006,0.18,1.87,14.44,37.26,22.82,101.03,21.04,58.84,19.62,1
3/7/2006,0,1.69,13.53,37.59,24.06,100.95,21.48,57.21,20.06,0
3/8/2006,0.33,2.11,13.25,37.76,24.51,100.98,21.61,53.09,19.79,1
3/9/2006,0.16,2.12,13.05,38.48,25.43,101.06,22.25,51.45,19.44,1
3/10/2006,0.42,2.19,12.82,38.29,25.47,100.92,22.01,51.48,19.24,1
3/11/2006,0,1.94,14.35,38.78,24.43,100.76,22.83,50.12,18.62,0
3/12/2006,0,1.88,12.97,39.23,26.26,100.57,22.54,53.44,20.65,0
3/13/2006,0.39,2.14,8.45,35.41,26.96,100.74,19.58,58.63,21.17,1
3/14/2006,0.56,2.44,11.27,38.19,26.92,100.88,15.37,54.48,20.57,1
3/15/2006,0.64,2.31,11.04,36.74,25.7,100.95,16.78,52.76,19.32,1
3/16/2006,0.01,1.81,13.09,38.74,25.65,100.65,23.33,51.72,19.72,1
3/17/2006,0.86,2.53,13.08,39.18,26.1,100.6,22.97,51.9,20.43,1
3/18/2006,2.53,2.67,11.23,38.02,26.79,100.65,21.3,52.96,20.45,1
3/19/2006,0.01,3.02,14.98,40.35,25.37,100.62,20.65,49.1,19.12,1
3/20/2006,1.08,2.75,11.81,38.81,27,100.63,21.97,52.46,20.26,1
3/21/2006,0.01,2.99,13.01,39.24,26.23,100.59,21.78,50.71,19.61,1
3/22/2006,0,2.6,14.96,39.18,24.22,100.5,22.07,50.72,19.15,0
3/23/2006,0.01,2.21,12.93,39.21,26.28,100.45,19.35,48.3,19.51,1
3/24/2006,0.78,2.87,11.99,39.3,27.31,100.48,16.48,49.41,20.28,1
3/25/2006,0,3.45,12.21,39.74,27.53,100.58,18.33,47.91,19.3,0
3/26/2006,0.23,3.28,14.18,40.11,25.93,100.63,20.84,50.21,20.19,1
3/27/2006,1.35,2.81,12.19,39.5,27.31,100.62,22.31,50.77,20.71,1
3/28/2006,0.64,2.1,8.95,36.58,27.63,100.74,17.42,57.76,21.74,1
3/29/2006,0.1,3.33,13.58,40.15,26.57,100.83,18.31,44.78,18.1,1
3/30/2006,0.62,2.7,10.47,38.25,27.78,100.91,17.1,49.72,19.95,1
3/31/2006,0.47,1.94,4.36,29.79,25.43,100.94,16.64,67,21.02,1
4/1/2006,1.5,1.09,12.28,36.82,24.54,100.82,18.37,55.18,19.8,1
4/2/2006,0.79,1.7,7.45,34.38,26.93,100.88,16.28,58.05,20.86,1
4/3/2006,1.31,1.47,8.99,34.89,25.9,100.82,19.42,60.06,21.06,1
4/4/2006,1.4,1.6,8.9,34.49,25.59,100.79,22.99,62.31,21.44,1
4/5/2006,0.15,1.41,13.44,38.8,25.36,100.68,24.75,53.2,20.66,1
4/6/2006,0.2,2.08,10.33,37.69,27.36,100.65,19.84,53.23,21.25,1
4/7/2006,5.52,2.75,8.92,36.46,27.54,100.65,18.68,58.54,21.86,1
4/8/2006,2.86,1.74,7.58,33.52,25.94,100.7,20.5,70.26,22.96,1
4/9/2006,0.92,2.14,9.69,35.47,25.78,100.69,20.47,64.62,22.4,1
4/10/2006,1.87,1.57,8.61,34.74,26.13,100.72,22.07,66.42,22.88,1
4/11/2006,5.22,2.74,11.18,37.22,26.04,100.64,22.61,65.52,22.95,1
4/12/2006,0.37,2.06,12.67,38.28,25.61,100.51,21.94,62.42,22.41,1
4/13/2006,0.22,1.46,7.73,34.79,27.06,100.63,21.97,66.33,23.24,1
4/14/2006,0.45,1.48,11.93,39.03,27.1,100.74,23.23,54.99,21.21,1
4/15/2006,3.57,2.24,10.86,37.54,26.68,100.82,19.66,58.19,21.71,1
4/16/2006,1.34,1.68,8.92,35.05,26.13,100.76,21.04,64.03,21.73,1
4/17/2006,0.62,1.72,11.91,37.8,25.89,100.71,20.94,57.66,21.33,1
4/18/2006,4.71,1.89,4.67,31.61,26.94,100.84,21.08,71.91,22.99,1
4/19/2006,6.58,1.58,9.12,35.23,26.11,100.86,22.35,69.95,23.35,1
4/20/2006,2.93,1.66,12.04,37.6,25.56,100.83,21.7,62.5,21.66,1
4/21/2006,1.99,2.21,13.45,38.22,24.77,100.7,23.6,59.02,21.25,1
4/22/2006,0.29,2.06,9.9,36.29,26.39,100.61,20.67,64.41,22.81,1
4/23/2006,0.35,1.73,9.59,36.32,26.73,100.56,18.03,65.09,23.15,1
4/24/2006,0.49,2.13,10.5,36.9,26.4,100.67,17.12,59.09,21.2,1
4/25/2006,0.18,1.81,12.79,38.35,25.56,100.62,20.4,52.18,19.47,1
4/26/2006,22.53,2.68,8.37,35.29,26.92,100.67,20.96,65.31,22.66,1
4/27/2006,4,1.68,8.87,34.57,25.7,100.68,21.83,73.05,23.85,1
4/28/2006,22.08,1.22,5.79,31.91,26.12,100.66,20.52,80.42,24.89,1
4/29/2006,0.57,1.2,6.12,32.21,26.09,100.65,15.75,77.8,24.52,1
4/30/2006,2.23,1.87,6.66,32.87,26.21,100.76,10.65,77.17,24.6,1
5/1/2006,0.1,1.7,8.99,34.76,25.77,100.77,18.95,71.87,23.88,1
5/2/2006,0.06,2.22,10.5,36.49,25.99,100.73,21.71,69.09,23.69,1
5/3/2006,0.78,1.43,7.5,33.84,26.34,100.74,22.15,73.26,24.18,1
5/4/2006,0.12,1.61,7.7,34,26.3,100.83,22.25,69.9,23.62,1
5/5/2006,3.1,1.97,9.45,35.55,26.1,100.85,22.5,69.69,23.64,1
5/6/2006,5.47,1.79,7.73,33.6,25.87,100.8,20.28,77.15,24.28,1
5/7/2006,6.4,2.1,5.59,31.39,25.8,100.78,20.95,82.33,24.69,1
5/8/2006,0.4,1.61,8.23,33.4,25.17,100.79,22.89,75.22,23.75,1
5/9/2006,0.56,1.58,8.49,33.69,25.2,100.75,21.17,73.68,23.67,1
5/10/2006,2.13,1.24,7.02,32.43,25.41,100.69,20.16,75.59,23.88,1
5/11/2006,4.11,1.08,9.27,35.17,25.9,100.79,22.54,70.4,23.58,1
5/12/2006,0.98,1.28,6.62,33.13,26.51,100.86,20.66,73.54,23.9,1
5/13/2006,14.27,0.96,7,32.22,25.22,100.78,20.79,75.78,23.76,1
5/14/2006,1.77,1.63,9.08,34.72,25.64,100.63,16.48,69.24,22.38,1
5/15/2006,1.62,2.09,10.59,35.98,25.39,100.53,19.58,64.87,22.19,1
5/16/2006,0.87,2.08,9.18,34.33,25.15,100.61,20.89,65.48,21.15,1
5/17/2006,2.37,2.35,7.73,33.16,25.43,100.67,20.22,75.04,23.42,1
5/18/2006,31.23,2.26,7.84,32.59,24.75,100.58,12.68,85.96,24.64,1
5/19/2006,28.37,2.52,5.98,30.65,24.67,100.55,7.72,86.57,24.77,1
5/20/2006,20.12,2.23,4.46,29.7,25.24,100.56,6.5,90.1,24.98,1
5/21/2006,4.55,2.23,5.65,30.32,24.67,100.68,16.18,87,24.53,1
5/22/2006,2.12,2.93,6.11,31.08,24.97,100.68,17.4,85.9,24.64,1
5/23/2006,2.8,2.13,7.02,31.58,24.56,100.65,21.32,84.48,24.66,1
5/24/2006,1.44,1.1,7.08,31.41,24.33,100.68,21.3,82.13,24.05,1
5/25/2006,6.98,1.72,6.5,31.05,24.55,100.72,16.44,84.19,24.58,1
5/26/2006,4.36,1.45,7.52,32.54,25.02,100.85,23.02,82.67,24.78,1
5/27/2006,0.1,1.47,4.77,29.79,25.02,100.88,19.01,86.24,24.62,1
5/28/2006,0.2,1.28,7.11,31.76,24.65,100.77,21.29,81.98,24.1,1
5/29/2006,0.88,1.26,7.42,32.09,24.67,100.59,19.82,80.55,24.24,1
5/30/2006,19.59,1.96,4.01,29.18,25.17,100.7,18.76,89.24,24.89,1
5/31/2006,2.28,1.95,6.11,30.53,24.42,100.83,17.65,87.07,24.67,1
6/1/2006,4.43,1.44,6.04,30.68,24.64,100.81,23.52,82.75,24.09,1
6/2/2006,0.16,1.43,7.12,31.57,24.45,100.76,21.15,81.31,24.14,1
6/3/2006,1.67,1.41,6.62,31.37,24.75,100.72,22.64,84.18,24.67,1
6/4/2006,4.6,2,6.94,31.5,24.56,100.76,23.42,82.2,24.2,1
6/5/2006,4.78,1.74,6.66,30.79,24.13,100.78,22.3,84.04,24.26,1
6/6/2006,0.51,1.91,7.34,31.69,24.35,100.75,21.76,82.47,24.34,1
6/7/2006,0.26,1.82,7.44,31.92,24.48,100.71,21.41,82.14,24.39,1
6/8/2006,0.39,1.98,7.49,32.18,24.69,100.62,24.38,81.74,24.4,1
6/9/2006,0.16,2.37,6.7,31.11,24.41,100.68,22.66,85.25,24.72,1
6/10/2006,0.41,2.11,5.56,30.61,25.05,100.81,22.56,84.47,24.4,1
6/11/2006,0.82,2.01,8.4,32.52,24.12,100.74,20.98,81.33,24.41,1
6/12/2006,1.89,2.3,5.96,31.01,25.05,100.6,21.6,84.27,24.68,1
6/13/2006,8.8,1.83,6.14,30.85,24.71,100.56,21.23,85.32,24.73,1
6/14/2006,8.49,2.07,6.56,31.52,24.96,100.58,20.45,83.32,24.34,1
6/15/2006,7.3,2.04,8.53,32.63,24.1,100.59,22.06,81.86,24.39,1
6/16/2006,2.58,2.31,7.25,32.43,25.18,100.54,21.62,82.47,24.95,1
6/17/2006,5.1,2.05,5.79,31.25,25.46,100.47,20.65,85.45,25.19,1
6/18/2006,25.79,2.71,3.5,28.58,25.08,100.34,14.35,91.69,25.3,1
6/19/2006,7.15,1.9,5.34,30.35,25.01,100.48,14.81,87.67,24.89,1
6/20/2006,5.24,1.58,5.09,30.27,25.18,100.54,22.15,88.69,25.08,1
6/21/2006,1.47,1.27,6.47,31.47,25,100.53,19.77,84.73,25.03,1
6/22/2006,1.82,1.4,5.08,30.07,24.99,100.48,20.92,86.89,24.75,1
6/23/2006,6.01,2.05,6.82,31.68,24.86,100.51,17.67,84.06,24.84,1
6/24/2006,2.96,1.33,4.28,29.57,25.29,100.62,20.84,87.98,24.91,1
6/25/2006,3.93,1.69,4.47,29.56,25.09,100.62,21.28,89.02,24.87,1
6/26/2006,23,1.35,5.86,30.33,24.47,100.62,16.19,87.68,24.93,1
6/27/2006,10.33,2.54,3.4,28.01,24.61,100.65,18.98,91.51,24.82,1
6/28/2006,10.4,2.78,6.9,30.75,23.85,100.68,14.31,88.91,24.61,1
6/29/2006,9.04,2.82,5.88,29.99,24.11,100.73,9.99,88.66,24.41,1
6/30/2006,8.01,2.21,5,28.82,23.82,100.77,13.37,88.48,23.93,1
7/1/2006,28.96,1.69,4.8,28.72,23.92,100.65,11.58,92.34,24.95,1
7/2/2006,42.1,2.96,4.01,28.53,24.52,100.55,11.52,92.86,25.04,1
7/3/2006,45.49,2.54,4.48,29.13,24.65,100.63,9.39,90.89,24.9,1
7/4/2006,17.34,2.4,4.2,28.71,24.51,100.62,10.6,92.11,24.96,1
7/5/2006,8.28,3.07,5.31,29.93,24.62,100.66,10.69,90.25,25.17,1
7/6/2006,3.79,2.61,5.55,29.96,24.41,100.67,19.07,89.85,25.11,1
7/7/2006,3.23,2.81,5.98,30.56,24.58,100.62,17.41,89.88,25.31,1
7/8/2006,4.77,2.82,5.42,30.31,24.89,100.58,19.4,90.04,25.53,1
7/9/2006,0.37,2.67,6.68,31.23,24.55,100.53,20.38,89.08,25.45,1
7/10/2006,3.39,2.76,5.97,30.82,24.85,100.55,19.94,89.07,25.5,1
7/11/2006,2.64,2.73,5.95,30.47,24.52,100.57,16.46,88.81,25.05,1
7/12/2006,8.77,2.84,4.12,29.01,24.89,100.56,14.65,91.51,25.14,1
7/13/2006,2,2.42,4.79,29.4,24.61,100.52,15.55,90.67,24.98,1
7/14/2006,4.37,2.69,4.52,29.18,24.66,100.52,17.97,92.35,25.25,1
7/15/2006,8.7,2.84,3.53,28.52,24.99,100.57,17.46,92.8,25.16,1
7/16/2006,8.58,2.87,3.78,28.4,24.62,100.56,15.94,92.67,24.92,1
7/17/2006,7.07,2.81,3.87,28.09,24.22,100.61,14.73,91.93,24.32,1
7/18/2006,3.35,2.48,3.55,27.63,24.08,100.8,14.69,91.02,23.95,1
7/19/2006,3.56,1.53,6.16,29.98,23.82,100.8,20.78,88.15,24.53,1
7/20/2006,6.29,1.97,4.04,28.71,24.67,100.72,19.64,90.48,24.53,1
7/21/2006,4.71,2.26,4.5,28.48,23.98,100.68,16.48,91.32,24.43,1
7/22/2006,1.35,2.55,5.28,29.01,23.73,100.74,11.73,89.39,23.96,1
7/23/2006,10.13,2.44,4.85,29.12,24.27,100.67,15,91.28,24.7,1
7/24/2006,6.44,2.67,5.55,29.53,23.98,100.66,15.8,89.92,24.56,1
7/25/2006,2.38,2.5,5.47,29.55,24.08,100.69,18.21,89.84,24.49,1
7/26/2006,3.36,2.22,5.11,29.65,24.54,100.86,17.92,90.23,24.73,1
7/27/2006,1.52,2.35,6.96,30.23,23.27,100.73,18.35,88.27,24.32,1
7/28/2006,5.07,2.25,6.23,29.65,23.42,100.58,18.49,86.8,23.81,1
7/29/2006,2.59,2.34,7.24,30.87,23.63,100.56,20.62,86.76,24.49,1
7/30/2006,7.59,2.52,3.88,28.4,24.52,100.64,13.21,91.65,24.67,1
7/31/2006,26.66,2.29,3.34,27.75,24.41,100.65,13.8,92.37,24.48,1
8/1/2006,3.34,2.27,4.37,27.97,23.6,100.68,15.55,91.05,23.85,1
8/2/2006,6.09,2.38,7.36,29.88,22.52,100.59,17.51,87.24,23.66,1
8/3/2006,5.9,2.98,5.61,29.23,23.62,100.58,13.84,89.91,24.21,1
8/4/2006,6.05,3.18,4.63,28.38,23.75,100.68,16.56,92.46,24.45,1
8/5/2006,4.07,2.87,5.18,29.05,23.87,100.73,15.87,90.74,24.42,1
8/6/2006,0.78,3.12,4.85,29.2,24.35,100.65,15.33,90.37,24.61,1
8/7/2006,1,3.01,5.03,29.68,24.65,100.46,13.13,89.81,24.75,1
8/8/2006,2.76,3.19,5.05,29.09,24.04,100.43,17.22,89.82,24.24,1
8/9/2006,2.64,2.95,5.78,29.42,23.64,100.46,15.11,89.27,24.32,1
8/10/2006,3.27,2.84,4.94,29.23,24.29,100.53,14.53,89.13,24.3,1
8/11/2006,2.09,2.41,4.84,28.89,24.05,100.55,16.28,89.58,24.3,1
8/12/2006,3.72,2.72,4.84,28.64,23.8,100.4,16.96,91.55,24.57,1
8/13/2006,10.49,2.81,5.21,29.64,24.43,100.29,10.05,89.78,24.75,1
8/14/2006,45.26,3.17,4.31,28.51,24.2,100.23,12.92,91.95,24.44,1
8/15/2006,14.36,4.01,4.43,28.49,24.06,100.3,8.88,91.8,24.23,1
8/16/2006,9.32,3.48,4.92,28.98,24.06,100.47,12.38,90.23,24.37,1
8/17/2006,3.21,2.86,5.62,29.76,24.14,100.6,18.36,89.34,24.64,1
8/18/2006,4.52,2.46,7.06,30.81,23.75,100.64,18.84,89.23,25.04,1
8/19/2006,1.62,2.7,5.12,29.57,24.45,100.76,18.43,91.05,25.08,1
8/20/2006,0.45,2.18,6.4,30.58,24.18,100.78,20.74,88.8,24.86,1
8/21/2006,1.08,2.11,6.93,30.79,23.86,100.74,22.12,88.73,24.94,1
8/22/2006,2.64,1.41,6.18,30.23,24.05,100.72,15.7,88.95,24.88,1
8/23/2006,4.35,1.97,6.18,30.25,24.07,100.72,14,87.26,24.42,1
8/24/2006,6.53,2.15,7.45,30.98,23.53,100.68,20.05,87.03,24.81,1
8/25/2006,9.79,2.73,4.4,29.26,24.86,100.69,16.53,91.55,25.29,1
8/26/2006,9.69,2.94,5.15,29.66,24.51,100.62,15.1,91.35,25.16,1
8/27/2006,0.34,2.1,5.64,29.94,24.3,100.63,20.42,88.84,24.6,1
8/28/2006,2.69,1.15,6.12,29.94,23.82,100.6,17.64,87.39,24.52,1
8/29/2006,13.57,1.73,3.72,28.28,24.56,100.63,11.8,92.79,25.04,1
8/30/2006,9.23,1.72,4.86,28.56,23.7,100.83,11.3,90.6,24.09,1
8/31/2006,5.69,2.28,6.88,29.88,23,100.81,18.92,88.68,24.06,1
9/1/2006,0.84,1.74,6.65,29.92,23.27,100.78,20.72,86.52,23.84,1
9/2/2006,1.78,1.49,7.65,31.06,23.41,100.77,20.39,85.87,24.45,1
9/3/2006,1.81,1.7,4.56,29.31,24.75,100.69,23.92,88.72,24.63,1
9/4/2006,11.33,1.18,5.81,30.19,24.38,100.55,21.24,87.96,25.01,1
9/5/2006,5.62,1.75,5.73,30.3,24.57,100.57,20.76,88.89,24.99,1
9/6/2006,0.31,1.88,6.85,31,24.15,100.61,20.3,87.69,24.82,1
9/7/2006,0.65,1.92,8.31,31.71,23.4,100.63,22.15,85.59,24.6,1
9/8/2006,0.01,2.03,7.47,31.44,23.97,100.7,22.8,86.45,24.78,1
9/9/2006,0.07,1.35,6.72,31.18,24.46,100.77,22.06,84.53,24.41,1
9/10/2006,0.91,1.33,6.18,30.62,24.44,100.81,18.4,86.26,24.86,1
9/11/2006,4.7,1.1,4.14,28.97,24.83,100.73,13.7,89.75,24.74,1
9/12/2006,6.16,1.65,6,29.49,23.49,100.78,14.86,88.49,24.23,1
9/13/2006,3.78,1.94,4.46,28.29,23.83,100.93,13.35,90.8,23.99,1
9/14/2006,8,1.72,6.61,30.35,23.74,100.9,16.25,88.4,24.39,1
9/15/2006,2,1.5,7.82,30.88,23.06,100.91,21.33,84.86,23.82,1
9/16/2006,2.64,1.71,5.57,29.75,24.18,100.98,20.19,87.64,24.27,1
9/17/2006,4.55,1.12,7.03,30.66,23.63,100.85,19.47,84.79,24.25,1
9/18/2006,10.56,2.08,4.22,28.8,24.58,100.79,10.94,91.09,24.66,1
9/19/2006,2.85,1.53,4.86,29.03,24.17,100.84,16.17,87.94,23.94,1
9/20/2006,3.01,1.6,4.92,28.09,23.17,100.91,9.78,90.56,23.85,1
9/21/2006,12.75,1.63,5.44,28.65,23.21,100.81,11.66,90.98,24.09,1
9/22/2006,15.02,2.1,3.27,27.12,23.85,100.68,11.98,93.4,24.26,1
9/23/2006,8.2,1.69,5.9,29.87,23.97,100.62,14.07,88.91,24.55,1
9/24/2006,19.38,1.69,4,28.38,24.38,100.61,14.9,91.7,24.48,1
9/25/2006,12.25,2.05,6.19,29.92,23.73,100.59,10.63,87.39,24.21,1
9/26/2006,17.04,2.5,5.14,28.68,23.54,100.48,12.56,91.12,24.47,1
9/27/2006,12.99,2.37,4.37,28.25,23.88,100.55,12.71,92.38,24.44,1
9/28/2006,12.77,2.12,5.32,28.89,23.57,100.75,16.07,90.56,24.28,1
9/29/2006,12.26,1.95,6.06,29.49,23.43,100.75,15.24,90.95,24.47,1
9/30/2006,43.35,2.03,3.76,27.71,23.95,100.6,11.23,94.69,24.84,1
10/1/2006,24.22,2.78,5.75,29.62,23.87,100.46,15.47,90.87,24.87,1
10/2/2006,13.35,2.94,5.48,29.53,24.05,100.42,18.35,90.96,24.86,1
10/3/2006,4.96,2.54,5.27,29.75,24.48,100.63,12.93,90.95,25.01,1
10/4/2006,17.79,1.66,4.1,28.2,24.1,100.75,13.68,92.55,24.79,1
10/5/2006,23.43,2.21,4.24,28.68,24.44,100.75,15.36,93.24,24.92,1
10/6/2006,11.03,2.17,4.96,28.5,23.54,100.87,16.16,92.7,24.39,1
10/7/2006,2.05,2.11,5.08,28.88,23.8,100.95,16.89,90.56,24.21,1
10/8/2006,0.84,1.54,7.26,30.71,23.45,100.99,15.16,87.76,24.57,1
10/9/2006,6.36,1.05,4.48,28.16,23.68,100.95,10.09,90.96,24.27,1
10/10/2006,17.12,1.09,2.62,26.06,23.44,101.08,11.92,93.19,23.73,1
10/11/2006,4.57,1.66,8.03,30.64,22.61,101.12,18.27,87.98,23.84,1
10/12/2006,0.86,1.5,5.64,28.56,22.92,101.13,21.28,90.76,23.9,1
10/13/2006,5,0.88,6.82,30.21,23.39,101.18,18.87,86.82,24.15,1
10/14/2006,6.89,0.83,3.85,28.1,24.25,101.07,16.06,90.15,24.27,1
10/15/2006,9.34,1.27,6.47,30.75,24.28,100.98,18.04,86.48,24.59,1
10/16/2006,3.19,1.43,6.81,30.58,23.77,101.03,17.17,87.72,24.72,1
10/17/2006,1.84,1.19,3.99,28.39,24.4,101.02,17.45,91.42,24.7,1
10/18/2006,8.01,1.02,3.47,27.98,24.51,101.01,14.99,90.43,24.16,1
10/19/2006,0.73,1.07,7.3,30.84,23.54,100.97,19.54,84.5,24.19,1
10/20/2006,0.11,1.29,6.84,30.65,23.81,101.04,21.29,83.02,24.03,1
10/21/2006,0.67,1.49,6.64,30.56,23.92,101.01,23.4,80.06,23.23,1
10/22/2006,7.07,1.03,6.89,30.9,24.01,100.97,19.09,77.89,23.16,1
10/23/2006,7.69,0.98,7.28,31.24,23.96,100.95,17.28,80.83,24.02,1
10/24/2006,0.36,1.2,6.99,31.34,24.35,100.96,19.54,83.25,24.41,1
10/25/2006,0.85,1.54,7.37,31.42,24.05,101,22.18,82.18,24.07,1
10/26/2006,3.11,1.73,7.75,31.03,23.28,100.99,21.95,83.52,24.21,1
10/27/2006,6.67,1.06,4.94,30.1,25.16,100.99,18.01,85.1,24.71,1
10/28/2006,1.84,1.12,5.22,29.61,24.39,100.92,21.77,87.56,24.28,1
10/29/2006,0,2.44,7.15,31.18,24.03,100.79,20.82,84.26,24.18,0
10/30/2006,0,2.32,6.7,30.92,24.22,100.84,18.29,80.93,23.43,0
10/31/2006,0.06,1.6,7.3,30.55,23.25,100.89,15.72,81.85,23.42,1
11/1/2006,0.12,1.2,5.94,29.77,23.83,100.89,14.29,86.49,23.77,1
11/2/2006,4.52,1.59,6.85,29.98,23.13,100.88,16.7,83.99,23.06,1
11/3/2006,0.11,1.75,8.36,30.38,22.02,100.9,19.75,83.96,22.74,1
11/4/2006,0,1.3,8.31,30.52,22.21,100.96,20.27,82.35,22.71,0
11/5/2006,0.12,1.5,8.22,30.69,22.47,100.93,19.53,82.26,22.94,1
11/6/2006,0.03,1.55,8.11,30.87,22.76,100.9,20.33,79.81,22.85,1
11/7/2006,0.9,1.48,6.1,29.11,23.01,100.94,17.45,85.76,22.94,1
11/8/2006,0.22,2.29,6.71,30.31,23.6,101.04,15.39,86.17,23.9,1
11/9/2006,1.65,1.62,7.7,31.23,23.53,101.14,20.41,83.45,23.97,1
11/10/2006,2.47,1.03,7.64,31.44,23.8,101.11,19.34,80.19,23.72,1
11/11/2006,0.05,1.71,6.6,30.65,24.05,101.03,21.39,81.54,23.34,1
11/12/2006,0,1.93,8.48,29.96,21.48,100.96,20.39,81.3,22.05,0
11/13/2006,0,1.58,9.04,30.98,21.94,100.89,19.59,78.04,22.27,0
11/14/2006,0.22,0.83,7.32,31.3,23.98,101.03,19.81,79.98,23.4,1
11/15/2006,4.64,0.82,7.44,31.31,23.87,101.01,17.2,81.98,23.92,1
11/16/2006,1.11,1.3,3.01,27.42,24.41,100.92,18.1,91.11,24,1
11/17/2006,0.12,1.07,6.47,30.85,24.38,100.83,18.41,84.36,24.02,1
11/18/2006,0.02,1,6.57,30.72,24.15,100.81,19.56,81.71,23.69,1
11/19/2006,1.61,0.86,6.58,31.23,24.65,100.85,18.44,81.51,24,1
11/20/2006,9.4,1.48,7.22,31.14,23.92,100.84,20.33,85.8,24.45,1
11/21/2006,4.79,1.06,6.38,30.42,24.04,100.77,20.05,85.95,24.16,1
11/22/2006,0.59,1.38,8.04,31.56,23.52,100.78,19.81,83.93,24.16,1
11/23/2006,0.75,1.58,7.87,31.38,23.51,100.89,19.87,81.05,23.21,1
11/24/2006,2.07,1.25,8.8,31.66,22.86,100.92,19.68,83.63,23.97,1
11/25/2006,0.99,0.82,8.18,31.87,23.69,100.85,19.31,80.97,23.81,1
11/26/2006,0,0.86,8.41,32.1,23.69,100.74,19.83,79.66,23.59,0
11/27/2006,0,0.95,9.17,32.4,23.23,100.77,20.41,79.88,23.67,0
11/28/2006,0,1.37,8.27,31.82,23.55,100.85,19.86,82.61,23.98,0
11/29/2006,0.03,1.06,9.44,32.55,23.11,100.88,20.76,78.99,23.5,1
11/30/2006,2.78,1.01,8.86,32.11,23.25,100.89,21.38,79.14,23.12,1
12/1/2006,0.01,0.99,9.93,32.3,22.37,100.87,19.87,77.27,22.53,1
12/2/2006,0,0.64,8.48,32.51,24.03,100.88,19.14,74.48,22.78,0
12/3/2006,0,1.59,8.78,32.81,24.03,100.95,19.81,73.94,22.43,0
12/4/2006,0.32,3.17,10.57,33.61,23.04,101,20.96,71.29,21.53,1
12/5/2006,3.05,2.49,8.89,31.41,22.52,101.04,11.62,78.57,22.37,1
12/6/2006,0.04,1.48,9.02,32.63,23.61,100.96,19.38,79.69,23.43,1
12/7/2006,0.57,1.88,9.2,33.53,24.33,100.93,20.15,77.13,23.22,1
12/8/2006,3.66,1.59,8.96,32.94,23.98,100.98,20.25,75.96,22.83,1
12/9/2006,0.25,1.49,10.05,33.74,23.69,101.02,17.23,72.76,22.47,1
12/10/2006,0.85,1.42,8.72,32.84,24.12,101,19.02,75.49,23.24,1
12/11/2006,0.24,1.62,10.14,33.64,23.5,100.93,17.69,70.66,22.16,1
12/12/2006,0.12,1.77,9.78,33.6,23.82,100.92,19.72,71.29,22,1
12/13/2006,0,1.45,10.88,34.08,23.2,100.95,17.28,68.21,21.26,0
12/14/2006,0,1.21,11.35,33.69,22.34,101.01,19.28,67.22,20.33,0
12/15/2006,0,0.89,11.19,33.69,22.5,100.99,18.28,67.01,20.93,0
12/16/2006,0,2.47,10.12,34.17,24.05,101.12,19.51,67.05,20.9,0
12/17/2006,0,3.39,11.05,33.28,22.23,101.15,20.81,59.44,18.06,0
12/18/2006,0,3.12,13.03,32.49,19.46,101.15,20.93,59.18,16.25,0
12/19/2006,0,2.87,13.13,33.79,20.66,101.16,21.21,61.2,18.36,0
12/20/2006,0.02,3.53,10.52,32.91,22.39,101.16,20.46,59.19,18.11,1
12/21/2006,0.02,3.78,10.96,32.37,21.41,101.11,20.75,54.68,15.74,1
12/22/2006,0,3.35,12.87,31.86,18.99,101.03,21.25,52.89,13.22,0
12/23/2006,0,2.43,15.12,32.35,17.23,101.03,21.35,56.69,14.36,0
12/24/2006,0,2.65,14.28,33.62,19.34,100.91,19.53,58.47,16.06,0
12/25/2006,0,1.71,15.22,34,18.78,100.86,19.99,58.56,16.78,0
12/26/2006,0,1.21,13.44,34.39,20.95,100.87,20.01,60.73,18.5,0
12/27/2006,0,1.4,13.01,34.38,21.37,100.87,18.93,61.32,19.06,0
12/28/2006,0,2.29,12.55,34.32,21.77,100.99,16.8,58.88,17.57,0
12/29/2006,0,2.12,13.17,33.41,20.24,101.06,17.97,55.15,16.11,0
12/30/2006,0,2.24,11.46,34.1,22.64,101.01,16.19,57.28,18.5,0
12/31/2006,0.51,2.38,11.47,34.64,23.17,101.03,17.71,61.94,20.01,1
1/1/2007,2.09,2.11,11.63,34.56,22.93,100.97,17.82,66,20.91,1
1/2/2007,0.03,1,10.9,35.3,24.4,100.89,19.31,66.52,21.47,1
1/3/2007,0,1.93,10.65,35.54,24.89,100.83,20.26,65.8,21.7,0
1/4/2007,0.02,1.77,8.09,33.52,25.43,100.84,17.02,72.88,22.94,1
1/5/2007,0.02,2.19,9.91,34.76,24.85,100.91,16.14,67.6,21.76,1
1/6/2007,0.08,2.95,6.74,31.39,24.65,101.05,10.85,66.42,20.37,1
1/7/2007,0.01,3.68,7.38,30.7,23.32,101.13,11,56.25,17.14,1
1/8/2007,0,3.82,12.13,34.54,22.41,101.15,12.73,54.22,17.39,0
1/9/2007,0,3.29,11.74,34.54,22.8,101.21,20.23,54.75,17.79,0
1/10/2007,0,2.38,12.49,34.48,21.99,101.17,19.34,54.25,17.75,0
1/11/2007,0,2.17,13.43,36.06,22.63,101.03,21.73,52.92,17.76,0
1/12/2007,0,1.65,13.51,36.75,23.24,100.95,21.41,52.72,18.48,0
1/13/2007,0,1.99,12.04,36.71,24.67,100.98,21.47,51.96,18.31,0
1/14/2007,0,1.96,11.05,35.55,24.5,101.01,17,51.75,17.95,0
1/15/2007,0,1.38,12.14,36.92,24.78,100.95,16.92,50.49,18.01,0
1/16/2007,0,1.09,11.53,36.37,24.84,100.94,20.8,55.44,19.68,0
1/17/2007,0.06,1.92,11.04,36.83,25.79,101.01,17.65,57.35,20.57,1
1/18/2007,0.42,1.89,11.86,37.51,25.65,101.02,20.81,56.36,20.29,1
1/19/2007,0,1.3,8.7,34.36,25.66,101.04,16.8,59.91,20.03,0
1/20/2007,0,1.51,11.31,36.43,25.12,100.97,19.68,55.25,19.62,0
1/21/2007,0.5,1.63,13.36,37.72,24.36,100.95,21.01,55.27,19.66,1
1/22/2007,0.36,1.78,13.64,38.07,24.43,101.04,21.15,49.63,16.7,1
1/23/2007,0,2.06,14.06,37.94,23.88,101.14,21.31,46.41,16.13,0
1/24/2007,0.11,2.62,12.22,36.92,24.7,101.19,22.48,45.29,16.5,1
1/25/2007,0,2.66,12.96,36.69,23.73,101.17,21.49,43.56,15.64,0
1/26/2007,0,2.31,12.01,35.92,23.91,101.22,21.75,43.58,14.61,0
1/27/2007,0,3.11,13.09,34.92,21.83,101.33,22.69,41.23,12.21,0
1/28/2007,0,4.12,12.77,33.05,20.28,101.5,22.34,40.59,11.06,0
1/29/2007,0,3.4,13.57,32.6,19.03,101.47,22.44,40.23,9.85,0
1/30/2007,0,2.78,14.47,32.52,18.05,101.53,22.92,37.97,8.22,0
1/31/2007,0,2.83,14.93,32.86,17.93,101.49,23.07,38.43,8.52,0
2/1/2007,0,3.06,14.13,32.75,18.62,101.48,22.95,37.83,8.41,0
2/2/2007,0,3.09,14.02,32.53,18.51,101.44,22.16,41.09,10.49,0
2/3/2007,0,2.5,14.46,32.88,18.42,101.38,21.93,39.8,10.06,0
2/4/2007,0,1.44,14.17,34.5,20.33,101.17,21.68,40.34,11.65,0
2/5/2007,0,1.28,12.82,33.82,21,101.19,19.47,49.82,15.16,0
2/6/2007,0,1.35,13.1,34.99,21.89,101.17,19.79,49.22,16.05,0
2/7/2007,0,1.44,13.77,35.65,21.88,101.22,21.74,51.04,16.55,0
2/8/2007,0,1.34,15.58,37.09,21.51,101.21,22.51,47.4,15.42,0
2/9/2007,0,1.76,15.11,37.73,22.62,101.16,22.66,45.81,15.82,0
2/10/2007,0,2.16,15.09,38.55,23.46,101.05,23.2,48.88,17,0
2/11/2007,0,2.12,15.13,38.87,23.74,101.05,20.73,51.26,18.39,0
2/12/2007,0,1.84,13.46,38.46,25,101.03,22.53,48.04,18.1,0
2/13/2007,0,2.79,13.58,38.17,24.59,101,21.9,49.83,18.09,0
2/14/2007,0,2.89,14.3,38.18,23.88,101.09,22.9,50.65,17.68,0
2/15/2007,0,2.89,14.92,38.05,23.13,101.04,22.61,53.11,17.76,0
2/16/2007,0,2.73,15.1,37.65,22.55,100.89,22.01,51.26,17.06,0
2/17/2007,0,2.4,15.07,37.98,22.91,100.83,21.3,51.74,17.79,0
2/18/2007,0,2.39,14.41,38.5,24.09,100.76,21.11,50.69,18.22,0
2/19/2007,0,2.6,12.91,38.09,25.18,100.73,19.29,51.02,19.06,0
2/20/2007,0,3.24,13.44,38.95,25.51,100.76,21.01,50.84,19.51,0
2/21/2007,0.12,3.58,10.22,36.84,26.62,100.83,15.27,55.18,20.61,1
2/22/2007,0.06,2.72,11.17,37.14,25.97,100.74,15.71,56.15,20.6,1
2/23/2007,0.28,2.92,12.7,37.66,24.96,100.7,18.78,52.06,19.31,1
2/24/2007,0,2.24,14.26,38.6,24.34,100.74,22.62,50.75,18.96,0
2/25/2007,0.07,2,13.73,39.08,25.35,100.64,21.09,49.7,19.08,1
2/26/2007,6.43,2.74,11.65,37.38,25.73,100.7,15.88,56.51,20.12,1
2/27/2007,0.55,2,11.1,36.56,25.46,100.73,18.98,55.13,20.01,1
2/28/2007,2.34,2.25,10.93,35.95,25.02,100.74,18.84,60.33,20.71,1
3/1/2007,0.06,2.57,11.92,37.47,25.55,100.78,20.31,52.46,19.35,1
3/2/2007,0.08,1.94,12.72,38.02,25.3,100.78,18.64,50.01,18.36,1
3/3/2007,0,1.87,13.87,37.94,24.07,100.79,21.62,48.8,17.64,0
3/4/2007,0,2.2,13.29,38.39,25.1,100.72,20.49,51.62,19.34,0
3/5/2007,0,1.98,13,38.7,25.7,100.78,21.57,52.95,20.12,0
3/6/2007,0,2.25,12.38,38.39,26.01,100.72,21.69,48.89,18.77,0
3/7/2007,0.09,2.11,11.13,37.61,26.48,100.66,19.27,50.95,19.44,1
3/8/2007,5.03,2.76,5.79,31.49,25.7,100.84,17.77,67.19,21.26,1
3/9/2007,0.57,2.49,12.48,37.26,24.78,100.93,12.37,55.73,18.86,1
3/10/2007,0.12,1.59,13.4,38.48,25.08,100.89,24,52.99,19.59,1
3/11/2007,0,1.9,13.45,39.26,25.81,100.9,23.62,49.63,18.99,0
3/12/2007,0,2.42,13.57,39.44,25.87,100.94,21.87,49.06,19.29,0
3/13/2007,0.01,2.76,12.5,38.81,26.31,100.93,21.61,49.96,19.55,1
3/14/2007,0.24,2.25,13.23,38.87,25.64,100.79,20.32,47.74,18.74,1
3/15/2007,0,2.3,12.77,39.08,26.31,100.61,21.49,51.43,20.25,0
3/16/2007,0,2.74,12.33,39.19,26.86,100.59,20.9,53.54,21.1,0
3/17/2007,0,3.03,10.58,37.64,27.06,100.61,20.98,54.27,21,0
3/18/2007,0.05,3.59,13.06,39.93,26.87,100.58,17.08,48.63,19.25,1
3/19/2007,5.33,2.33,10.77,36.94,26.17,100.73,20.53,56.07,20.65,1
3/20/2007,13.88,1.94,6.08,30.55,24.47,101.02,9.01,75.2,22.07,1
3/21/2007,4.06,2.09,9.53,33.28,23.75,100.97,19.65,71.13,21.68,1
3/22/2007,1.9,2.13,11.59,35.86,24.27,100.98,22.96,64.59,21.67,1
3/23/2007,1.85,1.57,6.98,32.65,25.67,101.01,19.96,73.21,22.66,1
3/24/2007,0.04,1.87,9.15,34.07,24.92,100.88,19.25,70.09,22.43,1
3/25/2007,0.04,1.54,9.61,34.49,24.88,100.69,18.81,68.13,22.52,1
3/26/2007,0.06,2.16,9.81,35.57,25.76,100.68,20.05,68.19,23.26,1
3/27/2007,1.02,1.49,7.96,34.1,26.14,100.77,19.49,70.88,23.85,1
3/28/2007,4.81,1.96,9.19,35.81,26.62,100.8,20.59,68.77,23.73,1
3/29/2007,0.08,2.55,12.5,37.82,25.32,100.84,21.36,60.52,21.58,1
3/30/2007,0,2.28,14.92,38.92,24,100.88,25.43,56.37,20.22,0
3/31/2007,0,2.35,14.32,38.74,24.42,100.89,23.89,58.79,21.3,0
4/1/2007,0,2.35,14.14,39.97,25.83,100.76,24.45,56.36,21.23,0
4/2/2007,0,2.38,14.38,39.95,25.57,100.67,26.11,54.82,20.47,0
4/3/2007,0.03,2.23,15.24,40.61,25.37,100.66,23.9,51.97,20.28,1
4/4/2007,1.29,2.48,9.18,36.06,26.88,100.97,20.8,53.19,19.85,1
4/5/2007,1.08,2.16,13.35,39.72,26.37,100.92,25.38,46.63,18.29,1
4/6/2007,1.58,1.9,13.13,39.28,26.15,100.87,23.04,49.09,19.14,1
4/7/2007,1.57,1.9,11.35,38.45,27.1,100.83,21.04,50.08,19.34,1
4/8/2007,21.45,1.47,7.67,33.4,25.73,100.93,16.44,68.73,22.8,1
4/9/2007,15.96,1.73,4.73,29.09,24.36,101.02,18.84,79.85,22.7,1
4/10/2007,1.34,1.21,10.55,34.59,24.04,100.96,19.83,68.87,22.04,1
4/11/2007,1.95,1.09,6.26,31.73,25.47,100.89,16.49,74.59,23.26,1
4/12/2007,0,0.94,7.93,33.06,25.13,100.85,17.1,69.8,22.37,0
4/13/2007,0.01,0.79,9.1,34.9,25.8,100.85,19.39,65.66,22.32,1
4/14/2007,0.47,1.25,10.82,36.55,25.73,100.85,18.81,62.48,22.33,1
4/15/2007,0.03,1.92,11.51,37.29,25.78,100.76,22.71,61.66,22.27,1
4/16/2007,0.03,1.32,8.75,35.21,26.46,100.72,20.08,69.47,23.94,1
4/17/2007,0,1.58,7.3,34.18,26.88,100.71,21.31,68.99,23.63,0
4/18/2007,0.43,1.42,11.77,37.12,25.35,100.71,19.5,65.48,23.31,1
4/19/2007,2.25,1.66,3.97,30.2,26.23,100.88,18.01,81.97,24.7,1
4/20/2007,0.27,1.82,13.43,38.5,25.07,100.82,20.01,61.8,21.86,1
4/21/2007,0.36,1.85,8.87,34.88,26.01,100.79,22.72,66.19,22.88,1
4/22/2007,1.83,1.17,10.84,36.7,25.86,100.76,23,66.47,23.28,1
4/23/2007,0.08,1.37,11.24,37.21,25.97,100.63,21.76,63.59,22.61,1
4/24/2007,0.19,1.97,10.74,37.17,26.43,100.56,22.63,65.81,23.46,1
4/25/2007,0.85,1.42,10.25,36.97,26.72,100.71,21.63,64.41,22.96,1
4/26/2007,0.29,1.78,12.27,38.53,26.26,100.83,21.15,58.17,21.82,1
4/27/2007,2.04,2.03,10.96,38.21,27.25,100.82,21.51,58.46,21.49,1
4/28/2007,12.24,1.35,7.34,33.32,25.98,100.74,20.49,74.26,23.32,1
4/29/2007,4.92,1.49,9.55,34.32,24.77,100.67,18.23,75.36,23.46,1
4/30/2007,9.26,2.03,7.1,32.82,25.72,100.72,17.42,78.26,24.1,1
5/1/2007,5.84,2.26,6.94,32.46,25.52,100.86,17.62,77.05,23.76,1
5/2/2007,5.22,2.09,12.39,36.94,24.55,100.73,21.37,68.42,22.74,1
5/3/2007,0.31,2.82,12.36,37.57,25.21,100.6,22.21,65.23,22.62,1
5/4/2007,0.98,2.3,10.16,35.67,25.51,100.67,19.51,68.55,23.06,1
5/5/2007,0.91,2.31,11.16,36.49,25.33,100.68,23.79,69.52,23.33,1
5/6/2007,3.56,2.47,8.65,34.41,25.76,100.6,17.64,76.05,24.43,1
5/7/2007,3.93,1.56,6.73,32.19,25.46,100.57,15.27,80.36,24.3,1
5/8/2007,3.12,1.47,9.87,34.89,25.02,100.54,16.65,74.33,23.66,1
5/9/2007,10.53,1.6,9.69,35.1,25.41,100.55,18.55,75.62,24.31,1
5/10/2007,17.33,2.21,5.11,30.76,25.65,100.58,16.49,85.75,24.97,1
5/11/2007,3.34,2.39,6.26,31.44,25.18,100.59,16.61,81.34,24.18,1
5/12/2007,5.7,1.45,8.62,33.39,24.77,100.66,16.45,81.9,24.54,1
5/13/2007,5.01,1.74,4.9,30.24,25.34,100.73,14.38,83.95,24.15,1
5/14/2007,13.32,1.34,6.45,31.35,24.9,100.72,14.94,83.61,24.43,1
5/15/2007,4.77,2,4.42,29.7,25.28,100.74,15.45,84.35,24.07,1
5/16/2007,0.32,1.66,8.96,33.55,24.59,100.81,19.62,76.49,23.83,1
5/17/2007,0.79,2.38,8.37,33.47,25.1,100.78,18.61,76.38,23.95,1
5/18/2007,0.33,1.76,6.89,32.53,25.64,100.81,21.21,77.35,23.98,1
5/19/2007,1.18,1.41,7.82,32.67,24.85,100.82,22.55,76.66,23.97,1
5/20/2007,1.66,1.97,7.23,32.63,25.4,100.74,23.19,79.12,24.55,1
5/21/2007,1.42,2.18,9.84,35.09,25.25,100.67,23.44,73.61,23.65,1
5/22/2007,2.27,2.29,7.91,33.27,25.36,100.74,24.22,76.93,24.14,1
5/23/2007,0.55,2.1,9.39,34.66,25.27,100.69,24.71,75.51,24.24,1
5/24/2007,1.22,2.57,9.77,35.15,25.38,100.54,25.05,75.35,24.5,1
5/25/2007,5.05,2.19,7.58,33.15,25.57,100.57,20.05,81.25,25.07,1
5/26/2007,3.76,2.16,7.74,33.42,25.68,100.63,20.37,78.3,24.67,1
5/27/2007,12.23,2.57,6.38,32.08,25.7,100.64,21.08,83.62,24.98,1
5/28/2007,7.54,2.32,6.71,31.62,24.91,100.62,12.26,82.52,24.26,1
5/29/2007,3.15,2.18,6.67,31.89,25.22,100.64,16.89,82.66,24.6,1
5/30/2007,2.41,2,8.38,33.4,25.02,100.7,22.49,76.85,23.85,1
5/31/2007,3.2,2.16,7.16,32.35,25.19,100.74,21.85,81.4,24.59,1
6/1/2007,2.17,1.93,7.75,32.67,24.92,100.63,23.6,80.43,24.6,1
6/2/2007,2.32,2.13,8.81,33.92,25.11,100.54,22.65,78.34,24.52,1
6/3/2007,8.41,1.63,5.61,31.17,25.56,100.6,20.61,84.88,24.91,1
6/4/2007,2.8,1.62,7.18,32.23,25.05,100.62,23.01,79.37,24.11,1
6/5/2007,2.05,1.73,7.6,32.75,25.15,100.57,20.99,78.66,24.43,1
6/6/2007,0.65,0.92,8.68,34.04,25.36,100.59,25.1,74.39,24.04,1
6/7/2007,1.85,1.43,7.66,33.1,25.44,100.64,24.31,77.74,24.5,1
6/8/2007,0.1,1.43,8.61,34.14,25.53,100.66,23.33,74.55,24.14,1
6/9/2007,0.33,1.33,8.19,33.76,25.57,100.58,23.81,75.47,24.37,1
6/10/2007,0.02,1.31,7.75,33.9,26.15,100.47,23.63,76.35,24.85,1
6/11/2007,3.56,1.62,6.95,33.28,26.33,100.4,20.94,77.1,24.83,1
6/12/2007,15.51,1.42,7.14,33.05,25.91,100.42,21.69,80.17,24.88,1
6/13/2007,0.52,1.37,7.87,33.3,25.43,100.45,22.09,76.93,24.39,1
6/14/2007,4.22,1.45,7.23,32.93,25.7,100.42,22.11,79.56,24.93,1
6/15/2007,5.8,1.61,5.38,31.62,26.24,100.43,19.23,83.92,25.34,1
6/16/2007,7.67,1.21,5.33,30.88,25.55,100.42,23.58,85.25,24.97,1
6/17/2007,12.3,0.73,7.24,32.32,25.08,100.34,21.48,80.41,24.29,1
6/18/2007,5.56,1.19,7.6,32.73,25.13,100.27,21.3,80.93,24.79,1
6/19/2007,1.06,1.8,7.38,32.74,25.36,100.3,22.22,80.53,24.76,1
6/20/2007,5.02,1.18,6.38,31.8,25.42,100.4,22.79,81.6,24.47,1
6/21/2007,5.29,1.08,8.33,33.36,25.03,100.39,21.21,77.6,24.22,1
6/22/2007,8.95,0.89,5.15,30.91,25.76,100.48,12.86,83.71,24.91,1
6/23/2007,6.51,1.47,6.89,32.18,25.29,100.58,14.97,83.22,24.76,1
6/24/2007,3.79,2.73,6.77,32.39,25.62,100.55,15.89,83.58,25.17,1
6/25/2007,5.5,3.14,6.72,32.32,25.6,100.54,14.92,84.98,25.41,1
6/26/2007,9.87,3.47,4.61,30.26,25.65,100.46,16.27,89.37,25.48,1
6/27/2007,4.14,2.74,5.06,30.36,25.3,100.68,16.88,88.97,25.17,1
6/28/2007,5.83,1.78,7.21,31.56,24.35,100.87,14.62,82.74,24.12,1
6/29/2007,22.71,1.92,6.92,31.08,24.16,100.81,8.19,84.27,24.22,1
6/30/2007,2.37,2.76,5.61,29.63,24.02,100.69,12.57,86.53,23.74,1
7/1/2007,2.6,2.83,6.04,30.13,24.09,100.57,14.29,86.88,24.23,1
7/2/2007,4.56,2.95,4.69,29.25,24.56,100.57,12.32,88.99,24.37,1
7/3/2007,4.4,3.16,5.93,30.41,24.48,100.66,11.98,85.93,24.06,1
7/4/2007,8.88,3.16,7.22,31,23.78,100.65,12.93,86.96,24.5,1
7/5/2007,12.54,3.25,4.09,28.85,24.76,100.64,12.63,90.89,24.79,1
7/6/2007,11.55,3,5.87,29.98,24.11,100.67,14.51,89.31,24.61,1
7/7/2007,1.12,2.69,4.87,29.22,24.35,100.73,16.21,88.99,24.59,1
7/8/2007,1.36,2.95,6.54,30.67,24.13,100.58,19.88,85.93,24.18,1
7/9/2007,1.7,2.93,6.14,30.51,24.37,100.43,20.62,86.42,24.42,1
7/10/2007,2.06,3.02,4.49,29.54,25.05,100.44,20.41,88.28,24.7,1
7/11/2007,3.48,2.89,5.31,30.09,24.78,100.43,12.92,87.67,24.72,1
7/12/2007,0.81,3.1,4.3,29.03,24.73,100.42,18.39,88.3,24.41,1
7/13/2007,2.62,2.68,6.8,30.92,24.12,100.4,18.95,85.52,24.48,1
7/14/2007,3.92,2.56,5.09,29.87,24.78,100.46,12.43,88.96,24.94,1
7/15/2007,34.57,2.72,5.31,30.3,24.99,100.57,17.28,89.45,25.28,1
7/16/2007,7.28,2.18,3.51,28.75,25.24,100.64,11.35,92.17,25.18,1
7/17/2007,9.96,2.1,6.49,30.98,24.49,100.66,19.35,86.1,24.66,1
7/18/2007,1.46,1.43,7.95,31.87,23.92,100.64,22.24,83.03,24.39,1
7/19/2007,9.62,1.77,5.58,30.49,24.91,100.72,22.42,87.29,25.08,1
7/20/2007,6.12,1.1,6.65,30.91,24.26,100.74,24.04,84.4,24.49,1
7/21/2007,0.49,0.87,5.48,30.1,24.62,100.72,7.49,84.07,24.48,1
7/22/2007,0.37,0.96,6.58,31.3,24.72,100.68,24,80.53,24.27,1
7/23/2007,1.77,0.81,6.24,30.67,24.43,100.77,21.83,83.72,24.41,1
7/24/2007,0.22,0.93,6.01,30.77,24.76,100.82,21.66,82.47,24.21,1
7/25/2007,0.1,1.17,8,32.1,24.1,100.79,22.63,80.85,23.93,1
7/26/2007,1.92,1.15,7.41,31.03,23.62,100.68,20.19,82.21,24,1
7/27/2007,3.66,1.44,6.09,30.33,24.24,100.67,18.72,86.02,24.26,1
7/28/2007,7.05,1.96,4.85,29.37,24.52,100.66,15.64,87.65,24.17,1
7/29/2007,1.67,1.56,7.24,30.92,23.68,100.69,17.36,84.59,24.1,1
7/30/2007,2.6,2.01,7.26,31.22,23.96,100.74,16.91,85,24.38,1
7/31/2007,1.74,3.07,5.27,29.33,24.06,100.75,16.13,87.35,23.91,1
8/1/2007,0.38,2.68,7.36,30.78,23.42,100.73,16.41,84.74,23.76,1
8/2/2007,2.74,2.49,4.48,28.08,23.6,100.82,9.03,88.88,23.51,1
8/3/2007,3.63,2.77,6.87,30.06,23.19,100.73,15.01,84.79,23.09,1
8/4/2007,18.35,2.88,4.97,28.25,23.28,100.42,8.43,89.5,23.7,1
8/5/2007,1.41,3.42,4.6,28.25,23.65,100.33,8.57,87.74,23.02,1
8/6/2007,6.12,3.27,4.78,28.58,23.8,100.48,10.87,89.19,23.8,1
8/7/2007,0.47,2.7,7.22,30.96,23.74,100.39,13.14,85.62,24.14,1
8/8/2007,0.73,3.64,6.68,31.28,24.6,100.18,17.85,84.89,24.28,1
8/9/2007,5.35,4.04,5.34,29.85,24.51,100.28,10.82,87.04,24.22,1
8/10/2007,0.69,3.33,4.98,29.44,24.46,100.53,12.19,86.34,24.08,1
8/11/2007,7.14,2.72,8.31,31.71,23.4,100.6,20.37,84.14,24.21,1
8/12/2007,0.07,2.5,6.12,30.61,24.49,100.66,20.02,86.16,24.6,1
8/13/2007,0.54,2.56,6.05,31.25,25.2,100.61,23.78,85.11,24.79,1
8/14/2007,0.01,2.48,6.71,31.67,24.96,100.57,22.41,84.14,24.81,1
8/15/2007,0.52,3.32,6.58,31.64,25.06,100.43,17.38,85.02,24.94,1
8/16/2007,8.21,2.78,4.99,30.15,25.16,100.42,16.84,87.43,24.9,1
8/17/2007,1.1,3.05,4.94,29.83,24.89,100.47,12.98,87.8,24.51,1
8/18/2007,0.27,3,7.05,31.38,24.33,100.52,20.36,85.12,24.53,1
8/19/2007,2.99,2.35,6.82,31.38,24.56,100.58,18.53,84.81,24.68,1
8/20/2007,14.87,2.27,6.6,31.27,24.67,100.63,20.21,87.24,25.14,1
8/21/2007,1.93,2.42,5.4,30.09,24.69,100.64,18.73,88,24.73,1
8/22/2007,0.19,2.67,5.69,30.04,24.35,100.71,19.21,86.65,24.28,1
8/23/2007,0.21,2.05,8.03,31.91,23.88,100.68,22.9,82.98,24.24,1
8/24/2007,0.47,2.03,7.33,31.8,24.47,100.68,22.33,82.98,24.53,1
8/25/2007,1.67,1.4,5.9,30.67,24.77,100.71,21.74,85.91,24.61,1
8/26/2007,0.71,1.63,8.75,33.24,24.49,100.59,22.57,79.41,24.03,1
8/27/2007,31.12,2.18,4.19,29.05,24.86,100.53,20.98,88.26,24.4,1
8/28/2007,48.1,2.74,3.98,28.8,24.82,100.46,16.61,90.62,24.71,1
8/29/2007,0.82,2.45,5.91,30.24,24.33,100.56,17.91,88.19,24.64,1
8/30/2007,4.08,2.69,5.6,30.26,24.66,100.64,17.31,89.47,24.9,1
8/31/2007,6.78,2.06,6.89,31.14,24.25,100.61,22.89,87.1,24.91,1
9/1/2007,6.98,1.7,6.44,31.03,24.59,100.58,23.16,85.02,24.69,1
9/2/2007,22.52,1.08,4.06,29.25,25.19,100.66,18.11,90.05,25.13,1
9/3/2007,6.44,1.48,6.46,30.64,24.18,100.75,15.97,87.01,24.56,1
9/4/2007,9.16,2.15,8.43,32.05,23.62,100.74,20.38,83.4,24.14,1
9/5/2007,0.08,1.87,7.21,31.27,24.06,100.74,21.82,86.4,24.86,1
9/6/2007,0.6,1.43,8.07,31.99,23.92,100.72,20.77,83.39,24.66,1
9/7/2007,7.15,1.29,6,30.69,24.69,100.65,20.48,84.44,24.94,1
9/8/2007,1.18,1.23,7.24,31.89,24.65,100.58,22.02,83.1,24.94,1
9/9/2007,0.17,1.21,5.62,30.8,25.18,100.58,20.02,83.61,24.89,1
9/10/2007,1.74,1.35,6.21,31.3,25.09,100.59,20.58,84.18,24.77,1
9/11/2007,2.09,1.99,7.14,31.57,24.43,100.55,21.75,85.39,24.76,1
9/12/2007,3.37,2.06,7,31.39,24.39,100.47,20.63,84.74,24.75,1
9/13/2007,1.84,1.69,5.65,30.24,24.59,100.47,20.36,88.96,25.22,1
9/14/2007,3.72,1.59,5,29.61,24.61,100.49,17.78,89.12,24.43,1
9/15/2007,6.34,1.68,6.21,30.8,24.59,100.36,16.81,87.39,24.89,1
9/16/2007,5.82,2.54,6.28,30.59,24.31,100.37,20.5,86.29,24.59,1
9/17/2007,36.65,2.37,2.87,27.96,25.09,100.51,17.09,93.35,25.12,1
9/18/2007,13.37,2.71,4.37,28.67,24.3,100.58,13.68,91.52,24.56,1
9/19/2007,6.75,2.27,5.37,29.43,24.06,100.53,16.06,90,24.51,1
9/20/2007,14.39,2.22,4,28.28,24.28,100.61,13.47,91.46,24.25,1
9/21/2007,23.92,1.95,3.92,27.61,23.69,100.61,11.91,90.5,23.8,1
9/22/2007,1.89,2.25,8.18,30.49,22.31,100.63,14.96,85.11,23.31,1
9/23/2007,3.37,2.51,7.7,30.96,23.26,100.52,18.42,84.26,23.73,1
9/24/2007,2.56,1.26,6.69,30.51,23.82,100.43,18.25,84.28,24.18,1
9/25/2007,11.76,2.23,5.13,30.12,24.99,100.58,19.7,90.1,25.18,1
9/26/2007,3.35,2.44,5.81,30.4,24.59,100.76,18.19,88.61,24.95,1
9/27/2007,9.26,2.21,5.69,29.78,24.09,100.78,16.5,88.57,24.58,1
9/28/2007,11,2.53,6.53,29.99,23.46,100.77,13.42,88.61,24.25,1
9/29/2007,5.47,2.5,6.16,29.63,23.47,100.84,15.04,88.87,23.88,1
9/30/2007,12.38,1.79,3.48,27.43,23.95,100.77,11.39,93.62,24.41,1
10/1/2007,18.59,2.3,4.01,27.56,23.55,100.46,15.75,94.39,24.66,1
10/2/2007,5.69,2.8,3.59,28.3,24.71,100.37,14.14,91.84,24.69,1
10/3/2007,3.17,3.45,4.36,28.93,24.57,100.37,13.55,91.22,24.74,1
10/4/2007,2.71,3.24,4.35,29.32,24.97,100.51,9.54,91.42,25.12,1
10/5/2007,4.42,2.18,4.49,28.77,24.28,100.68,14.38,92.69,24.93,1
10/6/2007,4.71,1.56,6.17,29.59,23.42,100.67,18.83,88.44,24.12,1
10/7/2007,3.55,1.61,5.11,29.27,24.16,100.69,17.62,90.85,24.8,1
10/8/2007,5.53,1.16,5.97,30.07,24.1,100.81,17.76,87.51,24.52,1
10/9/2007,0.92,0.82,8.18,32.29,24.11,100.76,21.41,80.45,24.06,1
10/10/2007,4.78,1.1,4.73,29.15,24.42,100.71,11.61,89.86,24.67,1
10/11/2007,6.94,1.03,2.05,26.59,24.54,100.79,18.13,93.14,24.25,1
10/12/2007,6.88,1.29,7.19,30.77,23.58,100.89,17.98,86.84,24.3,1
10/13/2007,2.16,1.4,4.18,28.17,23.99,100.93,15.71,92.73,24.43,1
10/14/2007,4.7,1.01,5.49,29.68,24.19,100.98,18.29,85.31,24.02,1
10/15/2007,12.05,0.59,3.19,27.98,24.79,101.04,19.66,89.09,24.28,1
10/16/2007,5.36,1.56,5.67,29.33,23.66,100.99,19.87,89.22,24.28,1
10/17/2007,4.05,2.06,5.21,29.35,24.14,100.97,17.32,90.49,24.55,1
10/18/2007,4.19,2.02,6.16,30.34,24.18,100.89,14.7,87.11,24.52,1
10/19/2007,3.48,2.45,6.42,30.58,24.16,100.93,17.73,86,24.26,1
10/20/2007,0.27,2.33,8.21,30.5,22.29,100.88,18.94,83.54,23.09,1
10/21/2007,1.26,2.42,6.61,30.02,23.41,100.81,20.42,85.72,23.65,1
10/22/2007,7.09,2.36,6.58,30.21,23.63,100.68,16.9,88.33,24.39,1
10/23/2007,8.06,2.1,5.85,29.65,23.8,100.7,13.61,89.7,24.47,1
10/24/2007,0.34,2.24,7.32,31.1,23.78,100.71,16.63,84.52,23.89,1
10/25/2007,2.55,2.12,6.81,30.55,23.74,100.67,11.15,87.88,24.35,1
10/26/2007,2.75,2.42,2.65,26.92,24.27,100.62,13.71,93.45,24.49,1
10/27/2007,5.68,1.76,5.13,29.37,24.24,100.62,15.74,89.93,24.61,1
10/28/2007,1.1,1.25,6.47,30.95,24.48,100.6,16.41,86.37,24.71,1
10/29/2007,1.8,1.65,5.39,30.06,24.67,100.61,18.35,82.48,23.62,1
10/30/2007,0.12,1.99,3.45,26.35,22.9,100.7,13.63,88.08,22.41,1
10/31/2007,0.04,1.46,8.01,30.49,22.48,100.83,18.6,85.5,23.4,1
11/1/2007,4.15,0.98,6.68,30.29,23.61,100.9,18.37,86.21,24.07,1
11/2/2007,2.33,1.55,5.83,29.86,24.03,100.77,14.59,87.83,24.27,1
11/3/2007,5.53,2.3,5.27,28.94,23.67,100.77,17.42,89.07,23.76,1
11/4/2007,4.15,3.09,6.19,29.59,23.4,100.81,12.88,87.76,23.66,1
11/5/2007,6.47,2.65,4.68,28.25,23.57,100.8,14.55,89.39,23.56,1
11/6/2007,3.37,2.55,6.62,28.96,22.34,100.82,17.9,82.89,22.12,1
11/7/2007,0.06,1.96,7.49,29.77,22.28,100.78,18.12,83.87,22.52,1
11/8/2007,0.08,2.24,7.72,29.89,22.17,100.71,20.39,81.67,21.91,1
11/9/2007,0.67,1.88,9.97,30.38,20.41,100.71,22.08,80.73,21.6,1
11/10/2007,0.17,2.45,8.18,30.16,21.98,100.66,14.14,84.19,22.92,1
11/11/2007,0.77,2.03,6.64,29.93,23.29,100.7,9.87,87.13,23.79,1
11/12/2007,1.61,1.65,7.05,30.06,23.01,100.74,12.02,87.82,24.05,1
11/13/2007,4.25,1.28,6.84,30.52,23.68,100.72,19.24,85.19,23.9,1
11/14/2007,10.38,0.92,6.78,30.48,23.7,100.77,17.47,86.36,24.09,1
11/15/2007,7.78,1.59,5.82,29.87,24.05,100.96,16.78,85.58,23.61,1
11/16/2007,0.12,2.19,8.44,30.22,21.78,100.94,21.6,79.17,21.95,1
11/17/2007,0.01,2.11,7.04,30.39,23.35,100.7,16.17,84.25,23.4,1
11/18/2007,1.6,1.54,5.1,28.71,23.61,100.76,17.08,87.91,23.75,1
11/19/2007,5.87,1.72,6.07,29.88,23.81,101.01,13.72,86.29,23.36,1
11/20/2007,0,2.59,7.77,30.74,22.97,101.04,18.67,82.22,22.94,0
11/21/2007,0,2.84,8.46,30.24,21.78,101.01,19.29,77.85,21.47,0
11/22/2007,0,3.01,5.35,27.36,22.01,100.96,14.07,84,21.22,0
11/23/2007,0.01,3.64,9.49,29.57,20.08,100.74,16.02,78.98,20.24,1
11/24/2007,0,2.98,9.6,29.79,20.19,100.83,19.71,78.19,20.25,0
11/25/2007,0,2.35,10.7,30.79,20.09,100.96,21.59,75.9,20.09,0
11/26/2007,0.03,2,9.57,30.83,21.26,101.03,18.13,78.1,21.33,1
11/27/2007,0.02,3.13,9.68,29.86,20.18,100.97,19.81,71.59,18.59,1
11/28/2007,0,2.47,11.32,28.67,17.35,101.04,21.52,67.66,15.93,0
11/29/2007,0,1.75,12.83,28.84,16.01,101.22,21.46,72.52,16.65,0
11/30/2007,0,2.52,11.78,28.13,16.35,101.43,21.62,69.32,15.63,0
12/1/2007,0,1.76,13.09,29.19,16.1,101.33,22.42,70.01,16.56,0
12/2/2007,0,1.95,12.57,29.92,17.35,101.28,21.84,71.17,17.32,0
12/3/2007,0,2.06,13.12,30.62,17.5,101.26,22.67,68.33,16.96,0
12/4/2007,0,2.15,12.67,30.99,18.32,101.2,22.04,70.32,18.56,0
12/5/2007,0,2.43,12,32.31,20.31,101.1,20.03,72.02,20.66,0
12/6/2007,0,2.52,10.03,33.16,23.13,101.03,20.26,74.17,21.94,0
12/7/2007,0,2.45,9.75,32.64,22.89,100.96,17.74,74.28,21.85,0
12/8/2007,0,2.41,10.22,32.71,22.49,100.9,20.15,71.56,20.93,0
12/9/2007,0,1.78,11.95,33.01,21.06,100.84,20.63,69.27,20.14,0
12/10/2007,0,2.36,11.88,33.5,21.62,100.78,20,68.61,20.06,0
12/11/2007,0,1.82,11.03,34,22.97,100.77,17.8,68.52,20.62,0
12/12/2007,0,1.72,12.2,34.4,22.2,100.66,19.62,69.74,21.37,0
12/13/2007,0,1.76,9.54,34.37,24.83,100.65,17.77,72.7,22.44,0
12/14/2007,0,1.7,9.08,33.48,24.4,100.61,17.47,75.41,22.96,0
12/15/2007,0,1.91,9.33,33.69,24.36,100.7,15.47,73.19,22.27,0
12/16/2007,0.04,1.8,11.5,34.73,23.23,100.83,19.92,71.6,22.28,1
12/17/2007,3.89,1.83,10.96,35.32,24.36,100.88,19.53,69.98,22.27,1
12/18/2007,20.65,1.78,8.2,33.02,24.82,100.9,17.03,78.28,23.63,1
12/19/2007,0,2.09,10.2,34.49,24.29,100.88,17.83,71.26,21.89,0
12/20/2007,0.11,1.94,10.85,33.9,23.05,100.96,18.85,71.87,21.21,1
12/21/2007,0.63,1.05,12.14,34,21.86,101,19.4,72.91,21.57,1
12/22/2007,0,1.2,11.16,34.18,23.02,100.89,17.38,71.94,21.81,0
12/23/2007,0,1.31,11.42,34.25,22.83,100.79,17.97,71.83,21.68,0
12/24/2007,0,1.25,11.68,34.63,22.95,100.72,18.32,70.68,21.52,0
12/25/2007,0.01,1.18,11.72,34.38,22.66,100.75,21.39,64.93,19.47,1
12/26/2007,0,1.44,13.42,34.44,21.02,100.85,20.23,61.36,18.67,0
12/27/2007,0,1.9,11.57,33.97,22.4,100.79,18.03,59.16,18.62,0
12/28/2007,0,2.1,10.38,33.49,23.11,100.64,16.24,64.38,19.06,0
12/29/2007,0.05,2.03,10.49,33.63,23.14,100.69,14.64,64.79,19.24,1
12/30/2007,0,2.61,10.97,33.57,22.6,100.75,15.32,65.02,19.27,0
12/31/2007,0,2.7,9.2,31.38,22.18,100.89,15.33,61.37,17.85,0
1/1/2008,0,3.45,11.22,32.53,21.31,101.05,16.18,54.7,15.89,0
1/2/2008,0,3.17,8.57,29.16,20.59,101.25,12.45,56.84,15.35,0
1/3/2008,0,2.23,11.64,31.92,20.28,101.22,14.67,57.81,16.74,0
1/4/2008,0,2.24,9.76,31.9,22.14,101.17,13.6,61.22,17.85,0
1/5/2008,0,2.27,12.17,33.8,21.63,101.11,16.67,60.69,17.91,0
1/6/2008,0,1.31,10.7,31.96,21.26,101.18,20.89,62.26,17.3,0
1/7/2008,0,0.82,13.49,34.31,20.82,101.13,19.4,60.75,18.12,0
1/8/2008,0,0.94,13.08,35.25,22.17,101.03,19.6,67.55,20.7,0
1/9/2008,0,1.75,12.03,34.4,22.37,101.01,18.07,68.11,20.96,0
1/10/2008,0,1.78,11.56,34.49,22.93,100.98,18.13,68.32,21.17,0
1/11/2008,0,1.61,12.53,35.5,22.97,100.9,18.77,67.21,21.21,0
1/12/2008,0.05,1.34,12.33,35.57,23.24,100.8,18.16,67.46,21.48,1
1/13/2008,0,1.43,12.03,35.76,23.73,100.78,17.5,67.53,21.65,0
1/14/2008,0,1.67,11.48,35.27,23.79,100.85,17.41,59.88,19.23,0
1/15/2008,0.09,2.72,14.73,36.35,21.62,100.96,22.34,49.86,16.05,1
1/16/2008,1.82,3.5,8.8,33.09,24.29,101.15,16.91,60.47,18.99,1
1/17/2008,0.26,3.84,11.91,34.48,22.57,101.16,18.03,54.54,17.3,1
1/18/2008,0.01,3.13,13.33,35.55,22.22,100.96,22.72,52.83,17.15,1
1/19/2008,0.23,1.94,13.49,35.88,22.39,100.85,22.14,56.68,18.48,1
1/20/2008,0.93,1.36,12.93,35.65,22.72,100.83,22.28,66.3,20.78,1
1/21/2008,0,1.43,13.74,37.01,23.27,100.72,22.2,58.2,18.82,0
1/22/2008,0,1.54,14.07,36.66,22.59,100.74,20.99,59.69,18.21,0
1/23/2008,0.05,2.28,14.76,36.04,21.28,100.86,20.02,57.8,18.46,1
1/24/2008,0.81,2.74,9.91,33.63,23.72,100.87,14.79,65.47,20.43,1
1/25/2008,0,1.35,11.33,35.67,24.34,100.86,12.96,62.61,20.7,0
1/26/2008,0,1.9,10.79,36.13,25.34,100.87,19.62,54.47,18.88,0
1/27/2008,0.12,2,11.72,36.31,24.59,100.82,16.49,55.73,19.52,1
1/28/2008,0.58,1.62,12.3,36.43,24.13,100.84,18.46,57.94,19.5,1
1/29/2008,0,2.08,14.78,37.54,22.76,100.79,18.6,54.48,18.4,0
1/30/2008,0.02,2.29,12.88,36.36,23.48,100.78,13.06,60.07,20.25,1
1/31/2008,0.09,2.09,12.69,36.84,24.15,100.78,17.67,54.27,18.71,1
2/1/2008,0.05,2.06,12.8,37.77,24.97,100.76,18.62,50.8,18.31,1
2/2/2008,2.03,1.28,13.26,37,23.74,100.73,17.08,55.87,19.53,1
2/3/2008,2.08,1.64,10.99,35.81,24.82,100.8,13.89,62.24,20.63,1
2/4/2008,0.53,1.8,12.82,35.86,23.04,100.85,17.28,56.75,18.55,1
2/5/2008,0,0.98,13.24,36.9,23.66,100.89,19.44,52.27,18.52,0
2/6/2008,0,1.71,13.48,37.83,24.35,100.84,20.6,48.87,17.87,0
2/7/2008,0.58,1.61,11.89,36.46,24.57,100.82,18.81,55.39,19.47,1
2/8/2008,1.24,1.64,12.42,36.36,23.94,100.9,19.83,55.19,18.2,1
2/9/2008,0.92,1.35,13.43,35.36,21.93,100.99,19.16,52.23,16.71,1
2/10/2008,0,1.66,12.58,35.25,22.67,101.01,17.8,48.37,16.27,0
2/11/2008,0,1.25,12.47,36.36,23.89,100.98,18.73,44.82,16.06,0
2/12/2008,0.04,1.62,9.48,34.72,25.24,100.97,16.3,48.84,17.08,1
2/13/2008,0,2.29,12.26,35.38,23.12,101.08,21.29,43.21,14.71,0
2/14/2008,0.03,2.65,14.11,35.83,21.72,101.17,20.15,43.82,14.6,1
2/15/2008,0.26,2.55,13.49,35.53,22.04,101.21,21.21,44.58,14.56,1
2/16/2008,0,2.04,13.61,35.82,22.21,101.14,18.86,43.62,14.59,0
2/17/2008,0,1.93,13.17,36.68,23.51,101.11,15.66,44,14.79,0
2/18/2008,0,3.12,14.57,36.64,22.07,101.17,19.59,44.05,14.73,0
2/19/2008,0,4.06,11.14,34.42,23.28,101.25,21.37,40.79,13.01,0
2/20/2008,0,3.66,13.65,35.6,21.95,101.18,23.81,39.4,12.22,0
2/21/2008,0,3.49,12.11,34.44,22.33,101.1,22.91,43.22,14.23,0
2/22/2008,0.01,3.49,11.29,35.22,23.93,100.99,17.44,51.92,17.08,1
2/23/2008,0.19,2.56,12.1,36.35,24.25,100.91,12.78,58.27,19.42,1
2/24/2008,2.47,2,12.05,36.79,24.74,100.8,19.67,60.87,20.86,1
2/25/2008,1.49,1.53,9.02,33.78,24.76,100.78,13.74,62.77,21.04,1
2/26/2008,0.13,1.6,7.75,32.79,25.04,100.89,12.54,61.97,20.8,1
2/27/2008,4.26,3.54,14.15,38.95,24.8,100.98,20.49,49.79,18.54,1
2/28/2008,0.67,3.12,13.33,36.99,23.66,100.96,20.52,50.36,17.61,1
2/29/2008,0,2.31,13.5,37.13,23.63,100.85,20.89,48.01,17.08,0
3/1/2008,0,2.23,12.23,36.76,24.53,100.86,22.9,46.28,16.83,0
3/2/2008,0,2.16,11.72,36.77,25.05,100.92,22.82,46.43,16.5,0
3/3/2008,0,2.82,13.25,36.52,23.27,100.93,23.86,39.2,13.15,0
3/4/2008,0,1.98,13.04,35.92,22.88,100.85,21.13,43.02,15.09,0
3/5/2008,0,2.12,12.47,37.2,24.73,100.92,22.93,45.01,16.68,0
3/6/2008,0.92,2.14,10.61,36.62,26.01,100.97,15.89,52.29,19.17,1
3/7/2008,9.27,2.04,8.93,34.02,25.09,101.03,18.49,65.85,21.4,1
3/8/2008,8.71,2.73,8.37,31.95,23.58,101.04,19.41,72.9,21.71,1
3/9/2008,6.8,2.3,13.62,35.97,22.35,100.93,24.08,60.57,19.64,1
3/10/2008,0.15,2.42,13.15,37.25,24.1,100.83,22.13,58.46,20.09,1
3/11/2008,2.22,2.01,11.75,36.56,24.81,100.82,20.77,60.48,20.43,1
3/12/2008,0.22,2.01,13.14,37.21,24.07,100.77,22.94,57.87,20.07,1
3/13/2008,0.85,1.63,13.09,37.25,24.16,100.75,23.12,59.31,20.82,1
3/14/2008,0.52,1.96,12.34,36.57,24.23,100.83,22.62,59.93,20.95,1
3/15/2008,0,1.78,13.35,37.52,24.17,100.78,23.12,55.81,19.91,0
3/16/2008,0,2.04,13.33,37.42,24.09,100.72,21.82,55.14,19.57,0
3/17/2008,0,2.28,14.2,38.37,24.17,100.6,24.25,52.11,18.67,0
3/18/2008,0.01,1.87,14.02,38.14,24.12,100.6,20.91,51.4,19.01,1
3/19/2008,2.48,2.27,10.88,36.86,25.98,100.62,19.54,57.19,21.16,1
3/20/2008,4.15,2.53,7.43,33.6,26.17,100.66,15.81,67.07,22.36,1
3/21/2008,1.1,2.34,9.27,34.44,25.17,100.7,16.92,68.72,22.42,1
3/22/2008,2.07,2.1,8.25,33.24,24.99,100.72,20.22,69.74,22.09,1
3/23/2008,0.67,2.2,8.52,33.82,25.3,100.78,19.45,65.73,21.87,1
3/24/2008,1.78,2.27,7.95,32.2,24.25,100.83,14.1,71.69,21.86,1
3/25/2008,0.02,1.53,13.32,37.43,24.11,100.78,20.41,58.95,20.54,1
3/26/2008,1.85,2.03,11.85,36.87,25.02,100.68,20.3,58.35,20.93,1
3/27/2008,5.17,2.47,6.58,31.9,25.32,100.8,17.06,72,22.06,1
3/28/2008,1.26,2.05,12.75,36.75,24,100.73,20.6,65.5,22.07,1
3/29/2008,0.16,1.7,11.1,36.84,25.74,100.79,20.92,60.9,21.92,1
3/30/2008,0.78,1.74,11.08,37.26,26.18,100.69,21.58,59.16,21.75,1
3/31/2008,0.19,1.95,10.28,36.68,26.4,100.74,20.81,58.49,21.19,1
4/1/2008,0.02,1.84,7.2,34,26.8,100.84,20.29,61.09,21.52,1
4/2/2008,0.41,2.65,9.18,34.72,25.54,100.94,19.49,58.5,20.73,1
4/3/2008,1.74,1.87,10.59,36.25,25.66,100.87,20.94,57.1,20.44,1
4/4/2008,5.59,1.48,8.02,33.65,25.63,100.79,17.02,66.31,22.19,1
4/5/2008,5.3,1.27,8.49,34.19,25.7,100.88,16.32,70.07,22.7,1
4/6/2008,4.03,1.91,7.13,32.59,25.46,100.95,19.45,72.54,22.98,1
4/7/2008,0.61,1.92,9.9,34.91,25.01,100.81,21.81,65.78,22.18,1
4/8/2008,2.38,2.38,12.98,38.31,25.33,100.6,22.78,61.08,21.97,1
4/9/2008,0.02,2.38,12.1,37.72,25.62,100.58,22.72,63.03,22.52,1
4/10/2008,0,2.46,12.36,38.24,25.88,100.55,19.84,60.67,22.13,0
4/11/2008,0,2.37,12.94,38.62,25.68,100.52,21.81,56.7,20.99,0
4/12/2008,0.07,1.82,11.89,37.94,26.05,100.59,22.8,54.5,20.5,1
4/13/2008,2.96,2.07,10.39,38.07,27.68,100.6,20.27,54.16,21.04,1
4/14/2008,0.02,1.76,12.72,39.28,26.56,100.57,21.49,52.77,20.8,1
4/15/2008,0.13,2.44,7.09,34.84,27.75,100.67,19.2,59.86,21.88,1
4/16/2008,0.43,1.83,9.98,36.34,26.36,100.52,20.59,60.95,22.2,1
4/17/2008,0.77,2.16,7.76,34.83,27.07,100.41,19.05,65.71,22.81,1
4/18/2008,3.42,2.27,5.91,32.66,26.75,100.46,18.25,74.63,23.93,1
4/19/2008,1.03,1.91,9.08,34.74,25.66,100.53,19.26,70.61,23.14,1
4/20/2008,0,1.73,11.7,37.35,25.65,100.43,21.56,59.63,21.87,0
4/21/2008,0.17,2.02,13.36,39.56,26.2,100.36,21.28,52.43,21,1
4/22/2008,0.44,3.02,12.64,39.95,27.31,100.52,21.1,48.46,20.21,1
4/23/2008,0.28,2.6,10.88,38.42,27.54,100.68,17.13,51.87,20.88,1
4/24/2008,0.39,3.43,13.36,41.05,27.69,100.71,21.61,48.48,19.89,1
4/25/2008,4.11,2.16,10.99,38.44,27.45,100.82,17.01,55.33,20.71,1
4/26/2008,3.1,2.22,11.47,37.02,25.55,100.76,17.03,60.14,21.34,1
4/27/2008,2.74,1.78,5.98,32.32,26.34,100.62,20.49,71.49,22.97,1
4/28/2008,16.85,1.61,9.1,34.43,25.33,100.53,17.5,74.34,23.48,1
4/29/2008,9.38,1.32,4.1,29.91,25.81,100.68,19.76,83.69,24.36,1
4/30/2008,3.14,1.12,7.15,32.34,25.19,100.73,14.81,75.72,23.54,1
5/1/2008,2.72,1.52,9.9,34.94,25.04,100.58,21.15,70.61,23.35,1
5/2/2008,5.54,2.43,8.65,33.55,24.9,100.49,17.86,75.73,23.48,1
5/3/2008,7.91,2.65,8.09,32.5,24.41,100.57,18.25,79.11,23.7,1
5/4/2008,2.14,2.69,7.92,32.82,24.9,100.64,22.35,77.28,23.67,1
5/5/2008,3.13,2.41,8.8,33.3,24.5,100.56,22.02,80.72,23.53,1
5/6/2008,5.32,2.19,7.83,31.69,23.86,100.54,20.07,80.93,23.55,1
5/7/2008,1.96,2.04,7.26,31.79,24.53,100.6,19.21,79.17,23.39,1
5/8/2008,2.96,2.23,8.57,33.32,24.75,100.52,20.82,75.6,23.29,1
5/9/2008,7.12,2.7,9.54,34.06,24.52,100.45,21.41,76.18,23.65,1
5/10/2008,6.07,3.47,9.19,33.82,24.63,100.4,21.88,78.09,23.76,1
5/11/2008,24.96,2.97,4.87,29.9,25.03,100.4,15.09,86.65,24.35,1
5/12/2008,18.44,3.43,5.35,30.07,24.72,100.5,12.39,87.16,24.28,1
5/13/2008,11.78,2.13,6.72,30.84,24.12,100.68,14.18,83.53,23.62,1
5/14/2008,5.09,1.8,7.7,31.23,23.53,100.69,14.3,81.53,23.25,1
5/15/2008,14.43,2.21,7.38,31.87,24.49,100.71,16.48,81.61,23.77,1
5/16/2008,7.55,2.18,7.59,32.39,24.8,100.76,17.46,83.95,24.49,1
5/17/2008,0.86,2.57,6.23,30.81,24.58,100.65,19.67,86.01,24.62,1
5/18/2008,2.39,2.64,7.26,31.84,24.58,100.62,12.91,84.02,24.52,1
5/19/2008,2.14,2.44,6.24,31.4,25.16,100.7,16.23,84.12,24.61,1
5/20/2008,7.85,2.55,5.83,30.29,24.46,100.67,16.03,85.81,24.24,1
5/21/2008,2.16,2.34,6.17,30.57,24.4,100.69,17.66,85.46,24.41,1
5/22/2008,0.37,2.22,5.78,30.59,24.81,100.63,17.25,85.76,24.73,1
5/23/2008,1.31,2.09,6.26,31.08,24.82,100.66,20.73,84.65,24.53,1
5/24/2008,4.79,2.22,8.86,32.97,24.11,100.53,21.34,80.02,23.87,1
5/25/2008,4.9,2.27,8.02,31.98,23.96,100.54,23.36,81.84,24.14,1
5/26/2008,0.57,2.26,6.81,31.59,24.78,100.68,24.37,82.29,24.23,1
5/27/2008,0.17,2.22,8.44,32.6,24.16,100.65,24.4,79.88,24.04,1
5/28/2008,2.01,2.61,7.25,31.98,24.73,100.55,22.61,82.41,24.57,1
5/29/2008,0.73,2.18,9.03,33.3,24.27,100.53,21.11,79.69,24.28,1
5/30/2008,0,1.75,7.44,32.5,25.06,100.56,22.9,78.94,24.27,0
5/31/2008,0.19,1.48,7.43,32.71,25.28,100.6,20.18,76.45,23.89,1
6/1/2008,1.32,1.78,7.07,32.33,25.26,100.55,22.55,78.36,23.91,1
6/2/2008,5.19,2.31,7.14,32.22,25.08,100.61,22.85,81.6,24.47,1
6/3/2008,7.44,1.5,7.54,32.17,24.63,100.75,21.72,81.65,24.37,1
6/4/2008,2.31,1.71,6.96,31.97,25.01,100.8,20.52,81.58,24.35,1
6/5/2008,0,1.57,8.45,32.63,24.18,100.65,23.07,78.04,23.78,0
6/6/2008,0.02,1.74,7.9,32.73,24.83,100.61,22.19,77.3,24.04,1
6/7/2008,0.08,1.07,9.19,34.16,24.97,100.67,19.89,73.1,23.7,1
6/8/2008,0.91,1.29,8.95,34.42,25.47,100.69,20.55,73.4,23.56,1
6/9/2008,3.02,1.42,6.69,31.94,25.25,100.69,17.72,78.76,23.76,1
6/10/2008,7.6,1.35,7.96,32.72,24.76,100.65,18.72,78.48,23.88,1
6/11/2008,24.39,0.96,5.85,30.9,25.05,100.56,12.1,85.76,24.9,1
6/12/2008,46.91,3.1,5.13,29.91,24.78,100.56,13.64,88.44,24.67,1
6/13/2008,20.75,2.9,4.12,28.7,24.58,100.63,12.01,89.59,24.34,1
6/14/2008,2.49,2.89,5.23,29.6,24.37,100.65,9.67,88.66,24.64,1
6/15/2008,0.29,2.73,4.23,28.38,24.15,100.73,14.6,88.39,23.85,1
6/16/2008,0.1,2.04,6.69,30.09,23.4,100.69,18.87,86.84,24.16,1
6/17/2008,1.14,2.21,6.03,29.82,23.79,100.71,15.61,86.61,24,1
6/18/2008,3.01,2.11,7.27,30.05,22.78,100.74,16.47,85.83,23.38,1
6/19/2008,0.29,2.11,7.95,31.3,23.35,100.79,20.7,82.37,23.25,1
6/20/2008,2.02,1.65,9.62,32.53,22.91,100.71,23.19,79.17,23.21,1
6/21/2008,36.67,2.76,8.14,31.59,23.45,100.56,23.77,85.14,24.51,1
6/22/2008,0.48,2.43,5.98,30.35,24.37,100.45,21.21,88.33,24.96,1
6/23/2008,0.12,2.73,4.34,29.5,25.16,100.39,21.5,88.27,24.76,1
6/24/2008,1.25,2.6,3.16,28.02,24.86,100.46,16.81,92.45,24.95,1
6/25/2008,0.64,2.64,4.29,29.06,24.77,100.62,18.35,89.77,24.8,1
6/26/2008,0.79,2.35,5.73,30.19,24.46,100.66,19.82,87.43,24.74,1
6/27/2008,0.59,2.14,5.83,30.19,24.36,100.63,21.58,87.43,24.68,1
6/28/2008,0.94,2.44,5.86,30.47,24.61,100.62,21.08,87.78,24.99,1
6/29/2008,0.05,1.72,5.94,30.61,24.67,100.64,19.72,85.65,24.79,1
6/30/2008,0.52,2.06,6.71,31.18,24.47,100.69,19.84,85.77,24.77,1
7/1/2008,0.58,2.32,5.97,30.55,24.58,100.87,18.57,82.67,23.68,1
7/2/2008,1.08,1.72,6.44,29.94,23.5,100.85,18.5,85.79,23.73,1
7/3/2008,1,2.21,8.23,31.96,23.73,100.87,24.5,81.08,23.44,1
7/4/2008,4.42,2.78,6.48,30.28,23.8,100.82,18.13,84.97,23.61,1
7/5/2008,3.43,2.55,6.15,29.51,23.36,100.65,16.25,88.17,24.07,1
7/6/2008,4.04,2.83,6.06,30.36,24.3,100.56,16.85,85.91,24.1,1
7/7/2008,17.68,2.67,5.44,29.9,24.46,100.46,16.49,88.44,24.66,1
7/8/2008,14.04,2.11,5.66,30.12,24.46,100.57,15.37,87.65,24.41,1
7/9/2008,0.36,2.48,5.77,29.87,24.1,100.8,16.35,86.95,24.27,1
7/10/2008,0.01,2.04,7.09,30.74,23.65,100.84,21.43,84.48,24.14,1
7/11/2008,0.26,2.26,6.96,30.79,23.83,100.63,21.65,84.38,24.22,1
7/12/2008,0.05,2.53,8.45,32.2,23.75,100.46,24.17,82.88,24.5,1
7/13/2008,0.11,2.64,6.42,31.39,24.97,100.62,21.16,83.62,24.69,1
7/14/2008,0.66,2.28,7.5,32.03,24.53,100.73,22.93,83.19,24.63,1
7/15/2008,0.45,2.3,8.37,32.6,24.23,100.55,24.03,81.74,24.47,1
7/16/2008,0.19,2.67,8.06,32.23,24.17,100.38,22.07,82.6,24.6,1
7/17/2008,1.23,2.75,7.19,31.66,24.47,100.39,20.33,84.51,24.8,1
7/18/2008,0.55,2.89,7.32,32.31,24.99,100.56,20.51,82.93,24.65,1
7/19/2008,0.03,2.2,6.12,30.81,24.69,100.7,15.4,83.79,24.28,1
7/20/2008,0.08,1.79,6.68,31.27,24.59,100.78,20.75,81.79,23.96,1
7/21/2008,0.49,1.62,10.71,34.49,23.78,100.66,24.1,74.82,23.25,1
7/22/2008,5.21,1.8,8.05,32.34,24.29,100.53,21.6,81.34,24.34,1
7/23/2008,3.34,2.14,5.93,30.25,24.32,100.57,18.4,85,24.11,1
7/24/2008,1.9,2.39,7.35,31.33,23.98,100.54,19.93,82.43,23.79,1
7/25/2008,3.85,2.38,9.19,32.54,23.35,100.51,19.68,79.74,23.27,1
7/26/2008,2.26,3.18,6.29,30.41,24.12,100.51,18.64,85.01,23.85,1
7/27/2008,3.28,3.25,5.35,28.94,23.59,100.62,14.65,85.3,22.88,1
7/28/2008,0.74,2.99,5.87,29.41,23.54,100.62,12.31,86.32,23.26,1
7/29/2008,6.09,3.07,7.61,30.94,23.33,100.59,15.68,82.21,23.13,1
7/30/2008,0.12,3.4,7.18,31.03,23.85,100.57,14.58,80.96,23.16,1
7/31/2008,0.54,2.86,7.9,31.54,23.64,100.66,15.22,80.6,23.26,1
8/1/2008,4.45,2.92,6.44,30.19,23.75,100.68,10.93,85.22,23.79,1
8/2/2008,9.02,1.81,6.43,29.85,23.42,100.61,15.52,84.95,23.36,1
8/3/2008,2.56,2.76,7.41,30.9,23.49,100.59,14.95,83.88,23.64,1
8/4/2008,1.01,3.34,6.1,30.19,24.09,100.65,14.26,84.28,23.55,1
8/5/2008,7.48,2.76,6.55,30.73,24.18,100.55,15.33,85.93,23.99,1
8/6/2008,20.38,3.63,5.56,29.57,24.01,100.38,12.28,87.95,24.05,1
8/7/2008,3.01,4.1,6.53,30.16,23.63,100.33,8.31,83.67,22.89,1
8/8/2008,10.8,3.23,6.25,29.79,23.54,100.5,11.37,83.27,23.17,1
8/9/2008,2.16,2.82,6.93,31.14,24.21,100.62,20.03,82.57,23.69,1
8/10/2008,0.52,2.63,8.33,32.51,24.18,100.57,18.82,81.38,23.94,1
8/11/2008,3.99,2.17,6.53,30.66,24.13,100.58,15.54,85.06,24.01,1
8/12/2008,12.55,2.18,5.73,29.68,23.95,100.73,16.92,88.36,24.12,1
8/13/2008,4.58,1.94,9.5,32.39,22.89,100.81,21.16,80.45,23.16,1
8/14/2008,2.76,1.89,8.1,31.61,23.51,100.71,21.62,81.24,23.42,1
8/15/2008,4.81,2.29,5.93,29.77,23.84,100.61,20.84,85.68,23.76,1
8/16/2008,1.3,3.03,7.7,31.22,23.52,100.65,16.87,83.39,23.76,1
8/17/2008,2.44,2.46,6.68,30.83,24.15,100.67,21.5,84.93,24.12,1
8/18/2008,17.35,1.49,4.88,29.08,24.2,100.67,8.5,88.85,24.29,1
8/19/2008,8.27,1.61,6.59,30.52,23.93,100.68,16.29,83.86,23.95,1
8/20/2008,35.56,1.95,6.75,30.73,23.98,100.67,18.18,85.91,24.43,1
8/21/2008,25.8,2.3,5.96,30.02,24.06,100.63,18.74,89.14,24.8,1
8/22/2008,0.31,2.39,5.67,30.08,24.41,100.65,18.73,89.03,24.78,1
8/23/2008,3.22,1.71,5.85,29.83,23.98,100.67,20.69,87.98,24.56,1
8/24/2008,2.63,1.5,7.46,31.25,23.79,100.73,18.97,85.98,24.69,1
8/25/2008,1.22,1.19,7.4,31.62,24.22,100.71,21.55,83.03,24.51,1
8/26/2008,4.17,0.72,7.19,31.91,24.72,100.67,20.06,80.62,24.41,1
8/27/2008,6.28,1.9,6.1,30.78,24.68,100.67,20.85,85.97,24.71,1
8/28/2008,3.05,1.91,6.29,30.69,24.4,100.72,22.25,85.95,24.58,1
8/29/2008,0.01,1.12,5.82,30.5,24.68,100.75,23.07,84.56,24.35,1
8/30/2008,0.47,1.5,6.24,30.67,24.43,100.74,21.51,85.45,24.5,1
8/31/2008,2.39,1.7,7.9,31.81,23.91,100.75,19.2,83.75,24.33,1
9/1/2008,0.06,1.38,7.05,31.59,24.54,100.79,18.5,84.6,24.39,1
9/2/2008,0.27,0.89,6.84,31.27,24.43,100.79,20.22,81.84,24.25,1
9/3/2008,2.7,0.86,5.83,30.76,24.93,100.73,20.23,83.86,24.58,1
9/4/2008,2.39,0.77,6.81,31.56,24.75,100.74,21.77,82.47,24.59,1
9/5/2008,10.25,0.82,5.32,30.09,24.77,100.73,19.84,85.45,24.71,1
9/6/2008,14.99,1.12,4.9,29.84,24.94,100.68,20.99,88.85,24.89,1
9/7/2008,11.88,1.21,6.86,31.09,24.23,100.68,18.08,83.28,24.2,1
9/8/2008,20.57,1.14,7.48,31.6,24.12,100.59,18.05,82.96,24.42,1
9/9/2008,11.51,2.2,7.23,31.32,24.09,100.48,11.21,83.23,24.03,1
9/10/2008,8.84,1.33,5.52,29.86,24.34,100.38,16.06,87.36,24.34,1
9/11/2008,22.15,4.04,5.03,29.38,24.35,100.33,14.43,91.11,24.72,1
9/12/2008,2.53,3.06,5.52,30.09,24.57,100.59,12.79,88.65,24.56,1
9/13/2008,1.57,2.33,5.61,29.78,24.17,100.76,11.57,88.5,24.51,1
9/14/2008,1.68,2.27,6.01,30.04,24.03,100.73,16.82,88.27,24.63,1
9/15/2008,8.52,2.47,4.57,29.01,24.44,100.65,15.01,90.37,24.52,1
9/16/2008,6.02,2.4,5.14,29.36,24.22,100.68,14.27,87.65,23.96,1
9/17/2008,1.49,2.3,5.7,29.08,23.38,100.75,15.27,89.12,23.98,1
9/18/2008,1.09,2.44,7.3,30.25,22.95,100.77,15.98,87.42,24.1,1
9/19/2008,1.66,2.43,5.89,30.13,24.24,100.82,16.38,88.52,24.39,1
9/20/2008,0.45,2.11,6.12,29.34,23.22,100.85,16.83,88.48,23.92,1
9/21/2008,0.14,2.1,5.28,28.4,23.12,100.79,17.94,85.97,23.18,1
9/22/2008,0.78,2.45,7.13,30.6,23.47,100.6,19.19,86.77,24.16,1
9/23/2008,3.1,2.41,8.12,31.68,23.56,100.47,17.24,84.56,24.18,1
9/24/2008,30.78,3.34,5.73,30.19,24.46,100.53,12.53,90.38,24.98,1
9/25/2008,2.32,2.9,5.53,30.15,24.62,100.69,12.89,88.29,24.6,1
9/26/2008,5.16,2.29,5.86,30.1,24.24,100.65,19.98,87.62,24.6,1
9/27/2008,41.5,1.81,5.42,29.71,24.29,100.65,18.33,89.21,24.79,1
9/28/2008,10.8,1.16,5.41,29.55,24.14,100.66,12.76,86.73,24.05,1
9/29/2008,3.35,1.81,5.69,29.64,23.95,100.56,15.84,87.64,24.13,1
9/30/2008,13.14,2.24,7.38,30.04,22.66,100.53,15.35,89.64,24.14,1
10/1/2008,2.37,1.55,7.51,31.28,23.77,100.69,20,84.21,24.3,1
10/2/2008,0.97,0.95,6.55,30.91,24.36,100.76,19.35,85.58,24.56,1
10/3/2008,0.72,1.12,6.24,30.15,23.91,100.85,17.84,85.35,24.13,1
10/4/2008,9.51,1.35,7.33,30.99,23.66,100.79,20.97,84.63,24.22,1
10/5/2008,0,1.08,6.92,31.16,24.24,100.8,20.52,86.75,24.52,0
10/6/2008,0.06,0.91,6.26,30.85,24.59,100.84,18.89,82.35,24.27,1
10/7/2008,0.03,0.97,4.66,29.8,25.14,100.9,20.34,83.54,24.11,1
10/8/2008,0.91,1.15,4.59,29.23,24.64,100.87,15.92,87.33,24.36,1
10/9/2008,0.99,0.88,6.7,31.34,24.64,100.87,19.04,82.22,24.44,1
10/10/2008,7.94,1.06,6.8,31.81,25.01,100.89,19.25,83.57,24.61,1
10/11/2008,24.96,1.69,7.27,31.81,24.54,100.86,20.39,86.46,24.65,1
10/12/2008,6.54,1.96,6.6,31.07,24.47,100.7,21.03,84.87,24.67,1
10/13/2008,4.17,0.69,6.24,30.93,24.69,100.66,17.98,83.49,24.8,1
10/14/2008,0.9,1.29,3.78,29.35,25.57,100.79,17.1,90.29,25.55,1
10/15/2008,0.09,1.16,4.86,29.74,24.88,100.79,16.79,88.56,25.08,1
10/16/2008,1.2,0.57,4.41,29.48,25.07,100.65,19.12,88.03,24.69,1
10/17/2008,5.24,0.97,7.11,31.43,24.32,100.51,15.09,83.4,24.72,1
10/18/2008,2.4,1.21,5.7,30.84,25.14,100.69,17.82,87.16,25.13,1
10/19/2008,13.89,1.04,5.92,30.75,24.83,100.73,16.43,86.73,24.85,1
10/20/2008,15.7,1.84,7.92,32.23,24.31,100.65,19.63,85.37,25.12,1
10/21/2008,3.15,1.5,6.66,31.67,25.01,100.66,18.15,86.79,25.36,1
10/22/2008,12.22,0.98,5.23,30.11,24.88,100.75,18.26,88.31,25.14,1
10/23/2008,6.79,1.59,5.37,30.09,24.72,100.84,17.78,89.34,25.18,1
10/24/2008,15.93,1.58,4.58,29.05,24.47,100.98,6.46,90.08,24.64,1
10/25/2008,4.96,2.69,5.42,29.15,23.73,100.99,12.15,90.83,24.4,1
10/26/2008,1.66,1.94,6.1,30.08,23.98,101.02,13.05,88.49,24.38,1
10/27/2008,0.88,1.14,6.34,30.72,24.38,101,17.69,85.76,24.32,1
10/28/2008,2.22,1.19,4.21,27.92,23.71,100.9,16.1,88.62,23.51,1
10/29/2008,8.15,1.36,6.42,29.3,22.88,100.68,15.92,87.32,23.6,1
10/30/2008,3.9,1.85,6.15,29.51,23.36,100.66,13.45,88.97,24.1,1
10/31/2008,4.39,1.89,5.87,30.01,24.14,100.77,14.06,88.92,24.54,1
11/1/2008,23.2,1.56,5.33,29.28,23.95,100.8,18.54,90.36,24.37,1
11/2/2008,3.11,0.54,6.5,30.29,23.79,100.83,16.45,83.42,23.77,1
11/3/2008,1.57,0.58,4.64,28.45,23.81,100.92,19.24,87.49,23.83,1
11/4/2008,4.45,1.27,5.82,29.79,23.97,100.86,15.35,88.35,24.38,1
11/5/2008,9,1.01,5.3,29.85,24.55,100.74,18.91,85.58,24.25,1
11/6/2008,11.53,1.82,6.93,30.85,23.92,100.67,19.61,88.11,24.35,1
11/7/2008,19.8,1.2,3.91,28.2,24.29,100.7,18.38,91.05,24.5,1
11/8/2008,6.29,1.06,5,29.33,24.33,100.66,20.04,88.61,24.37,1
11/9/2008,25.49,2.09,3.44,27.8,24.36,100.77,16.02,91.88,24.15,1
11/10/2008,15.14,1.88,3.52,27.59,24.07,100.88,16.12,89.22,23.62,1
11/11/2008,0,2.72,5.53,26.39,20.86,101,17.52,86.53,21.44,0
11/12/2008,0,2.95,8.56,27.65,19.09,100.92,21.64,85.4,20.53,0
11/13/2008,0,2.88,9.22,27.95,18.73,100.9,18.81,81.06,19.55,0
11/14/2008,0.01,2.63,10.08,29.16,19.08,100.79,15.67,86.26,21.2,1
11/15/2008,8.22,1.51,7.74,30.45,22.71,100.67,13.89,88.54,24.17,1
11/16/2008,22.26,1.57,5.54,29.38,23.84,100.65,17.19,88.12,24.04,1
11/17/2008,0.19,2.09,7.56,30.66,23.1,100.55,17.01,83.61,23.51,1
11/18/2008,4.81,2.65,5.31,29.16,23.85,100.61,14.28,90.35,24.43,1
11/19/2008,0.62,2.39,5.64,30.17,24.53,100.88,15.73,88.72,24.73,1
11/20/2008,1.96,3.12,7.03,29.93,22.9,101,16.25,86.24,23.58,1
11/21/2008,2.63,2.58,6.87,30.07,23.2,101,17.62,86.32,23.77,1
11/22/2008,0.79,2.55,6.53,29.88,23.35,100.97,16.58,88.64,24.05,1
11/23/2008,1.15,2.29,6.57,29.72,23.15,100.9,14.76,88.92,24.11,1
11/24/2008,4.95,1.99,6.56,29.72,23.16,100.86,13.71,88.75,24.2,1
11/25/2008,8.47,2.47,6.12,30.04,23.92,100.96,14.43,89.08,24.47,1
11/26/2008,0.37,2.92,5.1,28.8,23.7,100.96,15.98,89.05,23.99,1
11/27/2008,0.84,3.28,6.2,29.72,23.52,100.97,18.06,86.49,23.59,1
11/28/2008,0,3.07,5.96,26.48,20.52,101.11,17.34,81.27,20.26,0
11/29/2008,0.01,2.45,4.83,25.76,20.93,101.21,13.51,85.66,20.74,1
11/30/2008,0,2.68,5.24,26.81,21.57,101.24,12.31,83.44,20.55,0
12/1/2008,0,2.53,7.56,27.47,19.91,101.19,17.28,80.05,19.76,0
12/2/2008,0,2.44,8.02,28,19.98,101.02,18.68,79.65,19.81,0
12/3/2008,0,2.2,8.51,28.26,19.75,100.86,19.17,79.02,20.01,0
12/4/2008,0,1.78,9.36,30.27,20.91,100.9,20.34,78.91,21.4,0
12/5/2008,0.06,2.3,6.37,29.03,22.66,101.09,16.33,80.95,22.12,1
12/6/2008,0.02,2.76,7.01,29.49,22.48,101.09,17.54,80.14,21.95,1
12/7/2008,0,2.79,7.37,28.31,20.94,101.08,19.53,80.87,20.56,0
12/8/2008,0,2.72,8.85,28.89,20.04,101.13,21.01,75.66,19.48,0
12/9/2008,0,2.45,8.08,27.69,19.61,101.08,17.94,76.22,18.59,0
12/10/2008,0,1.87,9.88,28.49,18.61,101.07,19.91,76.64,18.95,0
12/11/2008,0,1.68,9.22,29.18,19.96,100.98,18.65,77.99,20.32,0
12/12/2008,0,1.18,9.23,30.35,21.12,100.88,21.11,76.44,20.82,0
12/13/2008,0.12,1.8,9.77,30.92,21.15,100.94,19.03,77.51,21.72,1
12/14/2008,1.59,2.25,7.36,29.68,22.32,100.94,19.28,79.69,22.12,1
12/15/2008,0.14,2.38,8.44,30.01,21.57,100.97,18.33,74.65,20.72,1
12/16/2008,0.06,2.19,8.75,28.93,20.18,101.05,18.18,73.17,19.34,1
12/17/2008,0,2.26,9.88,29.54,19.66,101.15,19.64,70.57,18.62,0
12/18/2008,0.01,2.24,9.78,29.1,19.32,101.12,19.35,72.23,18.49,1
12/19/2008,0.01,1.82,9.2,29.12,19.92,101.09,19.53,70.51,18.24,1
12/20/2008,0,1.89,11.01,29.89,18.88,101.03,21.01,73.81,19.11,0
12/21/2008,0,1.31,10.89,30.72,19.83,100.97,20.39,73.37,19.77,0
12/22/2008,0,2.04,11.33,31.86,20.53,101,20.06,73.56,20.36,0
12/23/2008,0,2.47,9.91,31.64,21.73,100.93,21,69.9,19.86,0
12/24/2008,0.02,2.48,11.63,31.86,20.23,100.95,20.09,72.22,20.19,1
12/25/2008,1.6,2.23,7.31,30.3,22.99,100.94,16.44,77.98,21.85,1
12/26/2008,5.87,2.09,7.76,30.21,22.45,100.92,13.38,82.05,22.45,1
12/27/2008,10.93,1.9,5.05,28.16,23.11,100.84,11.03,86.69,22.58,1
12/28/2008,0.16,2.15,9.3,31.48,22.18,100.75,15.35,79.21,22.15,1
12/29/2008,0.7,1.99,8.22,31.2,22.98,100.75,15.09,78.63,22.35,1
12/30/2008,2.49,2.3,6.95,29.72,22.77,100.82,12.68,83.44,22.52,1
12/31/2008,10.18,2.59,8.43,30.71,22.28,100.83,14.04,78.93,21.64,1
1/1/2009,7.22,3.64,8.99,30.1,21.11,100.94,14.79,81.25,21.51,1
1/2/2009,0,3.39,7.23,29.17,21.94,101.06,16.47,77.4,20.38,0
1/3/2009,0,3.13,8.14,29.42,21.28,101.08,14.41,74.42,19.62,0
1/4/2009,0,2.27,10.48,30.89,20.41,101.01,19.6,71.28,19.52,0
1/5/2009,0,2.3,11.29,31.94,20.65,100.96,20.68,68.92,19.4,0
1/6/2009,0.02,1.88,11.32,32.24,20.92,100.98,20.44,67.64,19.6,1
1/7/2009,0,2.04,10.61,32.09,21.48,101.12,21.52,66.67,19.53,0
1/8/2009,0,3.18,11.56,31.8,20.24,101.26,19.29,64.74,18.02,0
1/9/2009,0,3.22,9.74,28.49,18.75,101.37,19.31,64.58,15.51,0
1/10/2009,0,3.22,12.26,28.8,16.54,101.38,17.01,61.69,13.76,0
1/11/2009,0,3.02,12.82,28.87,16.05,101.33,20.23,62.17,13.77,0
1/12/2009,0,2.97,12.64,30.13,17.49,101.47,20.32,63.19,15.28,0
1/13/2009,0,3.72,11.06,29.95,18.89,101.65,21.43,59.43,14.69,0
1/14/2009,0,3.58,13.44,29.73,16.29,101.62,21.84,57.92,12.88,0
1/15/2009,0,3.14,13.21,29.81,16.6,101.57,21.98,60.5,13.86,0
1/16/2009,0,2.09,14.16,30.57,16.41,101.48,21.82,61.12,15.12,0
1/17/2009,0,2.07,14.44,32.02,17.58,101.28,22.25,57.59,15.19,0
1/18/2009,0,1.29,13.74,32,18.26,101.15,21.62,61.57,16.6,0
1/19/2009,0,0.87,13.42,32.21,18.79,101.05,21.65,66.46,17.88,0
1/20/2009,0,1.16,13.39,33.04,19.65,100.97,22.38,66.44,18.31,0
1/21/2009,0,1.32,13.19,32.96,19.77,101,18.99,67.33,18.65,0
1/22/2009,0,1.06,13.16,34,20.84,100.86,21.39,65.33,18.93,0
1/23/2009,0.01,1.42,13.24,34.87,21.63,100.87,21.06,66.68,20.14,1
1/24/2009,0,2.22,10.69,34.57,23.88,100.97,11.99,66.28,20.61,0
1/25/2009,0,2.67,10.92,33.16,22.24,101.05,20.87,63.27,19.03,0
1/26/2009,0,1.32,12.87,34.65,21.78,101.03,20.78,61.66,18.96,0
1/27/2009,0,1.55,12.48,34.03,21.55,100.98,17.07,60.16,18.2,0
1/28/2009,0,1.14,11.98,32.86,20.88,100.95,19.97,64.24,18.4,0
1/29/2009,0,1.01,13.52,34.67,21.15,100.9,21.44,60.2,17.85,0
1/30/2009,0,1.34,13.27,33.95,20.68,100.9,17.74,64.15,18.17,0
1/31/2009,0,1.29,12.68,33.78,21.1,100.92,18.36,64.93,19,0
2/1/2009,0,1.45,12.06,32.99,20.93,101.06,18.01,65.23,18.57,0
2/2/2009,0,1.43,12.82,32.86,20.04,101.05,16.87,63.01,17.17,0
2/3/2009,0,1.03,14.33,34.04,19.71,100.98,18.56,61.39,17.6,0
2/4/2009,0.23,1.46,12.27,33.9,21.63,100.97,18.64,68.5,20.27,1
2/5/2009,0.69,1.52,11.69,34.2,22.51,100.94,18.01,66.94,20.3,1
2/6/2009,0,1.92,12.84,35.07,22.23,100.99,20.07,57.4,17.57,0
2/7/2009,0,1.44,13.83,34.74,20.91,100.97,19.81,54.07,16.16,0
2/8/2009,0,1.33,14.23,35.38,21.15,101.05,22.2,53.83,16.23,0
2/9/2009,0,1.52,13.95,36.19,22.24,100.97,23.27,47.95,16.03,0
2/10/2009,0.13,0.85,12.28,35.66,23.38,100.87,22.23,56.9,19.09,1
2/11/2009,0.79,1.97,4.64,29.54,24.9,100.88,16.05,76.32,22.04,1
2/12/2009,0.2,2.64,11.31,35.03,23.72,100.72,14.78,65.53,20.91,1
2/13/2009,0.2,1.96,11.83,35.5,23.67,100.61,16.87,65.91,21.32,1
2/14/2009,0,1.67,14.07,37.33,23.26,100.55,18.19,60.81,20.42,0
2/15/2009,0.08,2.42,13.18,37.15,23.97,100.62,17.91,59.66,20.13,1
2/16/2009,0.01,1.29,11.48,35.87,24.39,100.78,18.41,60.35,20.45,1
2/17/2009,0.6,2.04,10.48,35.99,25.51,100.8,12.28,61.79,21.43,1
2/18/2009,0.22,2,13.29,38.57,25.28,100.7,20.98,55.41,20.27,1
2/19/2009,0,2.6,13.63,38.99,25.36,100.73,18.01,54.5,20.24,0
2/20/2009,0.39,2.25,13.74,38.77,25.03,100.83,21.13,53.11,19.96,1
2/21/2009,2.93,1.94,11.08,37.54,26.46,100.75,19.48,56.72,21.06,1
2/22/2009,0,2.35,14.07,38.58,24.51,100.62,18.56,56.25,20.32,0
2/23/2009,0,2.31,12.14,37.45,25.31,100.69,18.72,53.11,19.87,0
2/24/2009,0.07,2.9,12.43,38.59,26.16,100.68,21.02,50.05,19.44,1
2/25/2009,0,2.46,11.52,37.31,25.79,100.7,20.04,53.54,20.01,0
2/26/2009,0,2.61,13.64,38.66,25.02,100.66,21.25,52.03,19.68,0
2/27/2009,0.09,2.65,10.01,36.05,26.04,100.74,17.82,56.26,20.57,1
2/28/2009,2.21,1.54,7.34,33.72,26.38,100.75,16.21,60.42,21.03,1
3/1/2009,0.56,2.11,10.85,35.75,24.9,100.75,20.16,57.87,19.71,1
3/2/2009,0.03,1.63,11.21,37.49,26.28,100.74,21.68,51.05,19.44,1
3/3/2009,0.1,2.28,11.32,37.58,26.26,100.71,21.49,53.82,20.19,1
3/4/2009,1.58,0.96,8.33,34.82,26.49,100.72,17.03,63.78,21.81,1
3/5/2009,0.96,2.18,11.24,36.71,25.47,100.67,18.73,59.83,21.33,1
3/6/2009,0.45,2.11,11.45,37.56,26.11,100.71,22.49,58.96,21.74,1
3/7/2009,0.14,3.11,11.46,37.8,26.34,100.77,18.82,57.6,21.57,1
3/8/2009,1.02,2.93,10.56,36.48,25.92,100.82,18.99,58.2,21.17,1
3/9/2009,2.36,2.46,9.09,35.36,26.27,100.95,21.17,61.36,21.64,1
3/10/2009,0.74,1.95,13.51,38.42,24.91,100.9,23.3,55.31,20.26,1
3/11/2009,0.04,2.18,13.1,38,24.9,100.85,19.87,56.24,20.27,1
3/12/2009,0.43,2.66,11.55,37.88,26.33,100.82,19.6,57.37,20.86,1
3/13/2009,0.16,1.95,9.16,35.12,25.96,100.94,18.5,60.45,21.49,1
3/14/2009,0.91,2.33,11.7,37.58,25.88,100.97,15.63,55.11,19.86,1
3/15/2009,0,2.85,12.49,37.98,25.49,100.91,25.33,41.26,15.75,0
3/16/2009,1.96,1.87,12.43,37.8,25.37,100.82,23.17,50.97,19.12,1
3/17/2009,18.54,1.61,7.55,33.39,25.84,100.77,17.96,70.88,22.89,1
3/18/2009,6.07,1.75,7,32.07,25.07,100.79,18.78,76.19,23.42,1
3/19/2009,3.96,1.61,9.57,34.77,25.2,100.72,17.06,69.04,22.81,1
3/20/2009,0.63,2.54,11.65,36.11,24.46,100.75,21.73,64.97,21.97,1
3/21/2009,0.9,1.63,8.13,32.73,24.6,100.8,19.99,69.14,21.65,1
3/22/2009,0.25,1.59,11.05,35.79,24.74,100.79,21.09,64.39,21.85,1
3/23/2009,0,1.98,11.94,37.08,25.14,100.8,23.85,64.45,22.43,0
3/24/2009,0.18,2.41,10.22,36.18,25.96,100.81,23.69,66.54,22.93,1
3/25/2009,0.05,1.77,10.71,36.59,25.88,100.86,20.89,64.09,21.97,1
3/26/2009,0.05,1.94,8.77,33.98,25.21,100.84,20.55,64.25,21.7,1
3/27/2009,0.19,1.69,10.37,35.73,25.36,100.92,22.73,60.56,20.28,1
3/28/2009,0.01,1.5,9.37,34.94,25.57,100.88,20.12,62.4,21.64,1
3/29/2009,0.02,1.87,6.24,31.77,25.53,100.82,20.53,72.39,22.48,1
3/30/2009,0.32,1.2,10.14,34.92,24.78,100.73,18.9,63.73,21.24,1
3/31/2009,3.14,1.28,7.42,33.74,26.32,100.78,9.54,66.2,22.21,1
4/1/2009,2.46,2.39,10.69,35.31,24.62,100.81,22.58,62.97,21.04,1
4/2/2009,6.68,1.83,8.23,33.27,25.04,100.81,21.49,69.39,22.02,1
4/3/2009,0.8,2.17,7.65,32.47,24.82,100.86,22.73,72.63,22.11,1
4/4/2009,2.58,1.06,9.86,34.57,24.71,100.87,23.27,69.35,22.41,1
4/5/2009,0.29,1.17,6.83,32.7,25.87,100.87,19.8,72.2,22.96,1
4/6/2009,4,2.27,7.33,32.78,25.45,100.76,20.07,72.45,22.43,1
4/7/2009,10.98,1.07,6.57,31.34,24.77,100.81,20.18,77.16,22.7,1
4/8/2009,0.11,2.37,12.14,35.92,23.78,100.75,23.28,63.99,21.03,1
4/9/2009,0.34,2.11,10.74,35.98,25.24,100.72,23.52,64.88,22.19,1
4/10/2009,0,1.65,10.08,35.69,25.61,100.68,20.93,66.72,22.43,0
4/11/2009,0.06,1,7.8,33.83,26.03,100.74,18.89,69.71,23.24,1
4/12/2009,1,0.85,7.09,33.22,26.13,100.69,20.24,70.99,23.44,1
4/13/2009,4.03,2.18,8.91,34.76,25.85,100.53,21.03,73.61,24.02,1
4/14/2009,1.04,2.14,6.68,33.07,26.39,100.55,20,76.44,24.49,1
4/15/2009,0.84,0.94,7.96,33.92,25.96,100.65,17.25,72.98,23.97,1
4/16/2009,0,2.65,10.45,36.23,25.78,100.57,17.92,67.92,23.31,0
4/17/2009,0.01,3.44,12.38,38.25,25.87,100.49,22.53,65.19,22.8,1
4/18/2009,0.09,2.44,11.54,37.37,25.83,100.57,23.68,65.86,23.24,1
4/19/2009,0.18,3.02,9.57,36.01,26.44,100.62,19.21,68.22,23.59,1
4/20/2009,0.3,3.23,11.24,37.78,26.54,100.37,22.42,66.09,22.85,1
4/21/2009,3.1,2.81,8.58,35.23,26.65,100.33,18.69,71.19,23.71,1
4/22/2009,2.15,2.14,7.82,33.37,25.55,100.5,18.48,74.03,23.62,1
4/23/2009,1.14,2.17,9.52,34.54,25.02,100.56,20.11,71.5,23.48,1
4/24/2009,6.12,2.49,7.91,33.74,25.83,100.55,17.19,78.61,24.65,1
4/25/2009,7.91,2.12,8.56,34.14,25.58,100.65,20.9,77.98,24.3,1
4/26/2009,7.68,1.96,7.44,32.81,25.37,100.76,11.83,79.84,24.21,1
4/27/2009,8.27,1.37,8.85,33.59,24.74,100.78,19.85,76.27,23.7,1
4/28/2009,0.42,1.21,7.1,32.41,25.31,100.78,21.15,75.35,23.63,1
4/29/2009,3.23,1.88,6.91,32.74,25.83,100.74,15.29,78.46,24.39,1
4/30/2009,3.18,1.06,5.93,31.61,25.68,100.74,19.66,81.92,24.71,1
5/1/2009,15.9,0.61,7.34,32.86,25.52,100.71,18.52,75.88,24.24,1
5/2/2009,22.82,1.4,4.88,30.34,25.46,100.73,22.89,84.96,24.65,1
5/3/2009,0.87,1.54,4.01,29.34,25.33,100.75,20.04,82.55,23.58,1
5/4/2009,2.9,2.01,10.05,34.12,24.07,100.67,20,73.57,22.64,1
5/5/2009,1.64,1.43,9.7,34.17,24.47,100.67,20.18,74.43,23.34,1
5/6/2009,0.14,1.74,7.92,33.45,25.53,100.58,20.08,74.72,23.79,1
5/7/2009,2.75,2.53,10.19,35.1,24.91,100.47,21.24,73.34,23.68,1
5/8/2009,0.7,2.59,9.38,34.85,25.47,100.44,20.9,74.4,24.07,1
5/9/2009,4.86,2.36,7.18,32.5,25.32,100.42,19.76,80.44,24.61,1
5/10/2009,3.92,1.78,7.89,33,25.11,100.49,12.55,74.96,23.05,1
5/11/2009,4.51,2.17,8.13,32.14,24.01,100.58,15.95,77.47,22.81,1
5/12/2009,1.03,1.54,7.67,31.86,24.19,100.6,18.1,77.05,23.23,1
5/13/2009,4.26,1.92,8.68,33.29,24.61,100.49,18.75,77.12,23.74,1
5/14/2009,1.22,1.87,10.72,35.34,24.62,100.47,18.52,73.22,23.37,1
5/15/2009,2.4,1.64,8.26,33.94,25.68,100.59,21.25,75.16,24.16,1
5/16/2009,4.33,1.99,6.55,31.87,25.32,100.73,18.15,81.38,24.48,1
5/17/2009,7.58,1.59,7.39,32.59,25.2,100.81,18.58,79.33,24.34,1
5/18/2009,30.42,1.69,8.84,33.72,24.88,100.74,19.32,79.88,24.57,1
5/19/2009,4.81,1.47,4.76,30.02,25.26,100.68,20.22,86.08,24.87,1
5/20/2009,0.23,1.95,8.85,33.63,24.78,100.57,19.25,78.05,24.3,1
5/21/2009,0.66,1.6,10.03,34.84,24.81,100.64,23.24,73.72,23.64,1
5/22/2009,2.96,1.82,7.04,31.93,24.89,100.61,20.41,80.95,24.43,1
5/23/2009,0.75,2.68,8.93,33.84,24.91,100.52,21.53,76.76,23.76,1
5/24/2009,3.37,1.96,9.91,34.48,24.57,100.36,20.12,75.8,23.96,1
5/25/2009,4.09,1.95,5.25,31.01,25.76,100.42,15.12,82.79,24.66,1
5/26/2009,1.1,2.75,5.27,30.86,25.59,100.49,16.64,83.69,24.74,1
5/27/2009,4.2,2.42,5.11,30.37,25.26,100.5,18.17,86.68,24.77,1
5/28/2009,5.37,2.72,5.78,30.42,24.64,100.55,20.38,85.23,24.5,1
5/29/2009,2.18,2.01,7.52,32.05,24.53,100.68,18.47,81.95,24.36,1
5/30/2009,0.2,2.07,8.35,32.59,24.24,100.71,18.7,79.83,24.08,1
5/31/2009,0.03,1.16,8.34,33.11,24.77,100.71,21,75.18,23.54,1
6/1/2009,0.6,2.18,8.24,33.77,25.53,100.57,21.18,76.43,24.4,1
6/2/2009,2.71,3.38,5.38,31,25.62,100.57,16.34,82.49,24.41,1
6/3/2009,3.92,3.13,6.37,31.27,24.9,100.58,9.27,79.82,23.39,1
6/4/2009,28.5,3.03,6.54,30.79,24.25,100.62,12.59,81.04,23.42,1
6/5/2009,0.01,1.99,7.39,32.17,24.78,100.67,21.24,80.36,23.97,1
6/6/2009,0,2.73,8.49,33.2,24.71,100.66,24.1,73.85,22.72,0
6/7/2009,0,2.59,10.4,34.37,23.97,100.6,25.17,75.99,23.79,0
6/8/2009,0,2.93,10.58,34.78,24.2,100.64,22.91,74.98,23.72,0
6/9/2009,0.11,2.65,7.38,32.52,25.14,100.7,18.95,79.72,24.33,1
6/10/2009,0.35,2.85,5.53,31.01,25.48,100.79,19.01,81.62,24.22,1
6/11/2009,0.33,2.09,10.79,35.08,24.29,100.75,15.39,72.9,22.98,1
6/12/2009,0,2.54,12.35,36.14,23.79,100.73,25.23,72.76,23.26,0
6/13/2009,0,2.62,12.29,36.37,24.08,100.77,26.27,71.6,23.37,0
6/14/2009,0.33,2.97,10.06,34.38,24.32,100.62,20.81,74.09,23.67,1
6/15/2009,1.86,2.94,5.93,31.35,25.42,100.43,17.65,82.22,24.52,1
6/16/2009,3.35,3.06,4.97,30.1,25.13,100.45,12.22,86.89,24.71,1
6/17/2009,7.51,2.63,6.41,30.66,24.25,100.61,18.7,84.48,24.09,1
6/18/2009,2.63,3.04,7.27,32.25,24.98,100.65,13.36,81.22,23.95,1
6/19/2009,0.41,2.36,9.46,33.29,23.83,100.62,16.83,77.86,23.82,1
6/20/2009,5.72,2.51,7.1,32.26,25.16,100.62,20.21,81.3,24.26,1
6/21/2009,0.41,2.88,7.29,32.19,24.9,100.6,20.81,80.98,24.34,1
6/22/2009,0.92,2.56,6.92,32.06,25.14,100.61,15.03,81.09,24.12,1
6/23/2009,0.08,2.18,7.36,32.23,24.87,100.6,22.84,78.46,23.53,1
6/24/2009,0.01,1.73,9.93,33.9,23.97,100.54,22,74.44,23.44,1
6/25/2009,0.79,2.25,7.31,32.53,25.22,100.52,22.88,77.81,24,1
6/26/2009,4.07,2.11,7.81,32.62,24.81,100.56,18.46,81.37,24.49,1
6/27/2009,0.82,2.35,7.97,32.77,24.8,100.56,21.56,78.62,23.89,1
6/28/2009,0.06,2.03,8.84,33.89,25.05,100.65,18.67,74.18,23.31,1
6/29/2009,1.79,2.27,8.81,33.78,24.97,100.72,22.01,72.81,22.99,1
6/30/2009,11.46,1.75,8.17,32.59,24.42,100.76,23.01,79.24,23.9,1
7/1/2009,4.87,1.21,5.91,31.02,25.11,100.79,17.94,84.11,24.33,1
7/2/2009,0.68,1.21,9.82,33.98,24.16,100.72,21.98,73.99,22.95,1
7/3/2009,0.72,2.26,6.6,31.22,24.62,100.68,21.94,77.13,22.87,1
7/4/2009,0.64,2.17,10.23,34.42,24.19,100.65,19.58,73.25,22.9,1
7/5/2009,4.91,2.38,6.81,31.88,25.07,100.77,18.09,80.53,23.75,1
7/6/2009,0.3,2.12,8.32,32.38,24.06,100.88,17.28,77.81,23.16,1
7/7/2009,0.05,1.16,9.66,33.62,23.96,100.77,17.62,70.26,22.07,1
7/8/2009,1.01,1.61,7.43,32.57,25.14,100.71,16.65,74.17,23.24,1
7/9/2009,13.49,1.64,9.26,33.83,24.57,100.61,24.3,74.76,23.42,1
7/10/2009,0.89,2.33,8.91,34.02,25.11,100.42,21.4,75.29,23.96,1
7/11/2009,2.52,2.79,7.39,32.51,25.12,100.24,20.15,81.36,24.63,1
7/12/2009,4.91,2.98,4.14,29.94,25.8,100.19,15.95,88.34,25.28,1
7/13/2009,3.96,2.93,5.22,30.31,25.09,100.37,14.09,87.86,24.82,1
7/14/2009,2.8,2.94,6.25,30.61,24.36,100.57,14.14,83.95,23.68,1
7/15/2009,13.88,3.17,5.11,28.93,23.82,100.53,11.85,86.38,23.33,1
7/16/2009,11.45,3.35,5.28,29.71,24.43,100.43,9.56,86.47,24.12,1
7/17/2009,4.26,3.75,6.39,30.57,24.18,100.43,12.64,83.4,23.75,1
7/18/2009,6.59,3.03,8.36,32.4,24.04,100.58,14.99,81.24,23.69,1
7/19/2009,0.88,2.94,8.28,32.41,24.13,100.54,14.09,80.56,24.19,1
7/20/2009,0.95,3,5.18,30.52,25.34,100.64,13.8,84.31,24.31,1
7/21/2009,0.76,2.64,6.03,31.04,25.01,100.73,13.04,82.83,24.11,1
7/22/2009,21.01,2.41,4.28,28.94,24.66,100.58,14.04,89.92,24.42,1
7/23/2009,32.32,2.7,5.02,29.33,24.31,100.66,17.58,88.37,24.22,1
7/24/2009,2.04,2.84,7.18,30.87,23.69,100.7,19.28,85.55,24.24,1
7/25/2009,0.11,3.03,8.13,32.18,24.05,100.72,19.01,81.88,23.8,1
7/26/2009,1.3,2.92,8.12,32.13,24.01,100.68,19.91,82.9,24.2,1
7/27/2009,0.77,2.36,6.58,31.31,24.73,100.66,21.62,83.91,24.49,1
7/28/2009,2.02,3.33,4.86,29.83,24.97,100.75,16.18,85.68,24.09,1
7/29/2009,0.3,3.18,7.58,31.82,24.24,100.82,18.72,82.39,23.96,1
7/30/2009,0.88,3.45,6.01,30.57,24.56,100.78,18.81,82.04,23.5,1
7/31/2009,0.88,3.13,6.51,31,24.49,100.61,12.43,84.02,23.76,1
8/1/2009,0.18,3.65,6.98,31.39,24.41,100.46,12.65,81.08,23.65,1
8/2/2009,0.54,3.34,6.29,30.69,24.4,100.42,9.97,84.05,23.95,1
8/3/2009,2.79,2.96,6.02,30.33,24.31,100.45,13.12,86.61,24.33,1
8/4/2009,3.28,3.18,7.3,31.54,24.24,100.41,10.89,83.56,24.34,1
8/5/2009,2.44,3.36,8.46,32.06,23.6,100.38,19.04,81.62,24.07,1
8/6/2009,0.01,3.2,9.05,33.3,24.25,100.35,20.38,79.32,24.06,1
8/7/2009,0.03,3.05,5.95,31.49,25.54,100.4,18.17,83.53,24.66,1
8/8/2009,0,2.89,7.53,32.08,24.55,100.4,15.35,79.54,23.45,0
8/9/2009,0.2,2.85,5.98,30.11,24.13,100.3,16.83,83.95,23.86,1
8/10/2009,0.53,2.95,6.14,31.1,24.96,100.42,18.75,83.18,24.22,1
8/11/2009,0,2.19,7.28,31.91,24.63,100.56,19.33,82.6,24.47,0
8/12/2009,0.01,2.11,7.19,32.28,25.09,100.54,16.77,81.42,24.73,1
8/13/2009,0,2.19,7.48,32.53,25.05,100.57,19.19,79.62,24.35,0
8/14/2009,0,1.27,8.84,33.54,24.7,100.74,20.88,75.89,23.91,0
8/15/2009,0.01,1.71,7.34,32.51,25.17,100.81,21.4,77.89,24.07,1
8/16/2009,0.08,1.2,9.47,34.1,24.63,100.75,19.01,74.44,23.79,1
8/17/2009,1.42,1.68,6.97,32.62,25.65,100.78,20.29,77.53,23.97,1
8/18/2009,8.08,0.72,6.95,31.99,25.04,100.82,19.69,77.37,23.9,1
8/19/2009,1.96,1.03,7.97,33.1,25.13,100.9,23.81,75.54,23.77,1
8/20/2009,3.17,2.15,6.65,31.79,25.14,100.83,19.5,79.84,24.12,1
8/21/2009,0.11,1.79,11.59,36.03,24.44,100.59,19.47,71.64,23.38,1
8/22/2009,0.53,1.92,7.09,33.06,25.97,100.56,20.92,76.8,24.32,1
8/23/2009,1.12,2.37,7.92,33.36,25.44,100.63,19.51,77.39,24.2,1
8/24/2009,2.01,2.16,9.97,34.64,24.67,100.67,21.98,74.2,23.56,1
8/25/2009,12.07,1.01,7.71,32.86,25.15,100.65,14.97,77.1,23.91,1
8/26/2009,8.6,1.65,6.46,31.72,25.26,100.56,14.07,80.33,24.41,1
8/27/2009,3.97,2.15,9.27,33.9,24.63,100.54,21.57,78.67,24.03,1
8/28/2009,17.09,2.36,7.3,32.24,24.94,100.6,20.71,83.51,24.71,1
8/29/2009,0.43,2.2,6.44,31.57,25.13,100.66,16.27,83.02,24.55,1
8/30/2009,7.51,2.14,6.88,32.03,25.15,100.72,18.88,82.71,24.61,1
8/31/2009,38.92,1.57,5.71,30.73,25.02,100.79,17.7,84.96,24.63,1
9/1/2009,6.25,1.66,5.36,30.11,24.75,100.67,18.57,88.1,24.7,1
9/2/2009,20.01,2.46,5.4,29.59,24.19,100.57,15.5,88.06,24.32,1
9/3/2009,6.37,2.68,4.41,28.56,24.15,100.53,14.11,89.25,24.26,1
9/4/2009,7.79,3.11,5,29.22,24.22,100.48,13.76,89.4,24.31,1
9/5/2009,9.49,2.59,5.16,29.47,24.31,100.52,12.39,88.89,24.46,1
9/6/2009,28.48,2.79,5.27,29.69,24.42,100.45,14.07,87.66,24.27,1
9/7/2009,27.69,3.01,4.45,28.6,24.15,100.58,10.81,90.59,24.39,1
9/8/2009,5.32,2.35,5.07,28.77,23.7,100.73,10.16,89.18,24.02,1
9/9/2009,2.71,2.25,5.98,28.91,22.93,100.66,13.11,89.49,24.05,1
9/10/2009,16.08,2.33,4.33,28.41,24.08,100.51,13.51,91.68,24.62,1
9/11/2009,2.03,2.22,6.64,30.32,23.68,100.57,18.5,88.38,24.78,1
9/12/2009,2.29,2.79,6.68,31.45,24.77,100.65,17.42,87.84,25.28,1
9/13/2009,10.46,2.8,5.47,30.61,25.14,100.77,17.33,89.31,25.5,1
9/14/2009,16.68,2.23,4.86,29.74,24.88,100.73,18.22,91.09,25.47,1
9/15/2009,31,2.11,4.55,28.97,24.42,100.59,13.99,92.42,25.29,1
9/16/2009,2.57,1.93,5.55,29.89,24.34,100.71,12.47,90.28,24.94,1
9/17/2009,0.12,0.89,6.82,30.5,23.68,100.92,17.86,83.65,24.09,1
9/18/2009,0.71,1.26,7.47,31.8,24.33,100.95,20.96,84.18,24.76,1
9/19/2009,0.28,1.31,6.91,31.5,24.59,100.88,23.02,84.83,25.03,1
9/20/2009,0.04,1.64,6.6,31.58,24.98,100.91,18.49,84.36,24.83,1
9/21/2009,0.05,1.6,4.43,29.07,24.64,100.86,20.44,88.57,24.66,1
9/22/2009,0.75,2.33,5.12,29.84,24.72,100.79,16.8,87.05,24.27,1
9/23/2009,4.75,1.62,5.54,29.07,23.53,100.7,19.86,88.55,23.93,1
9/24/2009,19.77,2.26,6.96,30.34,23.38,100.61,16.25,87.86,24.26,1
9/25/2009,4.18,2.73,6.48,30.13,23.65,100.53,13.55,88.5,24.45,1
9/26/2009,1.61,2.9,4.43,28.68,24.25,100.56,14.17,90.22,24.43,1
9/27/2009,3.95,2.17,4.7,28.31,23.61,100.53,13.15,91.62,24.31,1
9/28/2009,1.25,2.79,5.28,28.47,23.19,100.32,14.43,90.79,23.84,1
9/29/2009,1.77,3.47,5,28.84,23.84,100.13,9.83,89.12,24.09,1
9/30/2009,7.55,3.54,4.24,28.81,24.57,100.19,11.51,89.18,24.05,1
10/1/2009,0.91,2.48,7.23,31.05,23.82,100.43,14,87.12,24.6,1
10/2/2009,0.82,2.05,6.81,31.16,24.35,100.68,18.12,85.83,24.75,1
10/3/2009,3.03,1.22,4.1,28.71,24.61,100.73,17.12,89.66,24.63,1
10/4/2009,2.39,1.34,3.15,28.13,24.98,100.77,16.46,91.88,24.98,1
10/5/2009,6.42,1.09,5.52,30.06,24.54,100.71,18.73,86.41,24.76,1
10/6/2009,4.62,1.4,4.58,29.06,24.48,100.68,12.05,91.33,24.82,1
10/7/2009,1.55,1.44,4.21,28.4,24.19,100.66,13.05,89.63,24.01,1
10/8/2009,1.37,2.1,6.37,30.13,23.76,100.6,14.88,86.78,23.85,1
10/9/2009,6.54,1.88,5.03,28.33,23.3,100.63,12.48,90.96,23.91,1
10/10/2009,1.89,1.52,6.35,29.38,23.03,100.73,15.32,88.11,23.5,1
10/11/2009,3,2.44,3.83,27.81,23.98,100.88,14.82,92.16,24.14,1
10/12/2009,0.26,2.24,7.39,30.93,23.54,100.88,16.84,87.57,24.2,1
10/13/2009,0.02,1.95,7.88,30.99,23.11,100.93,19.65,86.39,24.22,1
10/14/2009,0.95,1.38,6.97,30,23.03,100.9,21.56,85.09,23.9,1
10/15/2009,5.19,1.25,6.25,30.83,24.58,100.85,17.54,84.52,24.02,1
10/16/2009,3.98,1.37,3.54,27.84,24.3,100.77,12.85,91.45,24.45,1
10/17/2009,1.94,1.43,5.53,29.58,24.05,100.61,14.62,88.61,24.44,1
10/18/2009,4.82,1.78,5.88,30.36,24.48,100.63,11.99,87.79,24.66,1
10/19/2009,8.35,0.91,4.96,29.89,24.93,100.72,14.04,87.26,24.43,1
10/20/2009,0,1.05,7.08,30.94,23.86,100.75,19.3,84.9,24.27,0
10/21/2009,0.26,1.86,5.2,29.84,24.64,100.8,19.61,89.1,24.83,1
10/22/2009,1.94,0.86,7.01,30.63,23.62,100.87,19.72,84.74,24.28,1
10/23/2009,3.77,1.28,4.84,29.29,24.45,100.81,14.98,89.75,24.82,1
10/24/2009,11.54,0.84,4.99,28.67,23.68,100.79,13.92,87.94,23.58,1
10/25/2009,8.07,1.76,7.22,30.34,23.12,100.79,15.55,87.56,24.08,1
10/26/2009,6.71,2.12,7.12,30.84,23.72,100.88,14.36,87.81,24.58,1
10/27/2009,2.03,1.46,7.81,31.2,23.39,100.85,19.86,83.52,23.84,1
10/28/2009,0,1.19,7.65,31.25,23.6,100.93,21.37,79.46,22.62,0
10/29/2009,0.88,1.13,7.5,31.1,23.6,101,23.28,75.81,21.91,1
10/30/2009,4.56,1.4,7.87,31.18,23.31,100.95,23.94,77.12,22.19,1
10/31/2009,0,1.09,8.74,31.58,22.84,100.81,22.62,75.37,22.11,0
11/1/2009,0.02,1.28,7.05,30.92,23.87,100.83,17.19,78.85,23.07,1
11/2/2009,0,2.74,10.83,32.91,22.08,100.77,18.56,78.64,22.69,0
11/3/2009,8.37,3.57,8.62,31.24,22.62,100.89,12.72,80.52,22.97,1
11/4/2009,2.58,3.48,8.37,30.87,22.5,101.03,20.86,81.21,22.65,1
11/5/2009,0.1,3.01,10.05,32.35,22.3,100.85,22.49,79.11,23.06,1
11/6/2009,1.3,2.86,8.26,32.29,24.03,100.74,18.21,80.01,23.53,1
11/7/2009,5.54,1.65,4.46,28.05,23.59,100.74,16.55,88.64,23.79,1
11/8/2009,0.41,2.01,8.82,32.88,24.06,100.67,18.46,82.22,24.15,1
11/9/2009,2.21,1.06,9.02,32.98,23.96,100.54,20,81.22,24.25,1
11/10/2009,0.23,1.35,8.71,32.47,23.76,100.44,20.27,81.4,24.12,1
11/11/2009,5.44,1.35,8.48,32.66,24.18,100.51,20.12,83.16,24.71,1
11/12/2009,0.72,1.95,7.29,32.08,24.79,100.78,18.21,83.19,24.71,1
11/13/2009,1.27,1.02,8.79,33.18,24.39,100.84,20.43,80.32,24.32,1
11/14/2009,1.35,1.64,3.8,28.78,24.98,100.76,18.79,87.5,24.34,1
11/15/2009,0.79,1.72,8.35,32.03,23.68,100.71,15.13,82.14,23.81,1
11/16/2009,0.94,1.29,6.73,31.33,24.6,100.81,18.14,82.24,24,1
11/17/2009,1.48,1.42,8.88,33,24.12,100.9,20.2,79.3,23.84,1
11/18/2009,0.55,2.79,10.96,32.28,21.32,101.03,20,71.28,20.46,1
11/19/2009,0,2.83,11.56,32.77,21.21,101.15,19.76,68.47,20.08,0
11/20/2009,0,3.29,11.49,33.31,21.82,101.15,20.94,67.08,20.19,0
11/21/2009,0,3.65,10.09,32.32,22.23,101.16,19.27,63.79,18.68,0
11/22/2009,0,3.55,8.17,27.98,19.81,101.16,19.14,69.6,17.4,0
11/23/2009,0,2.94,13.42,32.97,19.55,101.04,18.9,66.6,18.56,0
11/24/2009,0.19,2.89,9.83,31.3,21.47,100.92,18.51,68.52,19.21,1
11/25/2009,8.01,2.16,11.3,32.32,21.02,100.92,18.43,73.68,20.87,1
11/26/2009,0.05,1.69,9.45,31.34,21.89,100.91,15.85,73.77,21.22,1
11/27/2009,11.44,1.72,7.67,30.45,22.78,100.97,19.42,75.47,22.05,1
11/28/2009,0.17,1.77,8.78,32.43,23.65,101.01,20.16,73.49,22.32,1
11/29/2009,0.11,2.12,10.81,33.3,22.49,101.05,21.52,67.73,20.28,1
11/30/2009,7.02,1.7,9.43,31.82,22.39,101.13,20.3,75.36,21.39,1
12/1/2009,0.02,1.92,10.03,31.15,21.12,101.15,20.55,68.08,19.33,1
12/2/2009,0,1.64,10.6,32.73,22.13,101.13,21.23,68.87,20.58,0
12/3/2009,0.01,2.13,10.56,32.34,21.78,101.14,21.22,68.15,19.76,1
12/4/2009,0,2.03,11.78,31.95,20.17,101.11,21.11,63.45,17.93,0
12/5/2009,0.01,1.89,12.38,32.59,20.21,101.06,21.1,62.19,17.6,1
12/6/2009,0,1.07,12.11,32.59,20.48,101.03,19.76,67.75,19.04,0
12/7/2009,0,1.08,12,32.89,20.89,101.08,18.18,72.1,20.36,0
12/8/2009,0.01,1.41,11.68,32.99,21.31,101.04,19.31,71.59,20.52,1
12/9/2009,0.02,1.45,11.94,33.04,21.1,101.02,19.98,71.33,20.11,1
12/10/2009,0,1.36,12.73,32.99,20.26,100.95,18.78,72.25,20.18,0
12/11/2009,0,1.46,13.33,33.58,20.25,100.97,20.7,67.31,19,0
12/12/2009,0.06,1.49,14.07,34.27,20.2,100.9,20.3,69.54,20.17,1
12/13/2009,0.08,1.29,11.91,34.72,22.81,100.94,18.28,69.98,21.69,1
12/14/2009,6.94,1.7,10.88,34.94,24.06,101.01,20.5,70.33,21.7,1
12/15/2009,2.52,1.53,10.12,33.79,23.67,101.04,19.42,74.2,22.59,1
12/16/2009,3.27,1.82,8.53,32.33,23.8,101.12,18,78.18,22.84,1
12/17/2009,0.01,1.91,10.56,34.02,23.46,101.14,17.59,71.03,21.51,1
12/18/2009,1.71,1.72,11.13,34.71,23.58,101.25,18.4,67.99,21.09,1
12/19/2009,3.79,2.25,8.83,31.21,22.38,101.4,13.28,71.95,20.44,1
12/20/2009,0,2.7,11.71,33.66,21.95,101.4,15.26,62.84,19.11,0
12/21/2009,0,2.67,12.19,33.38,21.19,101.33,19.54,60.22,17.87,0
12/22/2009,0,2.35,13.5,33.67,20.17,101.18,21.17,57.82,16.55,0
12/23/2009,0,1.32,13.57,34.35,20.78,101.07,20.79,59.93,17.88,0
12/24/2009,0,1.1,13.84,35.6,21.76,100.95,20.96,55.81,18.25,0
12/25/2009,0.13,1.2,12.46,35.39,22.93,100.86,19.69,67.9,21.45,1
12/26/2009,3.9,1.34,11.04,34.25,23.21,100.83,17.62,73.49,22.42,1
12/27/2009,4.44,1.78,10,33.8,23.8,100.84,14.77,76.02,22.87,1
12/28/2009,4.8,1.81,10.29,33.51,23.22,100.82,17.09,76.07,22.38,1
12/29/2009,0,1.38,11.31,33.34,22.03,100.85,17.62,70.67,20.81,0
12/30/2009,0,1.28,13.02,34.86,21.84,100.82,18.07,67.43,20.39,0
12/31/2009,0,1.63,13.27,35.14,21.87,100.79,18.89,67.32,20.41,0
1/1/2010,0,1.69,13.19,35.91,22.72,100.82,16.13,63.55,19.34,0
1/2/2010,0,1.57,13.44,35.31,21.87,100.86,18.18,62.53,18.85,0
1/3/2010,0.01,1.56,12.24,36.35,24.11,100.83,19.62,65.41,21.37,1
1/4/2010,4.16,1.53,11.02,34.66,23.64,100.78,19.14,69.15,21.73,1
1/5/2010,0,2.16,12.36,34.93,22.57,100.77,18.29,67.22,20.83,0
1/6/2010,0,2.23,12.37,35.09,22.72,100.87,18.19,64.69,19.96,0
1/7/2010,0,1.68,13.57,35.93,22.36,101.01,19.21,63.21,19.54,0
1/8/2010,0,1.28,11.61,34.86,23.25,101.04,18.18,62.93,19.99,0
1/9/2010,0.08,1.1,11.33,35.22,23.89,100.96,19.03,59.62,19.63,1
1/10/2010,1.04,1.59,11.01,34.69,23.68,100.99,17.69,67.93,21.04,1
1/11/2010,0.21,1.48,11.6,34.87,23.27,101.08,15.58,65.96,20.6,1
1/12/2010,0.87,1.52,11.31,34.17,22.86,101.14,17.04,66.93,20.57,1
1/13/2010,0.02,2.2,9.4,33.19,23.79,101.33,18.72,58.01,18.24,1
1/14/2010,0.02,2.92,11.12,33.15,22.03,101.47,19.51,53.11,15.93,1
1/15/2010,0,2.35,13.12,34.1,20.98,101.36,19.95,52.87,16.09,0
1/16/2010,0,2.78,10.89,33.04,22.15,101.42,18.58,51.37,15.26,0
1/17/2010,0,3.55,12.7,34.43,21.73,101.38,18.73,48.61,15.02,0
1/18/2010,0,2.41,12.31,34.47,22.16,101.25,19.76,48.45,15.58,0
1/19/2010,4.56,2.62,6.36,29.82,23.46,101.12,12.69,66.32,19.11,1
1/20/2010,8.76,4.38,5.85,27.91,22.06,100.85,6.38,84.94,22.02,1
1/21/2010,0.23,3.89,9.74,33.14,23.4,101.03,10.74,73.1,21.32,1
1/22/2010,0.09,2.45,13.65,34.88,21.23,101.16,18.21,70.89,21.12,1
1/23/2010,0.08,1.67,12.96,35.36,22.4,101.14,18.34,67.58,20.74,1
1/24/2010,0.08,1.51,11.82,35.06,23.24,101.16,19.5,62.08,19.52,1
1/25/2010,0.16,1.86,14,36.29,22.29,101.1,20.56,59.83,19.14,1
1/26/2010,0.39,2.03,13.13,35.75,22.62,101.13,21.07,58.88,18.39,1
1/27/2010,0,2.02,12.94,35.69,22.75,101.1,19.6,56.44,18.46,0
1/28/2010,0,1.82,14.03,36.51,22.48,101.08,21.21,57.36,18.8,0
1/29/2010,0,1.46,12.87,35.72,22.85,101.1,20.3,59.27,19.68,0
1/30/2010,0.01,1.85,12.76,36.12,23.36,101.07,19.35,59.64,19.95,1
1/31/2010,0,2.03,13.52,37,23.48,101.11,20.5,54.06,18.56,0
2/1/2010,0,1.98,14.14,37.08,22.94,101.01,20.88,55.23,18.64,0
2/2/2010,0,2.47,13.6,37.27,23.67,100.93,18.02,56.82,19.83,0
2/3/2010,0,2.11,12.13,37.14,25.01,100.94,17.06,54.77,19.95,0
2/4/2010,0,2.69,13.82,37.44,23.62,100.99,21.06,53.48,18.49,0
2/5/2010,0,1.93,14.32,37.49,23.17,101,21.07,54.08,18.67,0
2/6/2010,0,2.58,12.86,37.38,24.52,101.07,17.3,54.64,19.16,0
2/7/2010,0,2.55,13.71,37.79,24.08,101.08,20.98,50.98,18.33,0
2/8/2010,0.04,3.17,13.36,38.02,24.66,100.99,18.84,53.77,19.33,1
2/9/2010,0,2.86,14.96,38.05,23.09,100.98,21.29,55.55,19.03,0
2/10/2010,0,2.58,13.76,37.52,23.76,100.99,21.4,55.98,19.53,0
2/11/2010,0,2.19,14.5,37.7,23.2,101.08,21.36,54.66,19.02,0
2/12/2010,0.02,2.42,13.98,37.88,23.9,101.09,20.85,52.31,18.64,1
2/13/2010,0.02,2.02,14.05,37.95,23.9,100.97,18.54,53.13,19.01,1
2/14/2010,0.22,2.16,13.67,38.03,24.36,100.89,20.32,51.7,18.76,1
2/15/2010,0,2.5,14.16,38.21,24.05,101,21.24,51.97,18.38,0
2/16/2010,0,2.86,14.97,39.03,24.06,101.02,22.87,50.27,17.12,0
2/17/2010,0,2.02,14.7,39.02,24.32,101.04,21.97,47.87,17,0
2/18/2010,0.15,2.35,14.01,38.5,24.49,101.05,20.67,46.93,17.04,1
2/19/2010,5.81,2.19,12.68,37.81,25.13,101.1,20.73,54.62,19.31,1
2/20/2010,0.01,1.71,10.86,36.27,25.41,101.09,19.05,56.73,20.33,1
2/21/2010,0.03,2.46,11.08,36.76,25.68,101.06,15.67,55.12,20.18,1
2/22/2010,0.03,1.85,11.3,37.78,26.48,101.01,15.21,53.25,20.31,1
2/23/2010,0,2.98,11.61,38.31,26.7,100.86,17.82,51.5,19.9,0
2/24/2010,0,2.58,13.96,39.21,25.25,100.81,22.59,49.3,18.16,0
2/25/2010,0,2.05,14.71,39.62,24.91,100.83,22.18,51.28,19.06,0
2/26/2010,0,1.74,13.51,39.65,26.14,100.75,21.79,50.75,20.02,0
2/27/2010,0,2.55,13.42,40.23,26.81,100.74,22.21,48.72,19.28,0
2/28/2010,0.01,3.21,13.56,39.69,26.13,100.87,21.06,49.71,19.19,1
3/1/2010,0,2.63,14.91,40.12,25.21,100.97,22.62,48.59,18.51,0
3/2/2010,0,2.1,12.41,38.59,26.18,100.89,21.55,48.49,18.54,0
3/3/2010,0,3.2,14.6,40.57,25.97,100.75,21.75,50.09,19.73,0
3/4/2010,0,2.59,13.65,40.35,26.7,100.77,20.98,50.24,20.07,0
3/5/2010,0,2.54,14.44,40.75,26.31,100.78,22.72,48.78,19.48,0
3/6/2010,0,2.72,14.62,40.97,26.35,100.87,23.81,48.59,19.45,0
3/7/2010,0,2.74,13.77,40.36,26.59,100.91,21.57,48.47,19.63,0
3/8/2010,0,2.52,13.44,40.04,26.6,100.93,21.36,47.56,18.78,0
3/9/2010,0.33,2.48,13.21,39.84,26.63,101.09,20.18,48.81,19.89,1
3/10/2010,0.56,3.52,11.19,37.83,26.64,101.25,20.77,42.28,16.62,1
3/11/2010,0.03,2.8,13.96,37.79,23.83,101.37,24.14,42.44,16.15,1
3/12/2010,0.48,1.78,13.43,39.12,25.69,101.23,22.75,46.76,18.29,1
3/13/2010,0.49,2.21,13.17,39.18,26.01,101.07,22.8,48.51,19.07,1
3/14/2010,4.94,2.24,12.01,38.58,26.57,100.91,22.06,53.08,20.42,1
3/15/2010,0,1.98,13.85,39.39,25.54,100.86,22.49,50.34,19.15,0
3/16/2010,0.19,3.26,13.82,39.9,26.08,100.95,22.95,48.8,18.52,1
3/17/2010,0,2.52,14.34,40.01,25.67,101.11,24.91,46.98,18.31,0
3/18/2010,0,2.88,13.52,39.47,25.95,101.12,22.36,43.64,16.82,0
3/19/2010,0,2.1,12.19,38.25,26.06,100.99,24.14,43.33,16.47,0
3/20/2010,0.01,2.4,12.6,38.59,25.99,100.84,22.8,49.26,19.2,1
3/21/2010,0.11,2.74,12.47,38.96,26.49,100.73,20.36,48.36,19.35,1
3/22/2010,0,3.07,12.57,39.1,26.53,100.64,20.81,49.02,19.73,0
3/23/2010,0,3.03,12.39,38.96,26.57,100.58,20.85,49.15,19.95,0
3/24/2010,0,1.55,12.8,40.16,27.36,100.59,21.24,47.47,20.08,0
3/25/2010,4.59,1.86,12.06,40.15,28.09,100.6,22.28,49.74,21.24,1
3/26/2010,4.78,3.23,5.45,29.85,24.4,100.98,5.91,71.78,21.6,1
3/27/2010,3.91,2.09,13.3,36.64,23.34,101.02,18.77,63.94,21.16,1
3/28/2010,1.18,2.22,12.68,37.75,25.07,100.94,22.22,58.78,21.06,1
3/29/2010,4.28,2.27,11.2,37.59,26.39,100.96,19,59.98,21.34,1
3/30/2010,5.58,1.33,9.58,34.92,25.34,100.95,19.49,67.42,22.74,1
3/31/2010,0.02,1.78,8.46,34.5,26.04,100.96,17.36,66.63,22.73,1
4/1/2010,0,1.99,10.11,36.23,26.12,100.87,22,61.84,22.43,0
4/2/2010,0.02,2.16,12.38,38.71,26.33,100.81,21.81,56.79,21.75,1
4/3/2010,0.71,2.13,10.76,37.82,27.06,100.88,14.05,58.13,21.99,1
4/4/2010,0.41,2.27,12.07,38.23,26.16,100.88,21.8,55.96,21.4,1
4/5/2010,0.99,2.07,12.54,39.76,27.22,100.72,22.66,51.96,21.26,1
4/6/2010,0,2.21,12.95,40.29,27.34,100.74,22.96,52.58,21.62,0
4/7/2010,0,2.4,12.58,40.86,28.28,100.85,22.49,49.02,20.89,0
4/8/2010,0.05,2.66,12.27,39.79,27.52,100.92,18.06,48.29,20.44,1
4/9/2010,0,2.14,11.31,39.37,28.06,100.77,21.96,49.27,20.62,0
4/10/2010,0,2.87,12.89,40.33,27.44,100.59,22.45,48.14,20.15,0
4/11/2010,0,2.83,11.79,39.98,28.19,100.57,23.04,50.92,20.98,0
4/12/2010,0,3.31,11.98,40.38,28.4,100.56,21.87,50.49,21.25,0
4/13/2010,0.01,2.58,13.21,41.46,28.25,100.64,22.48,48.31,21,1
4/14/2010,0.06,3.31,13.42,41.47,28.05,100.72,23.66,45.39,19.86,1
4/15/2010,4.73,2.45,9.88,38.03,28.15,100.81,21.98,58.53,22.49,1
4/16/2010,0.98,1.68,7.89,35.17,27.28,100.91,15.92,60.94,22.57,1
4/17/2010,1.27,1.44,7.13,34.09,26.96,101.01,16.88,63.74,22.03,1
4/18/2010,3.9,1.05,8.92,35.86,26.94,100.91,20.37,62.78,22.58,1
4/19/2010,0.42,1.75,7.16,34.44,27.28,100.78,14.49,64.85,22.86,1
4/20/2010,1.84,1.96,5.33,32.44,27.11,100.71,17.64,72.27,23.81,1
4/21/2010,0.02,1.6,7.52,33.98,26.46,100.71,22.01,69.53,23.56,1
4/22/2010,1.54,2.1,8.96,35.64,26.68,100.77,17.6,66.31,23.55,1
4/23/2010,1.07,1.97,10.77,37.69,26.92,100.81,22.09,59.89,22.83,1
4/24/2010,0.1,2,11.88,38.71,26.83,100.86,22.67,54.59,21.45,1
4/25/2010,0.04,1.92,13.04,40.39,27.35,100.82,25.58,47.57,20.09,1
4/26/2010,1.33,2.46,13.68,41.18,27.5,100.94,25.01,47.49,20.25,1
4/27/2010,0.56,1.89,9.54,38.34,28.8,101,18.29,51.89,21.27,1
4/28/2010,3.12,1.93,7.11,34.91,27.8,100.98,19.5,62.91,22.76,1
4/29/2010,0.01,1.5,8.25,36.28,28.03,100.88,19.7,58.28,22.18,1
4/30/2010,0.33,1.64,8.66,37.03,28.37,100.88,15.62,55.83,21.9,1
5/1/2010,2.48,2.25,5.65,31.69,26.04,100.95,18.3,66.11,21.91,1
5/2/2010,3.7,1.12,12.6,37.76,25.16,100.76,19.24,64.3,22.99,1
5/3/2010,1.84,2.73,8.51,34.47,25.96,100.65,19.42,66.63,22.69,1
5/4/2010,11.33,1.53,9.88,35.51,25.63,100.55,18.96,73.09,23.72,1
5/5/2010,0.05,1.79,12.97,38.34,25.37,100.44,21.09,64.16,22.95,1
5/6/2010,0,1.62,10.82,37.95,27.13,100.45,24.55,62.86,23.63,0
5/7/2010,0,1.71,13.36,40.63,27.27,100.39,25.06,58.03,22.96,0
5/8/2010,3.13,1.71,11.71,39.39,27.68,100.31,24.77,59.65,23.57,1
5/9/2010,0.03,1.63,10.38,38.35,27.97,100.29,23.18,60.19,23.64,1
5/10/2010,0.25,1.67,9.74,38.09,28.35,100.32,24.08,58.56,23.4,1
5/11/2010,0.89,1.73,8.73,36.97,28.24,100.46,22.85,58.9,23.2,1
5/12/2010,2.97,1.99,8.91,37.3,28.39,100.56,21.13,60.28,23.17,1
5/13/2010,0.64,1.85,8.86,36.16,27.3,100.56,22.79,63.06,23.41,1
5/14/2010,0.59,1.67,5.68,34.16,28.48,100.49,19.58,65.95,23.65,1
5/15/2010,1.66,1.5,10.44,37.77,27.33,100.45,21.84,63.4,23.4,1
5/16/2010,0.94,2.2,13.11,39.79,26.68,100.49,22.47,59.26,23.1,1
5/17/2010,0.52,2.16,12.23,40.44,28.21,100.63,21.37,52.06,21.49,1
5/18/2010,1.31,1.43,10.87,39.93,29.06,100.65,22.53,55.05,22.62,1
5/19/2010,0.25,1.2,6.24,35.35,29.11,100.74,21.31,62.34,23.42,1
5/20/2010,0.15,2.12,11.32,39.44,28.12,100.72,23.99,54.26,21.95,1
5/21/2010,2.95,2.96,12.68,40.28,27.6,100.7,21.01,55.74,22.33,1
5/22/2010,2.17,2.7,8.43,35.69,27.26,100.72,19.23,66.26,23.25,1
5/23/2010,0.8,2.77,11.52,37.48,25.96,100.57,20.89,63.48,22.67,1
5/24/2010,1.61,2.54,8.63,35.44,26.81,100.52,22.86,68.68,24.14,1
5/25/2010,5.01,2.54,8.17,34.98,26.81,100.56,23.46,72.86,24.44,1
5/26/2010,4.03,2.46,7.02,32.97,25.95,100.68,17.52,79.29,24.61,1
5/27/2010,4.88,2.2,8.53,33.41,24.88,100.71,18.53,75.96,23.84,1
5/28/2010,9.1,2.7,9.24,35.11,25.87,100.77,18.78,76.43,24.38,1
5/29/2010,0.04,2.42,11.26,37.19,25.93,100.72,21.56,67.91,23.36,1
5/30/2010,0.17,2.55,9.79,36.11,26.32,100.72,22.99,67.64,23.37,1
5/31/2010,0.67,2.71,12.53,38.46,25.93,100.67,24.27,64.36,22.88,1
6/1/2010,1.3,2.56,12.17,38.35,26.18,100.62,22.65,66.65,23.59,1
6/2/2010,2.98,2.59,8.06,35,26.94,100.66,19.28,75.13,25.1,1
6/3/2010,0.72,2.36,9.41,36.19,26.78,100.75,14.31,70.7,24.14,1
6/4/2010,2.58,2.25,10.99,37.15,26.16,100.72,19.16,69.77,23.88,1
6/5/2010,1.35,2.57,9.04,35.56,26.52,100.6,21.19,71.79,24.05,1
6/6/2010,2.77,2.09,7.01,32.78,25.77,100.63,16.82,80.38,24.92,1
6/7/2010,3.82,2.14,8.23,34.15,25.92,100.7,17.87,76.62,24.32,1
6/8/2010,15.99,2.52,6.44,32.37,25.93,100.72,19.4,79.71,24.73,1
6/9/2010,36.33,1.56,5.76,31.56,25.8,100.73,15.98,84.27,25.07,1
6/10/2010,13.6,1.25,10.21,34.94,24.73,100.76,21.26,74.66,23.68,1
6/11/2010,0.03,1.19,7.69,33.37,25.68,100.75,24.57,75.56,24.42,1
6/12/2010,0.23,1.06,7.1,33.87,26.77,100.76,23.48,73.93,24.42,1
6/13/2010,0.82,1.33,7.41,33.77,26.36,100.76,23.09,73.52,24.32,1
6/14/2010,0.63,1.49,8.42,34.9,26.48,100.79,23.05,71.44,23.83,1
6/15/2010,3.7,1.76,5.1,31.22,26.12,100.77,20.65,79.42,24.46,1
6/16/2010,0.83,1.83,8.29,33.68,25.39,100.72,23.97,75.59,24.14,1
6/17/2010,1.27,2.7,7.23,33.39,26.16,100.71,23.68,78.35,24.82,1
6/18/2010,0.73,2.41,7.19,33.38,26.19,100.79,20.12,76,24.11,1
6/19/2010,4.13,2.16,6.11,31.55,25.44,100.77,21.52,81.98,24.44,1
6/20/2010,20.9,1.48,6.22,30.95,24.73,100.63,20.65,83.25,24.3,1
6/21/2010,37.27,2.8,5.73,30.52,24.79,100.53,14.37,88.49,25.16,1
6/22/2010,6.34,3.12,5.25,30.56,25.31,100.62,11.09,87.63,25.1,1
6/23/2010,0.29,2.7,5.3,30.76,25.46,100.78,17.22,86.43,25.02,1
6/24/2010,0.63,2.52,6.32,31.51,25.19,100.63,25.2,85.77,25.07,1
6/25/2010,2.74,2.07,6.41,31.32,24.91,100.52,24.01,86.06,25.2,1
6/26/2010,2.63,2.25,6.11,31.57,25.46,100.59,19.52,86.26,25.45,1
6/27/2010,1.64,2.25,6.59,31.61,25.02,100.66,19.95,84.97,24.83,1
6/28/2010,6.11,1.75,7.87,32.18,24.31,100.55,22.19,82.16,24.55,1
6/29/2010,15.42,2.17,6.14,31.04,24.9,100.6,20.06,86.55,25.06,1
6/30/2010,0.45,1.91,7.28,31.88,24.6,100.64,23.93,82.57,24.6,1
7/1/2010,3.34,2.21,5.36,30.57,25.21,100.65,15.74,86.52,24.85,1
7/2/2010,2.62,2.07,5.87,30.72,24.85,100.73,12.62,85.22,24.26,1
7/3/2010,0.95,1.97,7.73,32.2,24.47,100.81,23.12,81.51,24.14,1
7/4/2010,9.61,1.74,6.04,30.33,24.29,100.94,19.15,85.08,24.11,1
7/5/2010,1.41,1.22,7.64,31.68,24.04,100.86,24.21,80.67,23.82,1
7/6/2010,0.17,2.01,8.11,32.62,24.51,100.84,23.07,79.24,24.01,1
7/7/2010,1.37,1.46,8.24,32.59,24.35,100.83,23.05,79.25,24.23,1
7/8/2010,0.04,1.93,8.56,33.12,24.56,100.74,24.2,78.55,24.17,1
7/9/2010,0.22,2.32,5.72,31.1,25.38,100.71,19.16,81.93,24.21,1
7/10/2010,0.04,2.11,8.28,32.64,24.36,100.75,22.07,79.57,24.08,1
7/11/2010,0.09,2.27,7.75,32.82,25.07,100.78,21.58,77.71,24.02,1
7/12/2010,1.05,1.91,7,31.82,24.82,100.72,19.09,81.59,24.34,1
7/13/2010,0.27,1.88,7.44,32.38,24.94,100.59,18.01,79.64,23.95,1
7/14/2010,3.32,2.18,7.33,31.77,24.44,100.53,18.7,81.99,24.23,1
7/15/2010,0.47,2.06,6.63,31.23,24.6,100.53,17.4,83.19,24.26,1
7/16/2010,0.21,2.58,8.86,33.55,24.69,100.47,13.93,78.49,23.86,1
7/17/2010,1.35,2.3,6.06,31.34,25.28,100.67,12.46,81.71,24.18,1
7/18/2010,4.01,2.51,7.99,32.65,24.66,100.8,18.37,80.57,24.08,1
7/19/2010,0.55,2.3,9.02,33.33,24.31,100.75,24.78,77.3,23.79,1
7/20/2010,4.09,1.62,8.36,32.84,24.48,100.71,23.47,78.73,24.05,1
7/21/2010,1.93,2.42,7.05,32.32,25.27,100.69,20.82,81.44,24.53,1
7/22/2010,1.18,2.47,7.67,32.44,24.77,100.64,19.26,81.89,24.43,1
7/23/2010,0.75,3.13,6.59,31.75,25.16,100.58,19.97,80.85,23.99,1
7/24/2010,9.24,2.57,5.98,30.35,24.37,100.55,15.45,84.13,23.91,1
7/25/2010,20.47,2.04,5.5,29.7,24.2,100.42,14.3,84.61,24.03,1
7/26/2010,1.07,2,3.78,28.76,24.98,100.4,15.64,88.12,24.25,1
7/27/2010,1.96,2.17,4.7,29.77,25.07,100.53,20.31,88.43,24.86,1
7/28/2010,1.59,2.9,5.57,30.61,25.04,100.73,15.33,87.25,24.79,1
7/29/2010,4.95,2.19,7.25,32.02,24.77,100.74,15.34,82.87,24.42,1
7/30/2010,0.08,2.64,7.25,31.98,24.73,100.78,20.96,79.24,23.61,1
7/31/2010,2.31,1.88,7.54,31.76,24.22,100.75,18.76,81.96,24.07,1
8/1/2010,15.56,2.9,5.95,30.63,24.68,100.78,14.63,84.74,24.16,1
8/2/2010,15.14,3.47,5.48,29.73,24.25,100.76,17.14,88.21,24.18,1
8/3/2010,0.01,2.27,6.11,30.48,24.37,100.67,20.23,84.11,24.2,1
8/4/2010,0.3,2.41,7.71,31.85,24.14,100.64,19.7,81.03,23.83,1
8/5/2010,1.19,2.26,8.06,32.4,24.34,100.66,19.13,80.36,23.98,1
8/6/2010,1.76,2.07,7.08,31,23.92,100.66,15.92,82.36,23.63,1
8/7/2010,6.16,3.17,6.58,30.13,23.55,100.49,15.47,85.29,23.9,1
8/8/2010,0.84,2.64,6.95,30.98,24.03,100.43,13.14,83.02,23.53,1
8/9/2010,1.15,3.16,4.67,29,24.33,100.47,16.86,84.6,23.57,1
8/10/2010,8.66,2.92,6.28,30.81,24.53,100.52,16.93,83.93,24.04,1
8/11/2010,0.6,2.71,7.15,31.36,24.21,100.62,18.32,85.16,24.55,1
8/12/2010,0.67,1.57,6.57,31.18,24.61,100.72,19.25,83.36,24.47,1
8/13/2010,1.06,1.35,6.39,31.23,24.84,100.69,19.1,82.1,24.32,1
8/14/2010,13,0.99,6.99,31.56,24.57,100.7,16.02,81.61,24.29,1
8/15/2010,7.9,1.17,6.6,31.42,24.82,100.82,22.78,83.38,24.51,1
8/16/2010,12.31,1.02,5.81,30.53,24.72,100.82,20.8,84.65,24.75,1
8/17/2010,0.77,1.14,7.23,32.02,24.79,100.66,15.93,80.62,24.32,1
8/18/2010,1.88,0.73,6.77,31.63,24.86,100.68,20.31,79.63,24.25,1
8/19/2010,3.04,0.75,6.18,31.18,25,100.76,18.54,80.04,23.88,1
8/20/2010,12.73,1.57,6.69,30.98,24.29,100.78,19.48,83.93,23.97,1
8/21/2010,3.48,2.16,7.13,30.99,23.86,100.67,19.66,84.25,23.98,1
8/22/2010,10.64,2.34,5.3,29.6,24.3,100.59,15.47,89.39,24.4,1
8/23/2010,11.3,2.17,5.08,29,23.92,100.5,16.09,90.32,24.17,1
8/24/2010,12.32,2.95,5.59,29.2,23.61,100.65,12.41,86.63,23.64,1
8/25/2010,0.05,2.02,8.29,32.09,23.8,100.85,21.47,82.71,24.03,1
8/26/2010,0.96,1.54,8.53,32.56,24.03,100.83,20.66,81.77,24.22,1
8/27/2010,5.49,2.21,6.35,30.74,24.39,100.75,22.03,85.85,24.14,1
8/28/2010,5.02,2.35,6.46,30.26,23.8,100.69,16.53,86.66,24.16,1
8/29/2010,6.47,2.32,6.02,30.08,24.06,100.83,19.12,85.95,23.97,1
8/30/2010,0.08,2.2,7.74,31.15,23.41,100.72,17.55,83.46,23.77,1
8/31/2010,2.66,2.39,8.75,32.36,23.61,100.54,19.88,83.05,24.32,1
9/1/2010,25.65,1.54,6.75,31.32,24.57,100.52,19.92,85.79,25.02,1
9/2/2010,2.9,2.19,5.44,30.77,25.33,100.59,18.63,87.27,25.07,1
9/3/2010,17.98,2.63,4.88,29.71,24.83,100.64,18.3,90.45,24.97,1
9/4/2010,11.01,2.52,5.14,29.42,24.28,100.71,15.69,89.55,24.46,1
9/5/2010,5.95,1.87,8.23,31.42,23.19,100.72,18.01,84.71,24.13,1
9/6/2010,12.98,1.39,6.18,30.47,24.29,100.63,17.27,86.04,24.76,1
9/7/2010,0.05,2.12,6.41,31.31,24.9,100.6,22.14,85.93,24.95,1
9/8/2010,0.06,2.42,7.07,31.59,24.52,100.77,19.59,84.49,24.45,1
9/9/2010,0.04,2.08,6.59,30.89,24.3,100.82,19.23,85.85,24.59,1
9/10/2010,0.16,2.28,6.97,30.83,23.86,100.73,18.85,85.57,24.36,1
9/11/2010,0.77,1.1,6.55,30.82,24.27,100.75,20.29,84.69,24.44,1
9/12/2010,2.86,1.24,5.88,30.35,24.47,100.82,18.96,84.5,24.15,1
9/13/2010,0.8,1.11,4.03,28.43,24.4,100.75,21.53,87.9,24.07,1
9/14/2010,0.77,1.27,7.77,31.44,23.67,100.73,15.25,82.19,23.67,1
9/15/2010,0.88,0.73,8.03,31.83,23.8,100.72,18.51,79.14,23.77,1
9/16/2010,16.05,1.62,2.87,27.28,24.41,100.73,19.9,89.76,24,1
9/17/2010,11.04,2.25,4.97,28.89,23.92,100.65,17.55,91.15,24.24,1
9/18/2010,9.16,1.39,6.98,30.42,23.44,100.7,18.83,85.61,24.04,1
9/19/2010,11.7,1.47,6.67,31.11,24.44,100.65,20.7,85.97,24.64,1
9/20/2010,3.04,1.47,7.57,31.85,24.28,100.63,19.76,82.96,24.43,1
9/21/2010,0.53,1.12,6.63,30.9,24.27,100.68,20.67,82.7,24.36,1
9/22/2010,0.04,1.41,5.68,30.39,24.71,100.66,18.37,86.57,24.77,1
9/23/2010,0.01,1.61,7.37,31.73,24.36,100.72,20.58,84.01,24.6,1
9/24/2010,0.34,1.02,7.31,31.85,24.54,100.77,21.33,82.27,24.47,1
9/25/2010,2.08,0.73,6.11,31.04,24.93,100.83,17.63,82.85,24.44,1
9/26/2010,1.46,1.23,4.59,29.63,25.04,100.86,18.97,84.85,24.13,1
9/27/2010,2.98,0.95,6.76,31.13,24.37,100.82,18.67,82.8,24.27,1
9/28/2010,2.87,0.61,5.29,30.15,24.86,100.82,15.1,84.73,24.47,1
9/29/2010,1.06,1.33,6.84,31.01,24.17,100.76,18.87,83.99,24.2,1
9/30/2010,5.64,1.36,8.25,32.04,23.79,100.61,19.21,81.21,23.86,1
10/1/2010,7.11,1.07,7.69,31.77,24.08,100.44,19.53,80.93,23.91,1
10/2/2010,5.32,2.27,2.97,27.67,24.7,100.35,19.09,89.59,24.2,1
10/3/2010,39.02,2.61,3.44,28.17,24.73,100.3,16.23,92.51,24.92,1
10/4/2010,16.68,2.45,5.16,29.52,24.36,100.53,11.98,89.09,24.48,1
10/5/2010,19.91,1.94,4.97,29.42,24.45,100.69,13.83,90.87,24.79,1
10/6/2010,0.05,1.23,5.76,29.44,23.68,100.81,16.82,88.21,24.36,1
10/7/2010,0.16,1.6,6.84,30.66,23.82,100.83,18.48,85.09,23.97,1
10/8/2010,0.33,1.45,7.98,31.72,23.74,100.77,18.56,83.46,24.08,1
10/9/2010,2.61,1.49,6.62,31.3,24.68,100.62,16.27,83.09,24.45,1
10/10/2010,16.72,1.79,4.27,29.21,24.94,100.59,15.72,90.57,24.91,1
10/11/2010,52.06,1.37,4.26,28.13,23.87,100.64,3.44,93.06,24.55,1
10/12/2010,9.36,2.81,5.74,30.04,24.3,100.66,14.7,89.53,24.59,1
10/13/2010,5.58,0.9,5.68,29.86,24.18,100.65,15.27,86.21,23.96,1
10/14/2010,11.22,1.94,4.11,28.23,24.12,100.52,14.55,91.78,24.43,1
10/15/2010,13.25,2.71,5.19,28.36,23.17,100.44,11.34,92.04,23.95,1
10/16/2010,1.74,3,7,29.9,22.9,100.51,15.23,87.52,23.52,1
10/17/2010,1.47,1.74,5.96,29.66,23.7,100.63,12.5,89.6,24.45,1
10/18/2010,2.44,1.73,5.33,29.13,23.8,100.77,18.61,89.39,24.15,1
10/19/2010,4.25,1.76,6.31,29.31,23,100.78,14.94,88.77,23.99,1
10/20/2010,5.79,1.42,4.32,28.21,23.89,100.7,14.47,92.36,24.52,1
10/21/2010,2.72,1.97,5.97,30.36,24.39,100.56,20.42,84.55,23.61,1
10/22/2010,0.56,1.48,7.88,31.04,23.16,100.58,18.63,82.79,23.4,1
10/23/2010,0.3,1,7.35,31.2,23.85,100.6,20.49,81.01,23.96,1
10/24/2010,0.37,1.13,7.48,31.42,23.94,100.56,20.25,82.47,24.31,1
10/25/2010,0.94,1.01,5.31,30.25,24.94,100.65,17.25,86.89,24.86,1
10/26/2010,3.28,1.63,5.2,29.47,24.27,100.81,9.51,89.43,24.89,1
10/27/2010,0.61,1.21,6.62,31.24,24.62,100.82,17.81,84.27,24.17,1
10/28/2010,0.88,2.01,4.62,28.9,24.28,100.88,14.45,88.07,23.93,1
10/29/2010,0.02,3.32,6.39,29.65,23.26,100.94,20.18,82.27,22.34,1
10/30/2010,0.32,3.67,5.08,26.12,21.04,101.04,10.57,85.66,20.62,1
10/31/2010,0.14,3.88,7.19,26.78,19.59,100.93,12.16,86.07,20.42,1
11/1/2010,1.44,3.03,8.59,29.44,20.85,100.63,11.76,87.62,22.66,1
11/2/2010,3,2.49,5.78,29.61,23.83,100.7,14.45,89.64,24.35,1
11/3/2010,1.2,2.61,5.84,29.48,23.64,100.83,14.95,88.28,23.79,1
11/4/2010,0.02,2.43,7.92,29.49,21.57,100.85,19.15,83.06,21.95,1
11/5/2010,0.02,2.36,7.61,28.44,20.83,100.89,19.13,84.04,21.46,1
11/6/2010,0.63,2.66,7.8,29.9,22.1,100.82,20.54,85.02,22.63,1
11/7/2010,7.69,2.19,6.77,29.67,22.9,100.87,13.17,88.87,23.78,1
11/8/2010,18.29,3.03,2.74,26.71,23.97,100.89,13.44,93.54,23.97,1
11/9/2010,2.05,2.17,3.97,27.7,23.73,101.04,17.11,91.48,23.49,1
11/10/2010,4.71,1.67,4.88,27.82,22.94,100.99,18.71,89.72,23.16,1
11/11/2010,1.88,1.89,6.78,29.66,22.88,100.85,16.22,87.84,23.7,1
11/12/2010,0.07,2.19,7.9,30.46,22.56,100.61,20.03,81.87,22.96,1
11/13/2010,0.36,2,6.9,30.45,23.55,100.73,18.93,82.68,23.42,1
11/14/2010,3.15,1.63,6.2,29.94,23.74,100.94,19.03,86.74,24.04,1
11/15/2010,24.36,1.3,5.16,29.06,23.9,101.04,18.12,90.44,24.14,1
11/16/2010,6.15,1.39,7.69,30.18,22.49,100.9,20.6,80.24,22.5,1
11/17/2010,3.32,1.64,7.8,30.58,22.78,100.88,17,83.22,23.53,1
11/18/2010,6.32,1.07,5.02,29.07,24.05,100.88,14.51,88.3,24.17,1
11/19/2010,5.76,1.53,5.55,29.16,23.61,100.81,14.45,88.74,24.07,1
11/20/2010,1.83,1.62,4.87,27.61,22.74,100.72,15.38,89.07,23.16,1
11/21/2010,1.45,1,7.09,29.98,22.89,100.64,18.75,82.05,23.25,1
11/22/2010,4.68,1.15,6.25,29.99,23.74,100.6,19.55,85.81,23.98,1
11/23/2010,3.89,1.13,5,29.3,24.3,100.69,15.08,86.2,24.15,1
11/24/2010,1,1.39,7.06,30.2,23.14,100.79,19.85,80.73,23.03,1
11/25/2010,0.8,2.23,7.56,30.29,22.73,100.86,19.84,82.92,22.75,1
11/26/2010,0.25,2.2,9.15,30.07,20.92,100.79,20.11,83.56,22.33,1
11/27/2010,0.42,1.91,7.93,30.21,22.28,100.78,19.06,83.62,22.67,1
11/28/2010,0.89,1.72,6.89,30.62,23.73,100.79,17.26,84.96,23.71,1
11/29/2010,4.2,1.97,5.07,28.95,23.88,100.78,16.65,90.3,24.23,1
11/30/2010,8.69,2.22,6.14,29.52,23.38,100.7,16.49,88.8,23.87,1
12/1/2010,0.04,2.33,6.91,30.19,23.28,100.67,19.16,82.58,23.16,1
12/2/2010,0,2.61,7.21,29.66,22.45,100.76,17.8,80.69,22.27,0
12/3/2010,0,2.85,8.33,30.34,22.01,100.81,16.08,79.09,21.78,0
12/4/2010,0.02,2.55,8.69,30.51,21.82,100.73,17.79,79.79,22.13,1
12/5/2010,0.09,2.19,6.99,30.85,23.86,100.61,13.51,84.45,23.77,1
12/6/2010,3.2,1.92,7.72,31.07,23.35,100.71,14.74,84.14,23.7,1
12/7/2010,5.43,2.19,7.25,30.38,23.13,100.81,17.79,82.71,22.86,1
12/8/2010,0,2.54,8.14,30.06,21.92,100.84,19.95,77.82,20.95,0
12/9/2010,0,1.48,9.34,29.98,20.64,100.86,18.92,75.17,20.25,0
12/10/2010,0,0.98,9.76,31.42,21.66,100.76,18.18,76.01,21.43,0
12/11/2010,0,1.15,9.1,31.5,22.4,100.6,16.63,79.41,22.49,0
12/12/2010,0.02,1.38,7.99,30.49,22.5,100.54,15.56,82.46,22.67,1
12/13/2010,0.12,0.92,9.18,31.57,22.39,100.61,16.95,78.79,22.61,1
12/14/2010,3.42,0.75,4.03,28.34,24.31,100.71,13.41,86.95,23.64,1
12/15/2010,3.29,1.68,8.34,31.17,22.83,100.66,15.52,82.45,22.68,1
12/16/2010,11.93,1.16,9.8,31.79,21.99,100.7,19.47,81.97,22.94,1
12/17/2010,21,3.08,7.37,27,19.63,100.95,11.59,81.32,19.07,1
12/18/2010,0,2.23,9.5,27.67,18.17,100.91,15.11,76.67,18.28,0
12/19/2010,0,1.95,8.75,29.46,20.71,100.99,17.21,76.26,19.94,0
12/20/2010,0.79,1.45,8.69,29.89,21.2,100.92,15.94,79.85,21.59,1
12/21/2010,1.12,1.48,9.46,31.59,22.13,100.72,17.65,76.98,21.64,1
12/22/2010,0.06,1.32,8.83,30.56,21.73,100.62,17.73,80.85,22.06,1
12/23/2010,0.97,1.26,7.77,30.86,23.09,100.72,19.55,80.07,22.21,1
12/24/2010,0,1.28,8.32,31.02,22.7,100.72,19.76,74.85,20.92,0
12/25/2010,0,1.11,9.92,31.68,21.76,100.66,19.11,74.01,21.17,0
12/26/2010,0,2.72,10.41,31.4,20.99,100.78,21.25,69.63,19.4,0
12/27/2010,0,2.61,9.44,30.09,20.65,100.91,19.68,71.17,19.3,0
12/28/2010,0.05,2.08,7.11,27.8,20.69,100.93,18.96,74.37,18.74,1
12/29/2010,1.99,1.47,10.06,30.57,20.51,100.85,16.51,76.25,20.38,1
12/30/2010,0,1.63,9.86,31.99,22.13,100.82,18.02,73.73,21.22,0
12/31/2010,0,2.4,10.02,31,20.98,100.83,20.36,69.76,19.11,0
1/1/2011,0,2.08,10.48,30.34,19.86,100.76,20.79,71.3,18.93,0
1/2/2011,0,1.52,11.08,31.63,20.55,100.81,20.54,71.53,19.35,0
1/3/2011,0,1.5,12.82,32.94,20.12,100.81,20.26,69.64,19.49,0
1/4/2011,0.18,1.95,8.56,31.39,22.83,100.84,16.64,73.95,21.12,1
1/5/2011,0.45,1.77,9.2,31.74,22.54,100.78,14.73,74.16,21.18,1
1/6/2011,0.5,2.86,10.87,32.66,21.79,100.88,16.23,71.94,20.34,1
1/7/2011,0,2.98,11.97,32.46,20.49,100.92,19.16,66.76,19.01,0
1/8/2011,0,2.63,11.49,31.82,20.33,100.93,20.41,64.78,17.69,0
1/9/2011,0,2.57,13.1,32.54,19.44,100.85,21.33,63.1,17.18,0
1/10/2011,0,2.38,12.43,31.64,19.21,100.83,20.18,64.26,17.33,0
1/11/2011,0,1.84,12.41,32.59,20.18,100.73,16.75,64.3,17.99,0
1/12/2011,0,1.77,10.66,32.23,21.57,100.72,17.88,65.26,18.79,0
1/13/2011,0,1.32,10.58,32.67,22.09,100.81,17.99,66.9,19.36,0
1/14/2011,0,1.31,10.39,32.62,22.23,100.85,18.17,66.05,19.28,0
1/15/2011,0,2.5,10.72,31.94,21.22,100.96,18.76,64.57,18.29,0
1/16/2011,0,2.99,9.55,30.24,20.69,101.06,20.45,61.19,16.07,0
1/17/2011,0,2.94,12.34,31.28,18.94,101.11,18.87,58.11,14.97,0
1/18/2011,0,1.84,13.57,32.31,18.74,101.03,18.08,60.39,15.96,0
1/19/2011,0,0.96,12.24,33.11,20.87,100.87,18.22,57.87,17.01,0
1/20/2011,0,1.77,13.42,34.38,20.96,100.75,21.28,60.74,18.06,0
1/21/2011,0,1.58,10.61,32.94,22.33,100.83,18.59,68.25,20.27,0
1/22/2011,0.01,1.71,10.23,33.15,22.92,100.96,18.76,68.34,20.19,1
1/23/2011,0.03,1.97,11.34,34.73,23.39,101.07,17.62,66.49,20.57,1
1/24/2011,0.11,2.31,9.84,33.46,23.62,101.07,19.24,65.5,19.65,1
1/25/2011,0.04,2.68,11.77,34.18,22.41,101.07,20.53,61.94,18.57,1
1/26/2011,0,3.26,12.38,34.59,22.21,101.12,19.44,58.45,18.34,0
1/27/2011,0,3.03,12.88,35.49,22.61,101.13,21.94,60.97,19.46,0
1/28/2011,0,2.46,12.86,35.79,22.93,101.03,22.24,60.11,19.44,0
1/29/2011,0,3.98,11.08,34.3,23.22,101.01,21.88,52.41,16.87,0
1/30/2011,0,3.44,13.62,34.65,21.03,101.12,20.19,50.88,15.76,0
1/31/2011,0,2.92,12.88,34.4,21.52,101.11,22.7,54.17,16.81,0
2/1/2011,0,2.19,13.7,35.18,21.48,101.02,22.71,54.33,17.15,0
2/2/2011,0,2.43,11.6,34.88,23.28,101,22.12,55.13,17.52,0
2/3/2011,0,1.89,12.62,35.34,22.72,101,22.48,53.15,16.98,0
2/4/2011,0.05,1.62,12.66,34.73,22.07,100.96,20.12,57.05,18.29,1
2/5/2011,0.17,1.79,11.58,34.98,23.4,100.93,21.74,56.7,17.79,1
2/6/2011,0,1.46,12.81,34.61,21.8,100.89,20.78,56.9,17.15,0
2/7/2011,0,1.46,12.75,34.58,21.83,100.74,19.65,61.02,18.5,0
2/8/2011,0.01,1.83,11.85,34.72,22.87,100.53,16.71,62.01,19.45,1
2/9/2011,0,1.96,13.15,36.02,22.87,100.48,17.44,61.19,19.58,0
2/10/2011,0,2.26,13.52,36.58,23.06,100.65,18.97,56.05,18.09,0
2/11/2011,0,2.61,14.18,36.45,22.27,100.8,18.05,54.71,17.52,0
2/12/2011,0.02,2.13,12.72,35.61,22.89,100.82,17.85,59.86,19.41,1
2/13/2011,0,1.32,13.3,36.87,23.57,100.77,18.38,56.41,19.34,0
2/14/2011,0.01,2.41,11.83,36.47,24.64,100.78,17.68,55.2,19.22,1
2/15/2011,0.06,1.54,12.89,36.86,23.97,100.93,21.29,50.95,17.76,1
2/16/2011,0,1.54,13.58,38.14,24.56,100.97,18.4,48.96,17.75,0
2/17/2011,0,2.33,12.42,37.32,24.9,100.91,18.57,54.66,19.66,0
2/18/2011,0,2.82,12.13,37.09,24.96,100.87,17.38,53.26,19.18,0
2/19/2011,0.06,2.16,12.08,37.23,25.15,100.91,20.75,52.52,19.34,1
2/20/2011,0.58,2.28,10.77,36.46,25.69,100.97,17.57,55.24,20.11,1
2/21/2011,0,2.78,12.34,38.08,25.74,100.92,19.28,49,17.95,0
2/22/2011,0.48,2.21,13.77,38.13,24.36,100.87,17.89,51.78,18.2,1
2/23/2011,0.86,1.89,10.43,35.69,25.26,100.91,18.47,54.12,18.91,1
2/24/2011,0,1.34,13.16,37.45,24.29,100.83,19.72,49.66,18.13,0
2/25/2011,0,2.44,12.84,37.94,25.1,100.69,16.21,50.63,19,0
2/26/2011,0.02,2.87,13.43,38.26,24.83,100.73,18.95,48.75,17.96,1
2/27/2011,0.06,1.83,12.63,37.42,24.79,100.79,18.39,50.69,18.77,1
2/28/2011,0,2.21,10.07,35.88,25.81,100.75,15.36,52.57,19.28,0
3/1/2011,0.01,2.64,10.85,35.83,24.98,100.74,18.57,54.88,19.51,1
3/2/2011,0.14,2.43,9.76,34.83,25.07,100.87,15.12,54.34,18.39,1
3/3/2011,0.19,1.88,13.68,38.16,24.48,100.71,16.96,40.48,15.7,1
3/4/2011,2.22,2.34,12.2,37.11,24.91,100.7,21.45,49.8,18.64,1
3/5/2011,0.01,2.46,11.71,37.48,25.77,100.7,21.37,49.62,18.94,1
3/6/2011,0.05,2.15,10.65,37.03,26.38,100.81,16.4,54.11,20.27,1
3/7/2011,0.76,2.82,11.37,37.3,25.93,100.8,17.63,52.75,19.93,1
3/8/2011,6.07,2.15,11.29,36.45,25.16,100.81,14.57,61.93,21.01,1
3/9/2011,0.28,2.26,12.75,37.8,25.05,100.89,20.04,54.87,19.65,1
3/10/2011,0.05,2.09,13.81,38.45,24.64,100.89,24.12,48.53,18.1,1
3/11/2011,0.34,2.71,13.57,38.99,25.42,100.8,22.43,44.46,17.61,1
3/12/2011,0.02,2.22,10.58,37.12,26.54,100.81,19.75,46.63,17.65,1
3/13/2011,0,1.93,9.59,34.83,25.24,100.82,21.74,50.62,17.95,0
3/14/2011,0,2.05,14.86,39.42,24.56,100.68,21.06,48.33,17.93,0
3/15/2011,1.66,2.28,12.47,37.8,25.33,100.71,17.74,52.02,19.3,1
3/16/2011,0.2,2.17,11.35,37.25,25.9,100.66,19.63,50.21,18.54,1
3/17/2011,0.69,3.37,9.58,36.09,26.51,100.78,14.47,52.49,19.36,1
3/18/2011,1.3,1.58,9.83,34.58,24.75,100.85,21.25,60.14,20.39,1
3/19/2011,0.14,1.13,10.48,36.42,25.94,100.72,18.53,54.58,20.17,1
3/20/2011,0.34,1.89,8.1,34.43,26.33,100.71,11.64,59.25,20.71,1
3/21/2011,0.33,2.61,8.73,34.96,26.23,100.74,11.42,61.43,21.43,1
3/22/2011,2.85,1.73,10.38,35.79,25.41,100.78,19.68,64.7,21.48,1
3/23/2011,10.52,2.13,7.49,32.72,25.23,100.86,16.4,71.39,22.32,1
3/24/2011,3.08,2.84,11.15,35.4,24.25,100.84,18.74,67.36,21.32,1
3/25/2011,0.28,3.29,9.18,33.1,23.92,100.94,13.05,65.28,20.48,1
3/26/2011,0.44,3.5,9.82,33.7,23.88,100.99,16.52,58.32,18.89,1
3/27/2011,0.76,3.28,12.76,35.87,23.11,100.89,16.25,56.68,18.86,1
3/28/2011,0.29,3.68,12.22,35.62,23.4,100.88,21.49,50.64,17.17,1
3/29/2011,0.01,4.15,12.13,34.98,22.85,100.93,20.22,47.79,16.27,1
3/30/2011,0.06,3.2,12.23,35.75,23.52,100.95,22.15,47.76,16.41,1
3/31/2011,0,2.94,12.87,37.31,24.44,100.82,23.82,46.62,17.42,0
4/1/2011,0.05,2.36,12.34,38.57,26.23,100.75,20.41,50.11,19.38,1
4/2/2011,0.3,2.05,6.39,33.03,26.64,100.8,16.89,64.72,21.64,1
4/3/2011,0.05,1.93,9.08,34.73,25.65,100.81,15.39,63.81,21.42,1
4/4/2011,0.08,1.57,6.09,32.03,25.94,100.88,12.16,67.24,21.84,1
4/5/2011,0.25,2.2,12.8,37.49,24.69,100.91,16.15,56.68,20.3,1
4/6/2011,0,1.93,12.18,38.3,26.12,100.91,20.7,52.31,19.82,0
4/7/2011,0.59,2.22,12.17,37.88,25.71,100.91,19.89,52.67,19.75,1
4/8/2011,0.28,1.86,11.75,37.41,25.66,100.93,20.27,49.49,18.52,1
4/9/2011,0.26,1.97,14.06,39.29,25.23,100.97,18.56,49.49,19,1
4/10/2011,0,1.79,11.64,37.54,25.9,101.03,21.22,50.38,19.09,0
4/11/2011,0.18,2.08,13.43,38.88,25.45,100.82,21.95,49.33,18.88,1
4/12/2011,0.22,2.74,11.6,37.65,26.05,100.86,20.1,51.09,19.32,1
4/13/2011,0.08,2.04,12.25,38.17,25.92,100.89,16.35,48.92,18.77,1
4/14/2011,0.23,1.94,12.01,37.54,25.53,100.75,23.35,49.33,18.52,1
4/15/2011,0,2.88,12.01,37.48,25.47,100.69,18.27,52.73,19.91,0
4/16/2011,0,2.4,10.91,37.25,26.34,100.75,21.7,54.58,20.5,0
4/17/2011,0.03,2.32,12.62,39.32,26.7,100.69,21.27,54.54,21.18,1
4/18/2011,9.1,1.87,9.55,37.13,27.58,100.54,21.16,57.37,21.96,1
4/19/2011,51.56,1.43,4.16,29.4,25.24,100.72,17.12,78.84,23.2,1
4/20/2011,0.57,1.91,9.41,34.09,24.68,100.79,16.85,73.13,23.26,1
4/21/2011,0.81,2.47,8.75,34.21,25.46,100.85,17.96,70.74,22.56,1
4/22/2011,0.12,1.98,11.86,35.9,24.04,100.75,22.19,66.81,22.26,1
4/23/2011,7.84,2.07,10.29,35.71,25.42,100.66,16.87,67.43,22.96,1
4/24/2011,40.48,1.83,5.88,30.29,24.41,100.77,17.36,81.92,23.47,1
4/25/2011,2.98,1.25,7.68,31.93,24.25,100.78,15.66,76.73,22.83,1
4/26/2011,0.09,1.29,8.68,33.26,24.58,100.7,17.74,74.86,23.82,1
4/27/2011,0,1.3,8.65,34.24,25.59,100.59,22.18,73.22,23.97,0
4/28/2011,0.42,1.56,7.07,32.71,25.64,100.5,19.66,72.7,23.74,1
4/29/2011,2.24,2.08,10.29,35.31,25.02,100.59,17.34,71.02,23.37,1
4/30/2011,0.02,1.47,8.52,33.24,24.72,100.71,20,74.02,23.78,1
5/1/2011,0.23,1.29,10.5,35.64,25.14,100.75,21.4,70.44,23.19,1
5/2/2011,1.02,1.32,4.68,30.47,25.79,100.69,17.53,79.45,24,1
5/3/2011,2.81,0.96,7.17,32.81,25.64,100.61,20.7,77.29,24.36,1
5/4/2011,0.45,1.17,5.78,31.94,26.16,100.63,7.67,79.17,24.53,1
5/5/2011,1.37,1.1,7.17,32.95,25.78,100.67,21.39,76.66,24.02,1
5/6/2011,1.33,1.89,7.79,33.22,25.43,100.69,18.93,76.65,24.14,1
5/7/2011,0.05,2.24,10.29,35.56,25.27,100.6,22.63,70.05,23.22,1
5/8/2011,0.28,2.47,10.94,35.99,25.05,100.53,24.67,71.9,23.71,1
5/9/2011,0.55,2.56,9.09,34.92,25.83,100.6,21.57,72.91,23.68,1
5/10/2011,0.87,3.56,7.34,33.31,25.97,100.64,18.04,76.04,23.82,1
5/11/2011,0.92,2.57,8.85,34.12,25.27,100.57,20.24,75.96,24.15,1
5/12/2011,4.57,2.85,6.37,31.81,25.44,100.6,19.57,83.13,24.63,1
5/13/2011,1.59,1.88,8.5,33.51,25.01,100.6,18.06,79.09,24.4,1
5/14/2011,1.3,1.88,6.39,31.99,25.6,100.7,20.31,79.89,24.44,1
5/15/2011,2.94,1.53,10.25,34.59,24.34,100.92,18.63,74.45,23.66,1
5/16/2011,0.9,0.88,9.92,35.5,25.58,101,21.13,71.44,23.61,1
5/17/2011,1.52,0.86,6.6,32.56,25.96,100.86,19.48,75.96,24.02,1
5/18/2011,2.24,1.71,7.24,33.01,25.77,100.79,14.6,76.62,24.11,1
5/19/2011,0.17,1.44,9.43,34.5,25.07,100.78,21.53,71.42,22.99,1
5/20/2011,0.59,2.22,11.71,37.13,25.42,100.64,22.46,67.26,22.8,1
5/21/2011,0.76,1.93,8.34,33.88,25.54,100.6,24.8,70.74,22.89,1
5/22/2011,0.01,2.12,14.07,38.19,24.12,100.53,23.89,66.67,22.88,1
5/23/2011,0.35,2.07,9.44,35.23,25.79,100.54,23.89,70.2,23.61,1
5/24/2011,4.55,1.89,7.41,33.51,26.1,100.51,21.99,76.97,24.58,1
5/25/2011,5.73,1.27,6.02,31.98,25.96,100.51,15.33,78.93,24.57,1
5/26/2011,10.62,0.87,5.41,31.34,25.93,100.55,16.39,80.03,24.38,1
5/27/2011,2,1.56,9.15,34.16,25.01,100.51,17.97,74.79,23.66,1
5/28/2011,3.45,2.17,7.66,32.9,25.24,100.51,20.94,77.85,23.95,1
5/29/2011,8.82,2.15,6.88,31.95,25.07,100.72,19.86,81.93,24.01,1
5/30/2011,20.02,1.87,4.85,29.72,24.87,100.75,17.54,85.54,24.2,1
5/31/2011,1.55,2.74,8.37,32.63,24.26,100.61,19.55,81.52,24.24,1
6/1/2011,3.06,2.25,5.77,30.92,25.15,100.59,19.33,84.77,24.66,1
6/2/2011,3.76,1.66,7.37,32.24,24.87,100.65,19.76,81.17,24.5,1
6/3/2011,0.71,2.54,6.98,32.39,25.41,100.67,19.28,81.07,24.72,1
6/4/2011,0.95,2.19,6.16,31.82,25.66,100.6,20.61,84.28,25.15,1
6/5/2011,1.45,2.59,6.31,32.48,26.17,100.67,20.48,80.66,24.82,1
6/6/2011,16.84,2.01,6.76,31.74,24.98,100.76,21.06,85.97,25.07,1
6/7/2011,0.39,1.81,8.17,33.29,25.12,100.74,21.86,78.58,24.08,1
6/8/2011,0.2,2.58,7.86,33.18,25.32,100.67,22.37,78.01,24.08,1
6/9/2011,0.57,2.39,10.27,35.03,24.76,100.59,20.74,74.93,23.79,1
6/10/2011,2.01,2.72,5.84,31.09,25.25,100.58,21.53,80.59,23.88,1
6/11/2011,4.04,2.78,7.49,31.96,24.47,100.57,18.98,82.05,23.92,1
6/12/2011,4.64,3.18,6.26,31.01,24.75,100.66,18.59,82.2,23.69,1
6/13/2011,0.6,2.95,9.26,32.95,23.69,100.68,17.79,77.22,23.16,1
6/14/2011,3.52,2.26,6,30.08,24.08,100.78,16.89,79.5,22.81,1
6/15/2011,2.34,3.06,9.11,32.87,23.76,100.74,21.06,76.42,23,1
6/16/2011,5.8,3.01,7.75,32.27,24.52,100.63,15.88,80.37,23.78,1
6/17/2011,4.16,3.49,4.56,29.65,25.09,100.63,17.97,85.93,24.29,1
6/18/2011,8.77,3.03,5.18,29.8,24.62,100.54,18.87,86.71,24.15,1
6/19/2011,4.56,3.39,7.1,31.08,23.98,100.47,15.47,81.12,23.29,1
6/20/2011,1.8,3.18,7.78,31.5,23.72,100.57,13.65,79.82,23.08,1
6/21/2011,1.34,2.98,8.64,32.67,24.03,100.53,17.84,79.42,23.65,1
6/22/2011,1.28,2.82,8.78,33.27,24.49,100.36,14.51,77.29,23.36,1
6/23/2011,0.11,3.4,7.33,32.43,25.1,100.17,16.87,79.1,24.04,1
6/24/2011,0,3.94,6.49,31.92,25.43,100.17,17.77,79.61,24.09,0
6/25/2011,0.01,3.82,7.58,32.89,25.31,100.35,21.6,78.82,23.98,1
6/26/2011,0.84,3.17,8.11,32.89,24.78,100.57,19.33,78.53,23.99,1
6/27/2011,1.39,2.91,9.13,33.47,24.34,100.58,16.09,77.36,23.78,1
6/28/2011,0.28,2.64,10.42,34.59,24.17,100.54,18.7,75.96,23.81,1
6/29/2011,0.59,2.52,6.5,32.14,25.64,100.66,15.54,79.74,24.12,1
6/30/2011,3.7,2.07,8.5,32.91,24.41,100.73,13.47,77.49,23.28,1
7/1/2011,3.7,2.39,7.69,31.98,24.29,100.81,15.62,78.27,22.93,1
7/2/2011,0.55,1.89,10.56,33.73,23.17,100.74,22.33,73.34,22.43,1
7/3/2011,0.25,2.09,10.55,34.98,24.43,100.72,22.71,70.84,22.54,1
7/4/2011,0.39,1.33,11.23,35.66,24.43,100.75,22.92,68.88,22.48,1
7/5/2011,11.69,1.28,7.38,32.57,25.19,100.77,19.6,73.37,22.92,1
7/6/2011,51.83,1.96,8.17,32.56,24.39,100.65,20.06,80.93,24,1
7/7/2011,0.89,2.61,7.63,31.74,24.11,100.62,20.6,84.61,24.65,1
7/8/2011,0.07,2.74,7.63,32.6,24.97,100.64,22.96,78.16,23.52,1
7/9/2011,0.65,2.98,7.51,31.95,24.44,100.55,17.89,81.86,24.28,1
7/10/2011,3.98,2.51,3.66,28.63,24.97,100.44,14.37,88.71,24.65,1
7/11/2011,5.08,1.99,6.78,30.98,24.2,100.38,22.05,85.98,24.58,1
7/12/2011,3.19,2.62,5.73,30.24,24.51,100.4,14.59,88.04,24.81,1
7/13/2011,7.1,2.54,6.71,31.29,24.58,100.53,14.37,85.12,24.17,1
7/14/2011,12.55,2.27,5.62,29.42,23.8,100.57,15.81,88.31,24.17,1
7/15/2011,15.32,2.37,4.4,28.77,24.37,100.65,19.02,90.45,24.55,1
7/16/2011,0.06,2.74,5.98,30.15,24.17,100.63,19.19,85.29,23.97,1
7/17/2011,0.91,2.65,7.4,31.07,23.67,100.59,20.05,83.77,23.95,1
7/18/2011,0.11,2.53,7.38,31.19,23.81,100.62,21.63,83.38,23.95,1
7/19/2011,1.21,2.41,7.16,31.09,23.93,100.63,20.1,84.82,24.38,1
7/20/2011,0.46,2.48,6.66,31.22,24.56,100.68,21.03,83.73,24.32,1
7/21/2011,1.54,1.96,7.28,31.08,23.8,100.74,19.01,83.98,24.11,1
7/22/2011,3.25,2.08,7.22,31.15,23.93,100.67,18.47,80.96,23.43,1
7/23/2011,7.33,1.93,7.71,31.57,23.86,100.49,19.81,82.08,23.88,1
7/24/2011,1.95,2.63,5.55,29.86,24.31,100.54,17.02,85.5,24.01,1
7/25/2011,2.16,2.46,8.26,31.48,23.22,100.65,16.48,83.05,23.74,1
7/26/2011,2.34,2.39,7.83,31.52,23.69,100.65,17.67,82.23,23.83,1
7/27/2011,17.17,2.31,4.68,28.99,24.31,100.58,16.11,89.29,24.24,1
7/28/2011,36.28,2.66,4.38,28.71,24.33,100.45,17.22,90.96,24.61,1
7/29/2011,2.63,3.18,4.16,28.44,24.28,100.46,13.07,90.36,24.39,1
7/30/2011,2.2,3.67,4.34,28.35,24.01,100.38,10.23,90.07,24.13,1
7/31/2011,6.47,2.69,4.42,28.56,24.14,100.45,11.92,90.74,24.4,1
8/1/2011,0.52,2.11,7.9,31.94,24.04,100.61,12.62,83.54,24.16,1
8/2/2011,4.61,1.8,6.84,31.52,24.68,100.76,17.06,83.67,24.37,1
8/3/2011,0,1.49,6.59,31.32,24.73,100.8,18.92,82.76,24.48,0
8/4/2011,0.22,1.77,7.6,31.48,23.88,100.66,23.75,83.21,24.43,1
8/5/2011,2.41,2.35,7.54,31.86,24.32,100.46,23.84,84.75,24.87,1
8/6/2011,0.92,2.18,5.07,30.22,25.15,100.4,13.51,87.78,24.98,1
8/7/2011,0.8,2.5,5.97,30.49,24.52,100.52,17.76,86.64,24.51,1
8/8/2011,0.19,2.59,10.13,33.38,23.25,100.69,19.42,79.58,23.61,1
8/9/2011,0.74,2.47,7.34,31.58,24.24,100.69,17.93,82.36,23.68,1
8/10/2011,1.09,2.74,5.17,29.44,24.27,100.66,17.15,86.34,23.71,1
8/11/2011,1.39,2.49,5.34,29.35,24.01,100.66,17.77,86.72,23.74,1
8/12/2011,3.36,2.18,7.41,30.82,23.41,100.59,19.88,82.55,23.47,1
8/13/2011,6.26,1.25,7.77,31.53,23.76,100.55,20.37,80.71,23.8,1
8/14/2011,27.09,1.69,7.79,31.97,24.18,100.66,20.41,83.97,24.49,1
8/15/2011,84.28,2.28,4.63,28.92,24.29,100.83,13.58,90.96,24.66,1
8/16/2011,11.74,2.25,7.36,30.63,23.27,100.77,21.44,86.28,24.13,1
8/17/2011,2.53,1.82,6.66,30.39,23.73,100.7,20.37,86.6,24.32,1
8/18/2011,4.4,1.8,7.06,30.76,23.7,100.71,20.05,85.67,24.33,1
8/19/2011,26.87,1.53,5.84,29.51,23.67,100.78,17.76,85.92,24.31,1
8/20/2011,0.86,1.02,5.56,30.21,24.65,100.87,19.54,81.94,23.66,1
8/21/2011,10.4,1.51,7.69,31.21,23.52,100.79,23.36,82.08,24.05,1
8/22/2011,2.74,1.18,5.6,30.47,24.87,100.76,19.74,85.29,24.66,1
8/23/2011,5.54,1.48,5.18,30.02,24.84,100.66,18.99,88.07,24.97,1
8/24/2011,6.58,1.4,6.58,31.08,24.5,100.58,17.29,85.65,24.64,1
8/25/2011,12.39,1.84,6.11,30.66,24.55,100.5,21.86,88.19,25,1
8/26/2011,11.78,1.48,4.12,28.66,24.54,100.48,17.18,89.54,24.38,1
8/27/2011,8.06,2.54,2.85,27.27,24.42,100.49,18.28,92.12,24.37,1
8/28/2011,10.2,2.73,3.8,28.03,24.23,100.53,12.76,92.87,24.6,1
8/29/2011,4.04,3.18,6.17,30.12,23.95,100.7,16.35,89.53,24.57,1
8/30/2011,3.03,2.65,6.4,30.19,23.79,100.74,20.34,88.25,24.55,1
8/31/2011,0.63,2.83,6.06,30.14,24.08,100.69,17.54,88.69,24.6,1
9/1/2011,0.01,2.47,6.97,30.4,23.43,100.62,18.78,86.92,24.25,1
9/2/2011,0.34,2.32,5.96,29.91,23.95,100.63,17.67,87.32,24.29,1
9/3/2011,0.09,2.08,7.18,30.89,23.71,100.63,19.04,86.38,24.49,1
9/4/2011,0.36,2.56,6.25,30.75,24.5,100.68,18.27,87.46,24.79,1
9/5/2011,1.13,2.39,4.37,28.77,24.4,100.76,17.86,91.42,24.84,1
9/6/2011,0.57,1.88,5.91,29.75,23.84,100.77,19.15,89.28,24.62,1
9/7/2011,8.72,1.91,6.28,30.02,23.74,100.72,16.34,88.79,24.47,1
9/8/2011,9.98,2.54,4.23,28.44,24.21,100.68,12.27,91.51,24.43,1
9/9/2011,4.76,3.25,3.82,27.9,24.08,100.62,14.75,91.38,24.31,1
9/10/2011,11.95,3.06,3.79,27.61,23.82,100.45,17.02,92.57,24.24,1
9/11/2011,14.12,4.05,3.91,28.1,24.19,100.46,13.18,91.67,24.4,1
9/12/2011,1.15,3.62,4.98,29.49,24.51,100.7,15.2,89.72,24.65,1
9/13/2011,0.08,1.87,6.77,30.89,24.12,100.76,20,86.99,24.8,1
9/14/2011,0.04,1.83,6.11,30.57,24.46,100.75,19.54,86.82,24.87,1
9/15/2011,0.63,1.33,6.34,30.7,24.36,100.75,16.61,87.46,24.91,1
9/16/2011,0,1.72,5.54,29.85,24.31,100.68,20.37,88.32,24.84,0
9/17/2011,0.13,2.66,5.66,30.24,24.58,100.54,17.57,87.81,24.79,1
9/18/2011,1.55,2.2,4.98,29.31,24.33,100.62,17.08,89.45,24.67,1
9/19/2011,4.05,2.9,4.35,28.63,24.28,100.74,16.05,91.23,24.52,1
9/20/2011,16.47,1.84,5.23,29.29,24.06,100.81,15.57,90.42,24.7,1
9/21/2011,38.83,1.98,3.75,27.81,24.06,100.79,12.29,92.06,24.35,1
9/22/2011,3.5,2.44,5.17,28.16,22.99,100.78,11.91,89.32,23.53,1
9/23/2011,5.97,2.02,6.15,29.47,23.32,100.7,9.29,90.27,24.17,1
9/24/2011,9.79,1.64,4.01,27.84,23.83,100.77,11.49,92.39,24.06,1
9/25/2011,1.46,1.54,5.34,28.94,23.6,100.71,13.75,90.03,24.31,1
9/26/2011,6.61,1.31,7.31,31.1,23.79,100.53,15.85,87.1,24.67,1
9/27/2011,6.54,2.82,4.75,28.76,24.01,100.41,13.24,91.28,24.38,1
9/28/2011,28.17,2.47,4.33,27.89,23.56,100.57,14.75,92.06,24.08,1
9/29/2011,13.73,2.94,6.42,29.54,23.12,100.57,18.39,90.08,24.21,1
9/30/2011,4,3.06,5.65,29.84,24.19,100.62,18.93,90.39,24.75,1
10/1/2011,4.88,2.14,5.13,29.54,24.41,100.6,18.64,90.49,24.94,1
10/2/2011,3.14,1.46,6.45,30.09,23.64,100.58,15.15,89.56,24.84,1
10/3/2011,6.57,1.72,4.7,28.9,24.2,100.57,7.86,92.24,24.8,1
10/4/2011,4.96,1.38,4.9,28.34,23.44,100.63,11.94,90.72,24.01,1
10/5/2011,23.38,1.95,4.26,27.68,23.42,100.85,11.85,89.9,23.14,1
10/6/2011,3.05,1.01,6.33,29.24,22.91,100.88,17.11,87.41,23.49,1
10/7/2011,1.02,1.18,3.89,27.34,23.45,100.85,13.88,91.67,23.63,1
10/8/2011,1.56,1.11,6.18,29.4,23.22,100.81,18.19,87.62,23.94,1
10/9/2011,30.17,0.98,5.6,29.31,23.71,100.78,14.59,88.39,24,1
10/10/2011,4.56,1.66,5.13,28.9,23.77,100.84,17.46,90.23,24.38,1
10/11/2011,27.92,1.41,6.03,29.62,23.59,100.84,18.12,90.01,24.62,1
10/12/2011,14,1.64,5.69,29.46,23.77,100.8,16.75,89.2,24.53,1
10/13/2011,10.27,2.21,4.77,28.61,23.84,100.82,15.69,90.72,24.19,1
10/14/2011,3.66,2.19,6.37,29.64,23.27,100.76,13.89,90.66,24.56,1
10/15/2011,0.75,1.55,5.73,29.76,24.03,100.74,16.25,88.75,24.51,1
10/16/2011,0.13,1,6.64,30.3,23.66,100.71,17.92,84.74,24,1
10/17/2011,3.01,1.12,6.68,30.68,24,100.85,18.95,86.42,24.49,1
10/18/2011,1.46,2.03,6.66,31.22,24.56,100.87,19.26,86.59,24.88,1
10/19/2011,9.35,2.1,6.26,30.97,24.71,100.69,21.71,88.3,25.19,1
10/20/2011,25.27,1.81,6.12,30.54,24.42,100.77,15.85,88.61,24.8,1
10/21/2011,7.22,1.58,6.92,31.04,24.12,100.82,21.76,85.31,24.37,1
10/22/2011,1.33,1.42,7.52,31.27,23.75,100.82,18.29,81.39,23.77,1
10/23/2011,4.95,1.51,7.31,31.26,23.95,100.8,20.99,83.39,24.23,1
10/24/2011,0.17,1.2,6.96,31.31,24.35,100.72,20.55,85.37,24.76,1
10/25/2011,1.6,1.62,5.74,30.6,24.86,100.77,19.48,86.64,24.81,1
10/26/2011,3.12,1.29,6.28,30.46,24.18,100.79,21.13,86.35,24.65,1
10/27/2011,9.03,1.59,6.74,31.04,24.3,100.79,21.02,84.66,24.52,1
10/28/2011,4.53,1.53,5.24,29.74,24.5,100.83,19.84,88.85,24.54,1
10/29/2011,1.74,2.28,6.27,30.56,24.29,100.73,19.81,86.32,24.29,1
10/30/2011,0.31,2.24,7.53,30.74,23.21,100.68,21.65,82.99,23.41,1
10/31/2011,0.24,1.94,7.83,30.96,23.13,100.74,21.03,83.73,23.83,1
11/1/2011,1.09,2.49,6.64,30.37,23.73,100.73,20.86,86.17,24.26,1
11/2/2011,1.77,2.48,6.41,30.16,23.75,100.64,21.21,85.45,23.79,1
11/3/2011,1.12,1.89,7.85,31.09,23.24,100.66,20.55,84.33,23.82,1
11/4/2011,0.13,1.91,7.24,30.82,23.58,100.71,21.26,84.94,24.02,1
11/5/2011,3.94,2.27,5.98,30.29,24.31,100.68,18.96,87.71,24.3,1
11/6/2011,29.03,1.73,3.07,27.55,24.48,100.6,15.08,91.79,24.14,1
11/7/2011,6.55,1.48,3.99,28.09,24.1,100.58,10.24,92.96,24.47,1
11/8/2011,2.04,1.55,6.54,29.75,23.21,100.63,13.2,88.72,23.91,1
11/9/2011,2.69,1.38,6.33,29.42,23.09,100.71,15.44,90.14,23.65,1
11/10/2011,0.23,2,6.64,29.43,22.79,100.83,19.88,85.58,22.83,1
11/11/2011,14.27,0.98,5.81,28.69,22.88,100.97,17.87,85.74,22.95,1
11/12/2011,4.03,1.02,7.14,29.31,22.17,101.07,16.63,85.1,23.09,1
11/13/2011,0.97,1.89,6.72,29.7,22.98,101.06,21.37,83.85,22.84,1
11/14/2011,0.52,1.68,7.14,30.23,23.09,101.03,16.55,83.81,23.26,1
11/15/2011,0.84,2.01,7.63,30.52,22.89,100.97,18.68,85.2,23.63,1
11/16/2011,0.71,2.37,7.45,30.59,23.14,100.79,18.4,85,23.74,1
11/17/2011,1.91,1.5,5.35,29.46,24.11,100.73,18.72,86.93,23.97,1
11/18/2011,0.74,1.21,8.18,30.88,22.7,100.73,18.38,82.88,23.73,1
11/19/2011,17.93,1.41,4.66,28.79,24.13,100.9,16.75,87.72,23.63,1
11/20/2011,2.6,1.68,6.79,29.4,22.61,101.01,18.6,83.77,22.36,1
11/21/2011,1.84,2.38,8.4,30.47,22.07,100.95,17.43,85.56,23.43,1
11/22/2011,0,2.36,7.12,30.75,23.63,100.87,19.26,84.24,23.98,0
11/23/2011,0.13,2.73,6.66,30.21,23.55,100.89,18.18,86.14,24.02,1
11/24/2011,0.07,2.79,7.68,29.84,22.16,100.93,18.02,83.74,22.65,1
11/25/2011,0,2.29,7.95,30.36,22.41,100.87,18.88,82.83,23.01,0
11/26/2011,0.01,2.23,8.55,30.13,21.58,100.8,19.22,78.43,21.94,1
11/27/2011,0.02,1.79,8.84,30.79,21.95,100.76,20.6,80.28,22.82,1
11/28/2011,0.01,1.79,7.96,30.78,22.82,100.7,20.65,78.56,22.49,1
11/29/2011,0.02,0.99,8.52,31.06,22.54,100.78,20.8,78.83,22.79,1
11/30/2011,0,1.43,8.42,30.97,22.55,100.77,20.86,77.96,22.58,0
12/1/2011,0,2.39,8.78,31.26,22.48,100.77,21.32,79.36,22.3,0
12/2/2011,0,2.87,8.23,30.51,22.28,100.8,18.45,78.4,21.64,0
12/3/2011,0.08,2.16,8.46,29.25,20.79,100.85,19.15,75.64,19.91,1
12/4/2011,0.01,1.87,7.92,28,20.08,100.96,15.25,74.64,18.86,1
12/5/2011,0,1.8,11.56,30.22,18.66,100.92,20.58,73.87,19.19,0
12/6/2011,0.02,1.8,8.54,29.17,20.63,100.87,17.99,82.19,21.46,1
12/7/2011,1.9,0.95,7.08,29.94,22.86,100.88,13.1,82.84,22.99,1
12/8/2011,4.61,1.69,7.81,30.74,22.93,100.84,14.2,83.23,23.2,1
12/9/2011,0.67,2.55,6.68,29.73,23.05,100.94,12.02,81.68,22.3,1
12/10/2011,0,3.27,9.25,30.34,21.09,100.97,20.15,72.93,19.68,0
12/11/2011,0,3.55,8,26.91,18.91,101.12,19,71.86,16.87,0
12/12/2011,0,2.99,11.33,28.78,17.45,101.1,20.14,72.99,17.18,0
12/13/2011,0.06,2.9,10.79,30.17,19.38,101.04,14.32,75.12,18.9,1
12/14/2011,0.88,2.67,8.89,29.25,20.36,100.96,16.59,78.41,20.48,1
12/15/2011,0.37,2.47,10.15,32.19,22.04,100.89,18.24,76.86,22,1
12/16/2011,0.9,2.7,8.41,31.57,23.16,100.95,17.2,77.58,22.29,1
12/17/2011,0,3.34,10.14,31.96,21.82,100.97,18.86,71.18,20.37,0
12/18/2011,0,2.78,10.82,31.32,20.5,101.04,20.71,70.05,19.58,0
12/19/2011,0,2.73,10.26,31.88,21.62,100.89,19.12,69.97,20.02,0
12/20/2011,0.01,3.05,9.95,30.92,20.97,100.88,13.92,69.64,19.27,1
12/21/2011,0,2.87,8.07,30.11,22.04,100.9,16.43,76.43,20.88,0
12/22/2011,0,2.4,10.28,32.91,22.63,100.8,18.03,71.03,21.48,0
12/23/2011,0,3.07,10.45,33.51,23.06,100.77,19.03,67.2,20.59,0
12/24/2011,0,3.4,10.68,32.12,21.44,100.93,19.02,64.27,18.15,0
12/25/2011,0,3.25,11.02,30.12,19.1,101.14,19.39,61.93,15.6,0
12/26/2011,0,2.69,12.1,30.38,18.28,101.22,20.42,62.71,16.35,0
12/27/2011,0.07,2.25,11.79,32.65,20.86,101.15,19.76,67.9,19.57,1
12/28/2011,0.04,2.5,11.44,33.94,22.5,101.15,20.74,67.05,20.24,1
12/29/2011,0,2.19,12.7,33.54,20.84,101.07,21.13,63.82,18.64,0
12/30/2011,0.01,1.89,10.95,33.82,22.87,101.1,20.23,64.54,20.05,1
12/31/2011,0.76,1.88,10.57,33.36,22.79,101.13,14.82,69.49,21.24,1
1/1/2012,0,2.23,10.57,34.38,23.81,101.09,16.27,69.38,21.6,0
1/2/2012,0,1.47,9.64,33.48,23.84,101.07,16.26,70.26,21.56,0
1/3/2012,0,1.46,11.45,34.13,22.68,101.02,15.88,68.67,20.59,0
1/4/2012,0,1.31,12.04,33.98,21.94,101.12,16.87,68.28,20.1,0
1/5/2012,0,1.5,12.15,34.14,21.99,101.15,20.89,66.27,19.7,0
1/6/2012,0,1.7,11.73,34.86,23.13,101.2,21.33,67.8,20.64,0
1/7/2012,0,2.63,12.34,35.04,22.7,101.29,21.38,61.41,18.6,0
1/8/2012,0,2.98,11.3,33.07,21.77,101.25,21,58.91,17.28,0
1/9/2012,0,3.04,11.05,32,20.95,101.18,19.38,56.89,16.57,0
1/10/2012,0,2.86,10.75,32.91,22.16,101.07,16.64,57.89,17.89,0
1/11/2012,0.02,2.9,9.8,32.58,22.78,101.08,15.12,61.57,18.86,1
1/12/2012,0,2.95,10.93,34.24,23.31,100.97,13.46,62.3,19.63,0
1/13/2012,0,2.16,9.66,33.75,24.09,100.92,16.75,61.28,19.89,0
1/14/2012,0.04,1.8,8.43,32.64,24.21,100.73,13.63,67.04,20.91,1
1/15/2012,0.58,2.09,10.05,33.67,23.62,100.63,12.42,71.03,21.51,1
1/16/2012,4.2,1.64,10.24,33.7,23.46,100.54,15.33,76.07,22.64,1
1/17/2012,7.54,1.75,7.38,30.81,23.43,100.63,8.56,82.22,23.09,1
1/18/2012,0.99,2.15,10.77,33.98,23.21,100.65,15.15,75.31,22.51,1
1/19/2012,0.73,2.53,12.26,35.1,22.84,100.73,12.18,70.9,21.88,1
1/20/2012,1.41,2.1,10.26,33.46,23.2,100.77,14.93,72.34,21.82,1
1/21/2012,3.41,1.89,11.26,34.1,22.84,100.76,18.6,69.45,20.59,1
1/22/2012,0.02,1.1,14.7,35.7,21,100.79,19.7,61.87,19.13,1
1/23/2012,3.76,0.92,8.76,32.88,24.12,100.87,18.61,74.23,22.28,1
1/24/2012,0.04,1.58,10.72,35.11,24.39,100.82,17.23,64.18,20.64,1
1/25/2012,1.91,1.35,11.29,35.62,24.33,100.83,18.18,62.15,20.44,1
1/26/2012,2.7,1.29,11.62,34.67,23.05,100.88,19.3,65.12,20.13,1
1/27/2012,0,1.57,10.97,34.17,23.2,100.83,19.25,58.47,18.4,0
1/28/2012,0.18,1.33,10.59,34.37,23.78,100.79,19.24,62.8,19.68,1
1/29/2012,1.82,1.79,7.19,31.17,23.98,100.83,14.02,76.83,22.28,1
1/30/2012,0.42,2.08,11.56,35.82,24.26,100.82,17.08,65.8,21.27,1
1/31/2012,0.6,2.09,12.05,35.92,23.87,100.95,16.54,62.96,20.81,1
2/1/2012,0.04,1.95,11.92,36.2,24.28,100.95,21.43,59.39,20.21,1
2/2/2012,0.08,1.1,10.61,35.72,25.11,100.97,17.41,61.03,20.61,1
2/3/2012,0.13,1.33,11.59,36.18,24.59,101,17.86,59.82,20.44,1
2/4/2012,0.08,1.48,10.05,34.7,24.65,100.98,19.17,61.98,20.31,1
2/5/2012,0,1.3,12.38,35.94,23.56,100.95,19.66,60,20.1,0
2/6/2012,0,1.73,13,36.85,23.85,100.83,20.57,59.65,20.49,0
2/7/2012,0,1.64,12.93,37.4,24.47,100.76,19.97,60.58,21.04,0
2/8/2012,0.01,2.68,11.19,36.17,24.98,100.84,17.58,63.25,21.37,1
2/9/2012,0.09,1.62,13.01,36.9,23.89,100.91,19.65,57.4,19.62,1
2/10/2012,0.02,1.53,13.25,37.1,23.85,100.93,21.14,54.35,18.82,1
2/11/2012,0.06,1.18,13.2,37.23,24.03,100.91,21.08,48.77,17.4,1
2/12/2012,0.02,1.19,13.59,37.33,23.74,100.93,22.33,46.57,16.4,1
2/13/2012,0.29,1.08,13.14,37.07,23.93,100.94,20.97,50.13,17.47,1
2/14/2012,0,1.55,14.03,37.5,23.47,100.86,18.92,52.59,17.94,0
2/15/2012,0.04,1.82,13.09,37.79,24.7,100.65,17.63,55.74,19.99,1
2/16/2012,3.26,1.63,8.95,35.02,26.07,100.68,15.92,64.34,22.02,1
2/17/2012,9.02,1.74,3.2,28.23,25.03,100.8,11.35,83.27,23.34,1
2/18/2012,2.89,3.23,9.3,32.82,23.52,100.9,20.19,71.38,20.69,1
2/19/2012,0,2.75,13.39,34.42,21.03,100.87,21.69,58.94,17.14,0
2/20/2012,0,2.12,14.91,36.1,21.19,100.72,23.65,54.57,17.65,0
2/21/2012,0.01,1.25,13.2,36.47,23.27,100.57,21.05,59.8,20.41,1
2/22/2012,13.06,2,6.84,32.34,25.5,100.6,15.45,77.82,23.75,1
2/23/2012,0,2.51,14.13,37.3,23.17,100.54,18.47,65.32,21.43,0
2/24/2012,0,2,13.58,37.98,24.4,100.5,23.76,61.48,21.23,0
2/25/2012,0,2.24,13.39,37.83,24.44,100.45,20.45,60.9,21.56,0
2/26/2012,0.03,2.47,9.97,35.55,25.58,100.53,15.43,64.71,22.22,1
2/27/2012,0,3.01,12.07,36.97,24.9,100.61,18.38,60.9,20.89,0
2/28/2012,0,2.53,13.62,37.64,24.02,100.56,18.99,57.71,19.99,0
2/29/2012,0.71,2.06,12.82,36.72,23.9,100.63,19,59.47,20.56,1
3/1/2012,2.56,1.92,11.26,36.62,25.36,100.62,22.4,61.2,21.42,1
3/2/2012,0,1.76,9.84,35.69,25.85,100.57,19.55,60.87,21.37,0
3/3/2012,0,2.81,11.21,36.6,25.39,100.59,21.63,58.06,20.24,0
3/4/2012,0,2.78,13.76,38.08,24.32,100.65,20.49,57.53,19.56,0
3/5/2012,0,2.81,13.78,37.92,24.14,100.51,23.23,56.7,20.32,0
3/6/2012,0,2.73,9.28,35.39,26.11,100.52,22.06,57.35,20.74,0
3/7/2012,0.86,2.66,10.87,36.98,26.11,100.42,21.76,58.59,21.21,1
3/8/2012,0.31,2.64,9.71,35.67,25.96,100.45,19.37,56.66,20.66,1
3/9/2012,0.18,2.49,12.64,38.63,25.99,100.46,19.51,51.75,19.98,1
3/10/2012,6.9,2.36,10.55,36.37,25.82,100.58,17.29,62.66,21.92,1
3/11/2012,2.54,2.05,12.94,38.01,25.07,100.71,21.67,59.67,20.79,1
3/12/2012,0.12,1.49,12.21,37.91,25.7,100.9,21.2,53.92,20.42,1
3/13/2012,4.51,1.61,11.22,37.54,26.32,100.94,22.7,55.14,20.61,1
3/14/2012,1.36,1.81,12.3,37.8,25.5,100.86,19.73,62.34,21.94,1
3/15/2012,1.53,1.92,9.63,35.4,25.77,100.92,17.79,65.68,22.52,1
3/16/2012,1.15,2,10.46,36.52,26.06,100.8,20.99,61.41,21.92,1
3/17/2012,0.04,2.47,10.18,36.45,26.27,100.77,20.5,60.06,21.32,1
3/18/2012,0.15,2.18,13.64,38.25,24.61,100.84,21.9,53.16,19.31,1
3/19/2012,2.43,2.84,9.13,35.23,26.1,100.89,19.65,62.54,21.43,1
3/20/2012,0.09,1.88,12.09,37.28,25.19,100.83,18.05,61.32,21.52,1
3/21/2012,2.63,1.66,12.12,37.72,25.6,100.71,20.85,58.28,21.28,1
3/22/2012,0.4,2.38,11.56,37.53,25.97,100.78,20.74,58.62,21.47,1
3/23/2012,0.23,2.5,10.78,37.91,27.13,100.88,20.16,53.93,20.3,1
3/24/2012,3.65,2.19,7.77,31.14,23.37,101.01,10.96,72.6,21.55,1
3/25/2012,0.17,1.9,11.58,35.17,23.59,100.98,17.2,62.78,20.54,1
3/26/2012,0.08,1.45,10.57,36.52,25.95,100.91,21.61,57.11,20.85,1
3/27/2012,0.22,1.4,11.27,37.54,26.27,100.97,19.75,55.16,20.52,1
3/28/2012,0,2.27,12.4,38.69,26.29,100.98,22.86,45.97,17.87,0
3/29/2012,0,1.74,11.87,38.07,26.2,100.87,22.54,53.4,20.12,0
3/30/2012,0.02,1.41,11.65,37.77,26.12,100.72,21.08,53.51,20.41,1
3/31/2012,2.72,2.65,10.16,36.56,26.4,100.84,16.17,54.09,19.97,1
4/1/2012,3.27,4.53,12.7,36.91,24.21,100.91,19.51,55.86,19.14,1
4/2/2012,1.65,3.68,9.14,33.51,24.37,100.98,14.87,68.68,21.23,1
4/3/2012,0.35,2.54,4.86,30.32,25.46,101.11,20.02,78.13,23.3,1
4/4/2012,0.71,2.58,11.47,36.48,25.01,101.1,20.92,63.9,21.43,1
4/5/2012,4.28,0.96,13.15,37.36,24.21,100.96,23,62.24,21.55,1
4/6/2012,0.14,2.27,10.84,36.59,25.75,100.91,21.29,62.2,22.18,1
4/7/2012,0.37,2.42,11.82,37.74,25.92,100.88,20.65,56.97,20.71,1
4/8/2012,0.98,1.2,8.4,34.71,26.31,100.89,24.06,60.99,21.53,1
4/9/2012,0.39,1.53,6.59,33.06,26.47,100.92,20.4,65.12,21.59,1
4/10/2012,3.07,2.08,10.49,35.6,25.11,100.92,22.35,63.85,21.74,1
4/11/2012,1.04,2.06,9.3,34.29,24.99,100.81,20.31,67.04,22.38,1
4/12/2012,0.47,2.26,8.77,34.32,25.55,100.7,19.16,63.96,21.58,1
4/13/2012,0.54,2.42,8.99,33.73,24.74,100.78,20.97,68.24,22.05,1
4/14/2012,0.59,2.05,11.18,36.6,25.42,100.77,19.87,61.8,21.8,1
4/15/2012,0.18,2.03,10.31,36.63,26.32,100.71,22.03,59.38,21.73,1
4/16/2012,0.88,1.66,10.51,37.01,26.5,100.59,21.77,59.84,22.16,1
4/17/2012,0,2.07,9.46,36.74,27.28,100.51,21.15,58.7,22.02,0
4/18/2012,0.02,2.37,10.2,37.22,27.02,100.51,21.87,58.72,22.1,1
4/19/2012,0,2.08,13.73,40.21,26.48,100.54,22.62,53.89,21.28,0
4/20/2012,0.27,2.52,11.7,39.24,27.54,100.62,23.63,54.61,21.78,1
4/21/2012,9.86,2.64,8.39,35.65,27.26,100.62,22.98,64.5,22.95,1
4/22/2012,0.02,2.75,13.44,38.99,25.55,100.54,20.82,60.54,21.77,1
4/23/2012,0.06,2.78,12.14,38.99,26.85,100.58,20.21,55.73,21.15,1
4/24/2012,1.35,2.78,8.44,34.91,26.47,100.62,22.18,63.34,22.63,1
4/25/2012,8.05,2.85,8.38,34.8,26.42,100.65,23.16,72.5,23.88,1
4/26/2012,5.47,2.56,9.44,34.93,25.49,100.64,22.24,75.27,24.29,1
4/27/2012,9.05,2.6,7.3,33.47,26.17,100.68,17.39,79.52,24.56,1
4/28/2012,3.02,2.59,8.08,33.76,25.68,100.68,14.59,74.06,23.5,1
4/29/2012,5.44,2.41,6.81,31.82,25.01,100.65,19.02,79.23,23.96,1
4/30/2012,3.72,1.74,5.82,31.52,25.7,100.59,14.97,80,23.99,1
5/1/2012,15.43,1.48,7.56,32.98,25.42,100.61,22.21,78.23,24.49,1
5/2/2012,0.12,2.11,7.08,33.58,26.5,100.62,23.43,75.58,24.17,1
5/3/2012,0.59,3.09,10.84,36.3,25.46,100.47,22.72,69.9,23.32,1
5/4/2012,0.07,2.51,11.04,36.35,25.31,100.43,23.21,69.11,23.1,1
5/5/2012,2.32,2.6,6.5,32.47,25.97,100.56,20.93,74.87,23.67,1
5/6/2012,23.81,2.19,5.85,31.02,25.17,100.65,21.57,84.82,24.56,1
5/7/2012,1.05,2.95,8.08,33.18,25.1,100.61,17.65,76.47,23.43,1
5/8/2012,19.42,2.14,6.76,31.43,24.67,100.7,18.1,80.43,23.53,1
5/9/2012,38.22,1.81,7.36,31.31,23.95,100.81,20.72,83.23,24.04,1
5/10/2012,0.04,1.32,8.39,32.96,24.57,100.76,23.22,77.16,23.88,1
5/11/2012,0.88,2.01,8.02,33.46,25.44,100.56,22.5,78.22,24.48,1
5/12/2012,5.18,2.46,6.62,31.98,25.36,100.48,21.25,83.87,25.09,1
5/13/2012,2.5,1.94,5.48,30.51,25.03,100.47,19.14,85.35,24.59,1
5/14/2012,6.09,1.99,6.39,31.06,24.67,100.52,15.17,86.4,24.73,1
5/15/2012,7.19,2.54,5.8,30.8,25,100.54,9.63,86.7,24.84,1
5/16/2012,28,2.37,8.1,32.23,24.13,100.39,17.49,84.68,24.66,1
5/17/2012,5.02,2.92,6.31,30.73,24.42,100.43,16.19,86.73,24.67,1
5/18/2012,7.23,2.65,6.72,31.14,24.42,100.58,22.57,85.77,24.81,1
5/19/2012,0.25,2.65,6.85,32.03,25.18,100.69,20.98,84.95,25.21,1
5/20/2012,0.36,2.09,8.42,33,24.58,100.57,23.37,81.74,24.8,1
5/21/2012,0.21,2.74,8.01,33.3,25.29,100.52,23.27,80.81,24.79,1
5/22/2012,0.48,2.32,6.69,31.61,24.92,100.56,22.62,84.74,24.99,1
5/23/2012,1.89,2.76,5.99,31.23,25.24,100.54,19.97,85.09,24.84,1
5/24/2012,6.95,2.65,3.87,29.28,25.41,100.45,19.42,91.07,25.34,1
5/25/2012,3.42,2.68,3.58,28.75,25.17,100.49,14.48,91.54,25.08,1
5/26/2012,3.16,2.16,4.56,29.29,24.73,100.54,16.54,89.98,24.95,1
5/27/2012,2.95,2.54,5.06,30.29,25.23,100.61,14.96,86.97,24.69,1
5/28/2012,2.69,3.42,5.12,30.21,25.09,100.62,13.27,87.15,24.79,1
5/29/2012,2.83,2.28,6.49,30.99,24.5,100.66,21.15,84.96,24.61,1
5/30/2012,0.26,2.23,6.7,31.78,25.08,100.57,21.19,82.09,24.53,1
5/31/2012,3.25,1.82,6.96,31.58,24.62,100.51,21.19,83.14,24.64,1
6/1/2012,8.44,1.59,4.88,30.18,25.3,100.45,17.56,89.05,25.35,1
6/2/2012,4.78,1.83,6.21,31.17,24.96,100.43,16.35,86.26,25.15,1
6/3/2012,1.48,2.16,6.16,30.92,24.76,100.38,19.9,85.99,24.94,1
6/4/2012,4.12,2.75,4.59,29.56,24.97,100.43,19.8,87.99,24.69,1
6/5/2012,0.91,2.75,6.93,31.57,24.64,100.31,15.18,83.97,24.7,1
6/6/2012,1.65,3.21,6.94,32.18,25.24,100.13,11.49,85.23,25,1
6/7/2012,0.63,3.5,5.6,30.7,25.1,100.18,15.55,86.04,24.85,1
6/8/2012,1.46,3.78,5.92,31.03,25.11,100.46,15.91,84.92,24.69,1
6/9/2012,2.7,3.18,5.93,31.29,25.36,100.67,17.13,84.82,24.73,1
6/10/2012,1.01,3.21,7.34,32.28,24.94,100.68,21.51,81.31,24.18,1
6/11/2012,1.66,3.23,6.91,31.63,24.72,100.64,19.04,82.54,24.05,1
6/12/2012,3.4,2.73,6.67,31.27,24.6,100.66,19.21,82.96,24.32,1
6/13/2012,0.01,2.11,7.51,31.97,24.46,100.72,22.24,79.14,23.6,1
6/14/2012,0.15,2.83,9.65,32.86,23.21,100.59,21.34,80.98,24.21,1
6/15/2012,0.1,2.78,5.04,29.89,24.85,100.47,18.31,84.47,24.25,1
6/16/2012,0.48,3.3,6.04,30.84,24.8,100.39,16.35,83.74,24.23,1
6/17/2012,1.23,2.7,5.48,30.47,24.99,100.59,10.39,81.99,23.63,1
6/18/2012,0.63,3.91,6.65,31.41,24.76,100.68,12.96,80.09,23.54,1
6/19/2012,0.01,3.14,6.72,31.15,24.43,100.65,19.76,78.53,23.04,1
6/20/2012,0.04,3.07,9.27,33.71,24.44,100.59,22.01,75.72,23.18,1
6/21/2012,0.16,2.5,9.18,33.61,24.43,100.71,18.37,76.65,23.45,1
6/22/2012,2.92,2.02,8.23,32.55,24.32,100.76,19.01,78.72,23.69,1
6/23/2012,0.33,2.42,8.71,33.1,24.39,100.62,17.34,78.74,23.77,1
6/24/2012,0.96,2.74,8.43,32.61,24.18,100.68,22.41,79.82,23.78,1
6/25/2012,0.01,2.48,7.9,32.19,24.29,100.74,21.53,78.91,23.65,1
6/26/2012,0.17,2.34,8.65,32.28,23.63,100.71,20.97,79.76,23.71,1
6/27/2012,1.87,2.46,8.51,32.98,24.47,100.7,18.25,76.65,23.09,1
6/28/2012,5.07,2.98,8.94,32.95,24.01,100.6,17.74,79.07,23.44,1
6/29/2012,1.39,2.66,7.87,32.1,24.23,100.47,18.15,79.76,23.5,1
6/30/2012,5.42,3.1,5.09,29.81,24.72,100.47,14.8,85.82,23.95,1
7/1/2012,10.15,2.65,7.16,31.06,23.9,100.53,17.14,82.77,23.61,1
7/2/2012,2.87,2.41,8.02,32.36,24.34,100.49,17.33,80.7,23.79,1
7/3/2012,14.69,1.96,7.07,31.62,24.55,100.3,15.33,84.21,24.39,1
7/4/2012,20.97,2.79,5.91,30.16,24.25,100.25,18.82,86.5,24.44,1
7/5/2012,2.61,3.31,5.66,30.42,24.76,100.38,21.6,87.2,24.48,1
7/6/2012,0.67,2.45,4.69,29.48,24.79,100.46,15.22,88.44,24.6,1
7/7/2012,0.82,2.57,6.48,30.64,24.16,100.45,16.16,86.22,24.43,1
7/8/2012,3.17,2.73,7.16,31.17,24.01,100.46,18.62,85.15,24.31,1
7/9/2012,6.03,1.93,8.68,32.78,24.1,100.59,22.68,79,23.57,1
7/10/2012,48.88,1.76,6.65,30.95,24.3,100.62,20.76,86.1,24.7,1
7/11/2012,8.45,2.13,5.73,30.15,24.42,100.58,17.96,87.48,24.73,1
7/12/2012,5.28,2.65,4.55,29.37,24.82,100.63,12.79,89.52,24.69,1
7/13/2012,1.4,3.12,5.95,30.29,24.34,100.66,17.16,86.81,24.33,1
7/14/2012,0.21,2.3,8.1,31.57,23.47,100.67,21.67,83.38,24.1,1
7/15/2012,0.73,2.09,6.57,31.05,24.48,100.72,24,84.84,24.49,1
7/16/2012,1.43,1.84,8.07,32.41,24.34,100.71,25.07,82.11,24.55,1
7/17/2012,13.17,1.98,7.36,31.65,24.29,100.65,18.62,84.9,24.86,1
7/18/2012,20.36,2.24,4.4,29.23,24.83,100.62,15.31,88.97,24.78,1
7/19/2012,1.42,2.46,6.16,30.17,24.01,100.7,18.12,85.26,23.99,1
7/20/2012,2.68,2.56,7.25,30.98,23.73,100.72,19.92,85.25,24.22,1
7/21/2012,13.43,2.67,6.33,30.36,24.03,100.76,20.36,85.98,24.13,1
7/22/2012,0.08,2.77,7.57,31.68,24.11,100.54,20.66,86.25,24.65,1
7/23/2012,0.05,3.44,7.07,31.29,24.22,100.39,23.21,84.65,24.24,1
7/24/2012,0.95,3.73,5.34,29.66,24.32,100.48,19.32,86.67,24.09,1
7/25/2012,1.19,3.1,6.6,30.1,23.5,100.73,17.45,84.9,23.52,1
7/26/2012,0.39,2.98,7.55,31.47,23.92,100.7,20.84,83.49,24.06,1
7/27/2012,0.35,2.27,7.85,31.41,23.56,100.68,20.89,84.25,23.97,1
7/28/2012,2.91,2.75,6.03,30.15,24.12,100.69,18.75,85.33,23.8,1
7/29/2012,3.15,2.92,5.84,29.37,23.53,100.8,15.31,84.29,22.97,1
7/30/2012,2.05,3.04,7.82,31.49,23.67,100.69,15.94,80.19,23.12,1
7/31/2012,1.17,3.4,8.01,31.18,23.17,100.63,15.66,81.14,22.98,1
8/1/2012,1.48,3.53,6.93,30.75,23.82,100.62,14.42,80.6,23.08,1
8/2/2012,5.14,2.9,3.91,27.09,23.18,100.69,12.48,86.55,22.47,1
8/3/2012,2.18,3.4,6.45,28.76,22.31,100.68,14.17,85.04,22.41,1
8/4/2012,0.32,2.86,10.49,32.82,22.33,100.59,21.54,79.36,23.13,1
8/5/2012,0,3.08,9.87,33.26,23.39,100.62,21.88,79.49,23.55,0
8/6/2012,0.12,3.5,8.48,32.68,24.2,100.66,22.72,79.32,23.7,1
8/7/2012,0.11,3.66,9.35,33.16,23.81,100.71,22.44,78.58,23.6,1
8/8/2012,1.34,3.16,8.91,32.61,23.7,100.59,20.4,80.53,23.84,1
8/9/2012,1.82,3,6.98,30.95,23.97,100.56,16.39,82.83,23.84,1
8/10/2012,0.14,2.96,8.75,32.76,24.01,100.73,21.85,77.99,23.44,1
8/11/2012,0.24,2.84,11.16,34.34,23.18,100.83,22.18,75.64,23.18,1
8/12/2012,0.23,2.97,9.13,33.22,24.09,100.72,21.75,78.08,23.77,1
8/13/2012,0.05,3.12,7.78,32.14,24.36,100.59,21.65,79.27,23.69,1
8/14/2012,0.03,3.26,8.6,32.97,24.37,100.59,20.37,78.48,23.52,1
8/15/2012,0.09,2.77,9.42,33.51,24.09,100.55,20.75,77.14,23.58,1
8/16/2012,1.17,2.72,7.67,32.43,24.76,100.48,17.78,79.78,23.7,1
8/17/2012,3.64,2.33,6.14,30.39,24.25,100.47,14.9,84.26,23.91,1
8/18/2012,2.48,2.9,7.39,31.07,23.68,100.63,15.83,81.7,23.47,1
8/19/2012,2.87,2.35,8.07,32.16,24.09,100.72,20.32,81.91,24.2,1
8/20/2012,0.05,1.69,7.77,32.66,24.89,100.65,20.5,77.09,23.46,1
8/21/2012,0.59,2.01,8.94,33.32,24.38,100.61,18.87,76.85,23.67,1
8/22/2012,2.68,1.87,7.16,32.25,25.09,100.57,19.74,79.74,23.89,1
8/23/2012,0.35,2.6,8.2,32.39,24.19,100.59,18.46,79.04,23.34,1
8/24/2012,1.82,2.45,8.1,32.34,24.24,100.61,14.95,81.53,23.99,1
8/25/2012,6.14,2.39,5.74,30.16,24.42,100.74,14.96,85.83,24.27,1
8/26/2012,3.64,3.02,7.76,31.84,24.08,100.68,16.76,83.44,24.14,1
8/27/2012,4.02,3.13,5.92,30.48,24.56,100.57,19.53,84.57,24.09,1
8/28/2012,14,3.06,6.26,30.87,24.61,100.69,15.34,85.6,24.42,1
8/29/2012,0.76,2.58,8.06,31.71,23.65,100.85,18.01,82.46,23.91,1
8/30/2012,0.11,2.37,8.99,32.92,23.93,100.82,20.34,77.56,23.5,1
8/31/2012,2.12,2.86,5.95,30.74,24.79,100.74,17.26,82.1,23.83,1
9/1/2012,5.49,2.31,5.53,29.42,23.89,100.67,19.31,86.44,23.75,1
9/2/2012,3.59,2.82,5.36,29.5,24.14,100.6,12.58,88.43,24.11,1
9/3/2012,0.88,2.52,8.98,32.47,23.49,100.58,16.55,79.35,23.28,1
9/4/2012,2.58,2.7,6.99,31.15,24.16,100.63,18.52,82.65,23.88,1
9/5/2012,5.81,2.76,4.82,29.1,24.28,100.48,20.02,88.77,24.24,1
9/6/2012,6.97,3.76,8.2,32.2,24,100.63,15.01,83.29,23.9,1
9/7/2012,1.88,3.08,6.2,30.67,24.47,100.87,14.71,84.77,24.03,1
9/8/2012,0.75,1.81,9.19,32.86,23.67,100.88,22.2,79.87,23.91,1
9/9/2012,4.34,1.59,7.86,32.06,24.2,100.8,20.63,78.79,23.43,1
9/10/2012,7.36,1.36,4.09,28.96,24.87,100.79,17.84,86.25,23.96,1
9/11/2012,2.02,2.09,7.75,31.41,23.66,100.78,15.08,82.17,23.43,1
9/12/2012,1.38,2.67,6.76,30.53,23.77,100.78,16.06,83.15,23.41,1
9/13/2012,4.92,2.24,4.53,28.16,23.63,100.77,16.42,89.82,23.76,1
9/14/2012,11.45,2.51,5.86,29.2,23.34,100.61,19.19,88.68,23.82,1
9/15/2012,14.51,2.18,3.93,27.52,23.59,100.64,13.98,89.79,23.35,1
9/16/2012,21.04,2.3,5.81,28.99,23.18,100.78,12.58,88.83,23.62,1
9/17/2012,3.43,2,6.45,29.58,23.13,100.85,17.45,87.85,23.95,1
9/18/2012,0.88,1.92,7.96,31,23.04,100.71,16.47,85.78,23.85,1
9/19/2012,0.56,2.55,6.3,30.56,24.26,100.68,17.16,85.69,24.36,1
9/20/2012,4.96,2.98,6.97,31.27,24.3,100.73,14.54,86.05,24.43,1
9/21/2012,7.99,2.95,3.98,28.77,24.79,100.68,19.22,90.91,24.74,1
9/22/2012,0.09,2.38,6.8,30.67,23.87,100.67,16.72,86.79,24.4,1
9/23/2012,0.87,2.14,6.04,30.3,24.26,100.58,14.72,88.1,24.69,1
9/24/2012,3.86,2.6,5.95,30.26,24.31,100.45,16.3,87.91,24.69,1
9/25/2012,8.42,2.19,5,29.63,24.63,100.54,14.68,89.18,24.55,1
9/26/2012,6.6,1.15,8.12,31.88,23.76,100.69,19.92,82.23,23.7,1
9/27/2012,74.35,1.85,4.7,29.07,24.37,100.7,17.78,89.09,24.36,1
9/28/2012,7.34,1.75,4.63,28.36,23.73,100.73,10.65,89.58,23.85,1
9/29/2012,2.49,1.97,5.02,29.29,24.27,100.8,14.94,87.41,23.66,1
9/30/2012,13.1,1.36,2.32,26.39,24.07,100.88,15.01,94.18,24.04,1
10/1/2012,8.71,1.48,5.83,29.04,23.21,100.98,11.29,87.9,23.88,1
10/2/2012,1.4,1.09,5.9,29.46,23.56,100.99,16.45,88.25,23.97,1
10/3/2012,10.51,1.31,6.08,29.99,23.91,100.81,16.66,88.02,24.34,1
10/4/2012,2.2,1.59,7.44,31.35,23.91,100.65,18.96,86.32,24.72,1
10/5/2012,8.28,1.97,3.24,28.07,24.83,100.73,15,92.76,24.93,1
10/6/2012,16.38,1.75,3.46,27.67,24.21,100.82,11.84,91.41,24.11,1
10/7/2012,33.52,2.64,2.72,26.78,24.06,100.67,12.55,93.86,24.1,1
10/8/2012,0.38,2.29,7.21,30.32,23.11,100.72,18.54,88.59,24.32,1
10/9/2012,3.57,0.85,5.19,29.66,24.47,100.8,14.48,86.64,24.24,1
10/10/2012,1.49,1.26,5.87,30.24,24.37,100.87,20.25,82.48,23.66,1
10/11/2012,5.03,1,6.62,30.26,23.64,100.88,22.79,81.21,22.92,1
10/12/2012,2.91,0.65,8.32,31.46,23.14,100.86,18.68,82.01,23.71,1
10/13/2012,11.54,1.1,8.25,31.83,23.58,100.83,15.57,84.14,24.3,1
10/14/2012,7.72,1.81,5.24,29.93,24.69,100.92,17.01,88.1,24.54,1
10/15/2012,0.83,1.42,6.93,30.56,23.63,101.05,16.76,86.96,24.3,1
10/16/2012,0.7,1.07,6.65,31,24.35,101.06,16.75,86.02,24.54,1
10/17/2012,2.34,1.38,4.83,28.96,24.13,100.96,18.46,89.79,24.17,1
10/18/2012,0.19,1,9.98,31.47,21.49,100.99,17.7,78.41,22.56,1
10/19/2012,0.17,1.44,7.64,31.33,23.69,100.98,20.68,81.76,23.58,1
10/20/2012,0.02,1.14,7.95,31.29,23.34,100.98,20.22,82.9,23.87,1
10/21/2012,0.47,1.11,7.8,31.65,23.85,100.94,23.44,81.66,23.96,1
10/22/2012,5.03,1.19,5.73,30.67,24.94,100.91,20.23,84.96,24.27,1
10/23/2012,7.17,1.49,7.1,30.91,23.81,100.8,19.76,84.61,23.97,1
10/24/2012,3.79,1.15,6.12,30.69,24.57,100.74,17.27,86.13,24.31,1
10/25/2012,6.21,1.4,7.55,31.88,24.33,100.69,23.32,81.1,23.97,1
10/26/2012,0.32,1.08,7.66,31.97,24.31,100.64,23.87,78.22,23.37,1
10/27/2012,0,1,9.73,32.77,23.04,100.59,20.21,79.37,23.76,0
10/28/2012,0.33,1.41,6.57,30.91,24.34,100.74,18.85,86.03,24.56,1
10/29/2012,0.58,1.29,6.02,30.58,24.56,100.75,18.35,86.91,24.82,1
10/30/2012,4.23,0.8,4.51,29.48,24.97,100.69,16.65,88.63,24.99,1
10/31/2012,1.23,1,3.37,28.12,24.75,100.82,14.71,91.22,24.58,1
11/1/2012,1.13,0.99,5.37,29.65,24.28,100.88,15.59,88.57,24.32,1
11/2/2012,4.25,1.38,5.57,29.84,24.27,100.85,13.44,87.75,24.36,1
11/3/2012,4.33,0.59,5.7,29.91,24.21,100.84,17.48,86.58,24.1,1
11/4/2012,25.37,0.89,6.22,30.62,24.4,100.84,18.64,83.42,24.37,1
11/5/2012,4.2,0.92,6.21,30.27,24.06,100.84,15.4,85.34,24.41,1
11/6/2012,5.06,1.17,3.43,27.6,24.17,100.93,17.61,92.08,24.35,1
11/7/2012,1.51,0.64,6.45,30.45,24,100.81,18.47,83.87,24.04,1
11/8/2012,16.94,0.9,7.44,31.41,23.97,100.74,20.16,83.73,24.26,1
11/9/2012,0.64,1.04,8.11,31.82,23.71,100.78,19.61,83.78,24.48,1
11/10/2012,3.55,1.12,7.27,31.6,24.33,100.85,18.27,85.25,24.81,1
11/11/2012,4.82,1.1,6.46,30.9,24.44,100.82,18.99,86.13,25.06,1
11/12/2012,0.22,1.05,5.52,30.64,25.12,100.84,17.66,87.11,25.05,1
11/13/2012,0.04,1.63,6.46,31.21,24.75,100.88,16.29,84.46,24.48,1
11/14/2012,0.05,1.83,7.76,31.4,23.64,100.78,18.55,82.93,23.84,1
11/15/2012,4.65,2.4,3.64,27.39,23.75,100.79,13.93,89.06,23.28,1
11/16/2012,17.97,2.29,6.06,30.19,24.13,100.78,12.48,89.6,24.69,1
11/17/2012,39.45,2.28,5.89,30.46,24.57,100.87,15.97,89.52,25.06,1
11/18/2012,4.71,1.02,5.55,29.62,24.07,100.9,15.85,85.43,24.01,1
11/19/2012,3.37,1,6.36,30.64,24.28,100.9,16.02,86.41,24.39,1
11/20/2012,4.26,0.91,5.75,30.23,24.48,100.95,18.22,87.58,24.53,1
11/21/2012,0.09,1.33,6.06,29.59,23.53,100.94,18.76,89.06,24.46,1
11/22/2012,2.9,0.86,6.32,30.18,23.86,100.85,19.21,87.84,24.59,1
11/23/2012,23.58,1.67,6.99,30.66,23.67,100.85,16.05,88.11,24.42,1
11/24/2012,5.78,1.7,5.48,29.5,24.02,100.93,17.5,90.05,24.44,1
11/25/2012,13.23,1.67,6.7,30.31,23.61,100.98,16.37,88.46,24.24,1
11/26/2012,16.99,1.44,7.96,31.12,23.16,100.95,19.44,86.25,24.12,1
11/27/2012,2.39,1.28,6.44,30.14,23.7,100.88,16.05,88.63,24.55,1
11/28/2012,0,1.39,5.32,29.46,24.14,100.91,15.5,87.02,24.13,0
11/29/2012,0.08,0.96,6.59,30.04,23.45,100.9,19.05,85.36,23.93,1
11/30/2012,0.9,1.76,7.43,30.57,23.14,100.85,17.18,86.92,24.14,1
12/1/2012,0.01,1.24,9.19,31.16,21.97,100.9,19.76,83.15,23.43,1
12/2/2012,0,1.07,8.98,31.15,22.17,100.93,19.65,84,23.67,0
12/3/2012,0,1.33,7.56,30.72,23.16,100.93,19.44,85.17,23.84,0
12/4/2012,0,0.97,8.32,30.6,22.28,100.92,17.26,80.74,22.56,0
12/5/2012,0,0.66,8.71,31.12,22.41,100.96,20.23,79.49,22.92,0
12/6/2012,0,0.9,4.73,27.99,23.26,100.97,19.7,86.91,23.24,0
12/7/2012,0.91,1.18,7.13,30.78,23.65,100.98,16.7,80.48,23.17,1
12/8/2012,7.62,0.78,7.44,30.72,23.28,100.94,19.05,79.37,22.85,1
12/9/2012,0,0.86,7.7,30.56,22.86,100.88,17.07,79.26,22.62,0
12/10/2012,0,0.83,8.08,30.81,22.73,100.86,19.06,77.72,22.36,0
12/11/2012,0,0.94,7.16,30.66,23.5,100.89,18.73,78.33,22.55,0
12/12/2012,0,1.03,8.33,30.58,22.25,100.93,21.07,79.24,22.25,0
12/13/2012,0.25,1.44,9.26,30.47,21.21,101.02,20.55,81.86,22.17,1
12/14/2012,0.99,1.53,7.73,30.63,22.9,101.1,17.37,86.52,23.89,1
12/15/2012,0,1.33,7.06,31.24,24.18,100.98,19.18,85.31,24.37,0
12/16/2012,0,1.01,7.6,31.9,24.3,100.95,18.95,81.56,24.25,0
12/17/2012,0,1,8.76,32.42,23.66,100.9,21.02,81.12,23.8,0
12/18/2012,0,1.18,9.42,32.25,22.83,100.94,19.96,80.04,23.59,0
12/19/2012,0,1.67,8.31,31.89,23.58,100.86,19.8,77.83,22.69,0
12/20/2012,0,0.84,9.31,31.88,22.57,100.85,16.58,78.97,22.73,0
12/21/2012,0,0.98,8.49,32.29,23.8,100.81,18.84,77.79,23.33,0
12/22/2012,0,1.6,8.41,32.69,24.28,100.79,17.98,77.89,23.39,0
12/23/2012,0,2.31,8.47,32.03,23.56,100.97,20.05,75.73,22.16,0
12/24/2012,0,3,8.87,31.01,22.14,101.01,17.01,68.28,19.11,0
12/25/2012,0,1.96,11.41,31.02,19.61,100.9,18.78,71.44,19.45,0
12/26/2012,0.55,1.61,9.87,32.24,22.37,100.82,18.63,73.29,21.42,1
12/27/2012,0.59,1.33,9.73,32.62,22.89,100.75,19.4,74.32,22.02,1
12/28/2012,0,1.6,10.36,32.95,22.59,100.66,20.9,73.16,22.03,0
12/29/2012,0.15,1.96,8.69,33.11,24.42,100.69,14.64,75.74,23.26,1
12/30/2012,0,1.86,9.89,34.28,24.39,100.69,16.69,75.12,23.44,0
12/31/2012,0,2.51,9.77,31.92,22.15,100.88,18.92,63.23,18.81,0
1/1/2013,0,1.7,11.53,32.24,20.71,100.95,19,66.61,19.46,0
1/2/2013,0,1.24,11.72,33.76,22.04,100.97,19.26,67.61,20.4,0
1/3/2013,0,1.92,12.15,33.79,21.64,101.01,18.91,68.38,20.46,0
1/4/2013,0.01,1.76,9.93,33.41,23.48,100.88,18.31,67.88,20.99,1
1/5/2013,0.04,1.58,12.25,32.66,20.41,100.78,17.92,63.29,18.29,1
1/6/2013,0.08,2.15,8.04,30.79,22.75,100.86,12.61,70.93,20.27,1
1/7/2013,0.32,2.3,7,29.66,22.66,100.94,9.78,73.34,20.43,1
1/8/2013,1.09,1.76,9.41,32.24,22.83,100.94,14.31,72.75,21.26,1
1/9/2013,0.86,1.19,9.73,33.38,23.65,100.83,15.2,70.08,21.99,1
1/10/2013,0.19,1.9,8.44,32.1,23.66,100.92,20,68.07,20.41,1
1/11/2013,0.15,2.21,7.2,29.42,22.22,101,18.93,66.1,18.48,1
1/12/2013,0,1.57,13.58,33.63,20.05,101.01,21.06,60.02,17.27,0
1/13/2013,0.17,1.42,12.02,33.03,21.01,100.97,17.54,65.27,18.87,1
1/14/2013,0.05,1.11,11.11,32.8,21.69,101.03,7.17,71.69,20.89,1
1/15/2013,0,1.33,9.6,32.62,23.02,101.12,16.56,68.54,20.28,0
1/16/2013,0,1.87,12.02,33.72,21.7,101.19,20.62,61.94,17.88,0
1/17/2013,0,2.27,14.14,33.84,19.7,101.23,21.53,59.26,16.8,0
1/18/2013,0,3.9,13.22,33.29,20.07,101.31,18.95,51.09,14.33,0
1/19/2013,0,2.3,14.3,32.87,18.57,101.21,21.56,53.16,14.78,0
1/20/2013,0,0.91,14.22,34.54,20.32,101.17,20.92,57.89,17.69,0
1/21/2013,0,1.02,13.61,35.37,21.76,101.16,19.61,64.91,20.44,0
1/22/2013,0.05,1.22,10.36,34.36,24,101.15,16.3,66.97,21.33,1
1/23/2013,0.33,1.23,11.33,34.44,23.11,101.07,15.7,68.22,21.13,1
1/24/2013,0,1.57,11.38,34.41,23.03,101.05,17.64,67.97,20.74,0
1/25/2013,0,1.76,12.41,34.44,22.03,101.04,17.11,65.27,20.15,0
1/26/2013,0.1,1.23,12.31,34.78,22.47,101.07,18.74,64.99,20.26,1
1/27/2013,0.4,1.64,12.6,34.41,21.81,101.15,19.44,62.87,19.41,1
1/28/2013,0.07,1.51,12.16,34.81,22.65,101.15,19.99,62.68,19.45,1
1/29/2013,2.73,1.52,12.29,34.58,22.29,101.16,17.17,60.67,18.57,1
1/30/2013,0,1.19,13,34.79,21.79,101.22,21.35,61.06,18.41,0
1/31/2013,0,1.13,12.79,35.01,22.22,101.24,18.58,63.86,20.2,0
2/1/2013,0,1.44,13.48,36.23,22.75,101.18,20.39,59.35,19.14,0
2/2/2013,0,1.53,13.54,35.61,22.07,101.09,18.69,57.25,17.92,0
2/3/2013,0,1.6,12.19,35.44,23.25,100.98,19.83,60.46,19.58,0
2/4/2013,0,1.69,12.48,37.29,24.81,101.07,21.2,57.03,20.25,0
2/5/2013,0.02,1.33,12.69,37.57,24.88,101.09,19.83,57.01,20.25,1
2/6/2013,0,1.65,12.46,37.07,24.61,101.01,19.16,58.88,20.72,0
2/7/2013,0,1.82,11.65,36.69,25.04,100.81,16.8,62.49,21.68,0
2/8/2013,0,2.26,12.76,37.64,24.88,100.8,14.86,60.78,21.43,0
2/9/2013,0.06,1.92,12.38,37.48,25.1,100.93,17.61,55.94,19.69,1
2/10/2013,0,2.12,12.8,36.84,24.04,100.95,22.89,50.66,17.47,0
2/11/2013,0,1.75,13.3,36.39,23.09,100.94,20.29,50.14,16.21,0
2/12/2013,0,2.12,14.05,38.11,24.06,100.86,23.22,50.27,16.96,0
2/13/2013,0,1.63,15.19,37.84,22.65,100.85,24.08,49.5,17.34,0
2/14/2013,0,2.06,12.9,38.27,25.37,100.78,21.97,50.65,19.22,0
2/15/2013,0,2.53,13.09,39.08,25.99,100.77,19.03,48.5,18.38,0
2/16/2013,0,2.39,12.6,38.18,25.58,100.74,19.54,49.44,18.34,0
2/17/2013,0,2.46,13.47,38.36,24.89,100.75,22.56,50.31,18.03,0
2/18/2013,0,2.08,14.62,38.26,23.64,100.71,20.69,50.19,17.6,0
2/19/2013,0,1.85,13.86,38.04,24.18,100.71,22.18,47.08,16.55,0
2/20/2013,0,1.61,13.13,37.69,24.56,100.79,18.64,49.36,16.88,0
2/21/2013,0.01,2.71,14.26,37.77,23.51,100.82,18.08,42.49,14.71,1
2/22/2013,0.32,3.3,8.5,33.07,24.57,100.96,15.96,53.39,17.53,1
2/23/2013,0,4.13,7.79,33.06,25.27,100.97,18.3,49.47,17.39,0
2/24/2013,0.16,3.36,8.82,35.11,26.29,100.9,12.78,52.6,19.18,1
2/25/2013,0.1,2.53,14.23,39.41,25.18,100.87,22.1,49.78,18.83,1
2/26/2013,0,2.5,13.96,40.28,26.32,100.84,21.66,45.13,17.87,0
2/27/2013,0,2.54,13.95,39.3,25.35,100.78,20.24,49.86,19.09,0
2/28/2013,0,3.27,14.17,39.41,25.24,100.71,21.07,52.9,19.77,0
3/1/2013,0,2.62,13.28,39.24,25.96,100.84,21.71,51.18,19.77,0
3/2/2013,0,2.92,13.65,39.5,25.85,100.96,20.45,51.1,19.85,0
3/3/2013,0.03,2.11,14.09,39.51,25.42,101.07,19.16,46.96,17.91,1
3/4/2013,0.57,2.32,10.86,37.51,26.65,101.1,18.52,44.2,17.93,1
3/5/2013,0.35,3.11,14.05,38.4,24.35,101.15,24.33,42,15.71,1
3/6/2013,0,2.13,12.98,38.11,25.13,101.09,24.43,39.29,14.67,0
3/7/2013,0.06,2.03,13.18,38.24,25.06,101.12,22.03,45.56,17.38,1
3/8/2013,0.06,1.85,12.27,37.69,25.42,101.03,18.66,49.17,18.36,1
3/9/2013,0,2.64,11.67,37.49,25.82,100.98,15.58,51.17,19.16,0
3/10/2013,1.04,2.63,12.08,37.84,25.76,100.91,18.66,53.07,19.96,1
3/11/2013,0,2.65,12.22,38.56,26.34,100.92,19.2,51.74,19.93,0
3/12/2013,0,2.93,11.86,38.41,26.55,100.92,18.58,51.61,20.04,0
3/13/2013,0,2.26,12.43,38.8,26.37,100.96,19.52,50.94,20.04,0
3/14/2013,0.01,2.84,11.18,38.22,27.04,100.99,19.95,50.8,20.26,1
3/15/2013,0.92,2.43,10.16,36.6,26.44,101.1,18.67,54.98,20.76,1
3/16/2013,5.14,1.69,8.93,35.07,26.14,101.15,17.68,61.41,21.28,1
3/17/2013,5.18,2.24,11.04,36.17,25.13,100.95,19.89,62.95,21.71,1
3/18/2013,0,2.44,12.12,37.33,25.21,100.76,19.58,63.34,22.19,0
3/19/2013,0,2.36,13.51,39.39,25.88,100.69,21.97,57.06,21.42,0
3/20/2013,0,2.78,12.42,38.92,26.5,100.78,21.85,54.48,21.2,0
3/21/2013,0,2.5,13.52,40,26.48,100.68,21.49,50.89,20.29,0
3/22/2013,0,2.55,12.82,39.84,27.02,100.68,18.09,48.39,19.53,0
3/23/2013,0.01,1.7,10.65,38.35,27.7,100.7,18.87,50.3,20.42,1
3/24/2013,0.15,1.72,10.54,37.82,27.28,100.67,18.46,53.81,21.37,1
3/25/2013,0,2.3,10.19,37.82,27.63,100.56,20.77,56.45,22.13,0
3/26/2013,0,2.65,9.78,37.97,28.19,100.58,19.32,54.55,21.72,0
3/27/2013,0,1.58,9.11,36.95,27.84,100.64,15.99,54.55,21.5,0
3/28/2013,0,2,11.09,39.26,28.17,100.67,18.62,50.05,20.92,0
3/29/2013,0,2.04,9.56,38.27,28.71,100.64,20.27,51.25,21.5,0
3/30/2013,0.53,2.56,9.84,38.71,28.87,100.6,20.4,50.25,21.25,1
3/31/2013,0.09,1.96,8.87,37.04,28.17,100.71,21.31,51.78,20.97,1
4/1/2013,3.42,2.53,9.42,37.87,28.45,100.79,15.09,54.3,21.78,1
4/2/2013,0.89,1.56,6.88,34.88,28,100.76,17.96,60.85,22.73,1
4/3/2013,0,2.56,5.27,33.1,27.83,100.65,18.01,63.1,22.56,0
4/4/2013,0,3.05,11.7,38.14,26.44,100.48,18.53,60.72,22.57,0
4/5/2013,0.05,3.46,12.87,40.23,27.36,100.41,20.09,56.54,22.15,1
4/6/2013,0,2.47,11.25,38.96,27.71,100.32,22.36,54.7,21.57,0
4/7/2013,0.03,1.73,7.33,34.78,27.45,100.33,20.71,66.05,23.67,1
4/8/2013,0.14,2.83,6.72,34.34,27.62,100.66,8.84,65.75,22.85,1
4/9/2013,0.45,2.23,10.44,36.94,26.5,100.7,18.74,57.98,21.8,1
4/10/2013,3.46,1.93,3.87,30.3,26.43,100.82,14.48,72.02,22.72,1
4/11/2013,0.46,1.18,7.76,33.37,25.61,100.79,18.08,67.64,22.14,1
4/12/2013,2.95,2.48,14.56,39.88,25.32,100.82,21.74,54.54,20.09,1
4/13/2013,4.78,2.82,11.9,38.3,26.4,100.88,20.4,63.63,22.05,1
4/14/2013,3.09,2.23,8.77,34.65,25.88,100.87,24.11,69.49,22.65,1
4/15/2013,12.6,2.46,7.25,32.46,25.21,100.78,19.05,76.27,23.51,1
4/16/2013,0.64,1.71,8.39,33.89,25.5,100.63,18.01,72.82,23.38,1
4/17/2013,4.75,2.81,5.51,30.95,25.44,100.62,9.37,79.85,23.9,1
4/18/2013,0.01,1.16,11.5,35.83,24.33,100.48,20.68,68.81,23.02,1
4/19/2013,0,1.64,9.55,35.37,25.82,100.53,24.4,66.65,22.99,0
4/20/2013,0.03,2.55,11.32,37.22,25.9,100.64,22.02,64.44,22.7,1
4/21/2013,0.18,1.67,9.65,35.78,26.13,100.77,24.01,67.39,23.14,1
4/22/2013,1.96,2.1,12.16,37.84,25.68,100.78,23.16,60.5,22.09,1
4/23/2013,9.89,1.54,6.39,32.7,26.31,100.98,17.55,76.5,23.86,1
4/24/2013,0.03,1.59,13.04,37.33,24.29,100.91,22.75,59.25,20.83,1
4/25/2013,0,1.78,7.78,34.39,26.61,100.86,23.61,66.89,23.31,0
4/26/2013,0,1.18,9.2,35.24,26.04,100.84,22.4,67.38,23.24,0
4/27/2013,0,1.47,7.61,34.01,26.4,100.76,18.95,69.34,23.39,0
4/28/2013,0,2.05,10.55,36.37,25.82,100.69,19.14,63.75,22.45,0
4/29/2013,0.02,2.07,11.91,38.06,26.15,100.7,22.39,59.02,21.88,1
4/30/2013,0.01,2.35,13,39.49,26.49,100.71,25.49,55.41,21.04,1
5/1/2013,0.22,2.01,9.51,36.35,26.84,100.56,20.58,62.7,22.73,1
5/2/2013,0.01,1.72,12.41,38.8,26.39,100.41,24.14,57.33,21.81,1
5/3/2013,0.57,2.01,6.54,34.3,27.76,100.5,20.35,63.51,22.84,1
5/4/2013,11.35,1.5,6.42,33.2,26.78,100.7,19.82,72.8,24.3,1
5/5/2013,0.64,1.5,10.6,36.56,25.96,100.75,19.93,64.13,22.69,1
5/6/2013,1.89,1.14,5.22,31.9,26.68,100.76,21.06,76.46,24.17,1
5/7/2013,0.35,0.72,8.26,34.14,25.88,100.69,18.72,68.02,23.25,1
5/8/2013,0.01,0.87,7.75,34.32,26.57,100.67,20.84,66.76,23.21,1
5/9/2013,0.66,1.43,7.88,34.37,26.49,100.68,20.17,68.57,23.6,1
5/10/2013,5.55,1.74,6.68,33.04,26.36,100.62,21.03,77.43,24.75,1
5/11/2013,2.04,2.64,8.48,33.92,25.44,100.54,22.25,76.03,24.31,1
5/12/2013,0.23,2.61,6.79,33.38,26.59,100.68,14.63,74.14,23.94,1
5/13/2013,0.05,2.26,9.62,35.35,25.73,100.64,21.04,68.57,23.18,1
5/14/2013,0.24,2.22,10.33,36.66,26.33,100.48,24.66,66.27,23.45,1
5/15/2013,2,2.26,8.34,35.28,26.94,100.41,18.99,71.51,24.14,1
5/16/2013,0.84,2.9,8.47,35.22,26.75,100.53,21.74,71.81,24.15,1
5/17/2013,0.65,1.88,9.04,35.68,26.64,100.69,21.81,69.79,23.81,1
5/18/2013,2.29,2.13,8.66,35.43,26.77,100.7,19.25,71.16,23.8,1
5/19/2013,1.17,2.63,7.26,33.17,25.91,100.7,17.9,74.64,23.96,1
5/20/2013,2.33,2.48,7.91,34.14,26.23,100.66,23.99,73.64,23.76,1
5/21/2013,1.3,2.92,9.75,35.3,25.55,100.63,21.35,70.38,23.25,1
5/22/2013,5.64,2.96,8.2,34.28,26.08,100.66,23.1,77.21,24.71,1
5/23/2013,0.38,2.74,7.65,33.92,26.27,100.73,20.35,75.14,24.34,1
5/24/2013,0.41,2.93,7.52,33.53,26.01,100.8,21.37,73.32,23.61,1
5/25/2013,2.19,2.77,9.27,34.95,25.68,100.79,22.7,70.17,22.8,1
5/26/2013,0.2,2.38,9.88,34.68,24.8,100.76,21.15,70.87,23.08,1
5/27/2013,0.08,2.81,12.73,37.8,25.07,100.71,25.2,65.54,22.62,1
5/28/2013,0.06,2.32,9.78,35.78,26,100.69,22.89,66.94,23.2,1
5/29/2013,0.65,1.66,7.22,33.88,26.66,100.71,23.08,70.48,23.63,1
5/30/2013,1.2,1.06,7.12,34.04,26.92,100.72,19.49,67.35,23.03,1
5/31/2013,3.42,1.19,5.52,31.35,25.83,100.71,21.25,77.14,23.66,1
6/1/2013,0.12,1.57,9.44,34.59,25.15,100.56,20.91,67.07,22.29,1
6/2/2013,2.3,2.08,9.43,34.76,25.33,100.47,13.9,70.78,23.11,1
6/3/2013,0.65,2.12,8.43,33.91,25.48,100.5,19.17,72,23.17,1
6/4/2013,3.8,1.75,8.72,33.79,25.07,100.67,14.33,73.65,23.33,1
6/5/2013,1.01,1.58,8.51,34.03,25.52,100.72,18.26,72.56,23.32,1
6/6/2013,3.47,1.51,9.6,34.96,25.36,100.7,22.89,68.06,22.62,1
6/7/2013,52.09,0.85,7.38,32.7,25.32,100.58,24.03,77.54,24.61,1
6/8/2013,0.07,1.87,7.88,34.13,26.25,100.41,23.44,74.84,24.33,1
6/9/2013,0.43,2.46,8.7,35.32,26.62,100.32,21.22,72.95,24.2,1
6/10/2013,0.18,2.58,8.89,35.33,26.44,100.25,23.35,71.72,24.07,1
6/11/2013,0.91,2.39,7.29,33.36,26.07,100.28,20.06,77.87,24.55,1
6/12/2013,11.31,2.4,3.6,29.23,25.63,100.39,13.63,85.98,24.54,1
6/13/2013,34.47,2.95,4.38,29.61,25.23,100.29,15.89,88.01,24.78,1
6/14/2013,10.44,2.61,4.59,29.39,24.8,100.26,16.6,89.16,24.57,1
6/15/2013,31.04,1.89,4.87,29.36,24.49,100.3,15.45,88.62,24.68,1
6/16/2013,22.24,2.16,5.31,29.74,24.43,100.39,8.23,89.15,24.63,1
6/17/2013,10.52,2.28,5.51,29.88,24.37,100.32,11.84,89.23,24.84,1
6/18/2013,3.75,2.76,5.15,30.11,24.96,100.29,16.59,88.45,25.03,1
6/19/2013,0.2,2.75,4.39,29.84,25.45,100.33,17.67,90.06,25.56,1
6/20/2013,2.05,2.63,4.12,29.49,25.37,100.51,13.5,89.09,25.2,1
6/21/2013,1.94,2.6,4.6,29.32,24.72,100.6,16.4,90.1,24.95,1
6/22/2013,1.03,2.97,5.76,30.21,24.45,100.53,11.63,86.48,24.26,1
6/23/2013,1.83,2.8,5.96,29.77,23.81,100.62,9.19,86.49,23.8,1
6/24/2013,2.24,2.42,9.57,32.25,22.68,100.78,16.69,83.61,23.99,1
6/25/2013,0.09,2.07,7.17,31.7,24.53,100.93,21.6,85.54,25.02,1
6/26/2013,0.3,1.63,7.9,32.05,24.15,100.85,22.97,81.45,24.33,1
6/27/2013,0.46,2.04,8.01,32.26,24.25,100.74,23.69,82.24,24.55,1
6/28/2013,1.68,2.35,8.39,32.94,24.55,100.65,23.49,81.8,24.55,1
6/29/2013,0.28,2.13,8.21,32.38,24.17,100.66,20.44,83.54,24.75,1
6/30/2013,0.11,2.22,7.71,32.2,24.49,100.59,24.57,82.35,24.62,1
7/1/2013,0.1,2.08,7.65,31.79,24.14,100.37,22.65,84.02,24.65,1
7/2/2013,0.38,2.12,4.89,29.71,24.82,100.51,20.34,87.77,24.75,1
7/3/2013,0.83,1.61,7.35,31.72,24.37,100.57,18.49,82.74,24.2,1
7/4/2013,0.85,1.97,9.41,33.57,24.16,100.47,16.52,78.86,23.86,1
7/5/2013,0.68,1.58,8.38,32.61,24.23,100.49,21.82,79.06,23.77,1
7/6/2013,2.27,2.14,6.09,30.59,24.5,100.63,21.25,84.87,24.31,1
7/7/2013,4.97,2.45,5.25,29.72,24.47,100.68,18.53,87.4,24.36,1
7/8/2013,9.25,2.46,6.31,30.24,23.93,100.79,19.67,85.28,23.83,1
7/9/2013,1.05,2.01,5.02,29.06,24.04,100.72,15.74,88.23,23.97,1
7/10/2013,0.13,2.16,8.37,31.6,23.23,100.69,17.46,81.59,23.41,1
7/11/2013,0,1.95,10.05,33.37,23.32,100.72,23.67,77.51,23.37,0
7/12/2013,0.02,2.01,8.35,33.03,24.68,100.68,25.15,76.64,23.29,1
7/13/2013,0.45,2.25,7.11,31.99,24.88,100.45,22.72,79.95,24.19,1
7/14/2013,2.6,2.53,5.47,30.59,25.12,100.42,22.04,84.09,24.58,1
7/15/2013,10.52,2.74,7.34,31.63,24.29,100.52,20.62,83.58,24.16,1
7/16/2013,10.54,2.64,5.59,29.75,24.16,100.61,15.66,86.06,23.72,1
7/17/2013,13.41,2.53,5.05,28.98,23.93,100.56,15.2,87.21,23.67,1
7/18/2013,7.11,2.16,6.23,29.97,23.74,100.41,20.15,86.06,23.99,1
7/19/2013,23.97,3.29,4.49,27.85,23.36,100.48,12.21,90.61,23.85,1
7/20/2013,1.19,2.81,5.96,29.17,23.21,100.55,12.03,87.19,23.27,1
7/21/2013,3.17,3.06,6.56,30.02,23.46,100.39,13.84,85.24,23.51,1
7/22/2013,3.18,2.65,4.7,28.7,24,100.39,14.04,89.19,23.99,1
7/23/2013,4.01,3.18,4.1,27.82,23.72,100.5,15.32,91.2,23.95,1
7/24/2013,6.14,3.35,7.08,30.64,23.56,100.69,13.65,85.42,23.8,1
7/25/2013,7.11,2.65,7.44,31.02,23.58,100.65,20.35,85.93,24.27,1
7/26/2013,0.43,2.56,7.04,31.05,24.01,100.62,17.06,86.11,24.6,1
7/27/2013,0.09,2.05,6.54,30.67,24.13,100.69,19.51,86.51,24.56,1
7/28/2013,1.69,2.04,6.42,30.57,24.15,100.66,16.46,86.44,24.52,1
7/29/2013,7.7,2.22,5.53,29.65,24.12,100.72,10.5,85.97,23.82,1
7/30/2013,0.8,2.34,6.76,30.62,23.86,100.56,16.82,84.95,24.15,1
7/31/2013,10,2.71,5.41,29.37,23.96,100.48,17.62,89.63,24.32,1
8/1/2013,8.24,2.5,4.35,28.35,24,100.4,15.09,89.9,24.11,1
8/2/2013,1.11,2.79,4.61,28.52,23.91,100.47,16.2,90.32,24.24,1
8/3/2013,1.61,3,4.85,28.71,23.86,100.68,14.66,89.38,23.99,1
8/4/2013,0.58,1.96,6.61,30.51,23.9,100.84,18.74,84.42,23.93,1
8/5/2013,0.14,1.68,7.31,31.39,24.08,100.76,20.74,81.24,23.78,1
8/6/2013,2.69,2.7,5.01,29.62,24.61,100.59,13.97,86.8,24.06,1
8/7/2013,6.53,2.56,6.78,30.32,23.54,100.59,15.3,87.34,24.21,1
8/8/2013,1.09,2.31,5.82,30.23,24.41,100.65,15.46,87.37,24.51,1
8/9/2013,1.38,2,7.58,31.52,23.94,100.69,20.08,85.4,24.51,1
8/10/2013,2.21,2.02,6.77,30.88,24.11,100.7,17.39,84,23.91,1
8/11/2013,13.24,2.47,5.77,29.94,24.17,100.66,16.39,88.68,24.49,1
8/12/2013,9.03,2.09,5.81,29.28,23.47,100.49,15.49,87.33,23.81,1
8/13/2013,19.65,3,5.55,29.46,23.91,100.46,17.94,88.5,24.07,1
8/14/2013,0.84,2.53,7.13,30.22,23.09,100.64,17.47,86.56,23.62,1
8/15/2013,0.16,2.48,7.69,31.05,23.36,100.76,17.03,85.63,24.24,1
8/16/2013,0.01,2.67,7.64,31.72,24.08,100.66,22.32,84,24.31,1
8/17/2013,0.19,2.84,8.14,32.06,23.92,100.58,21.55,84.4,24.36,1
8/18/2013,1.56,3.13,6.83,31.1,24.27,100.62,19.61,84.45,24.13,1
8/19/2013,0.01,3.19,8.89,32.48,23.59,100.53,24.41,82.21,24.01,1
8/20/2013,0.12,3.52,8.2,31.76,23.56,100.54,24.07,79.42,23.14,1
8/21/2013,1.82,3.14,8.52,31.7,23.18,100.5,19.34,81.81,23.56,1
8/22/2013,1.24,3.47,5.96,30.09,24.13,100.53,15.34,84.41,23.89,1
8/23/2013,6.25,3.21,6.18,30.28,24.1,100.6,14.76,86.18,24.19,1
8/24/2013,2.08,3.14,6.46,30.45,23.99,100.63,13.74,85.98,23.93,1
8/25/2013,6.14,2.76,7.17,30.88,23.71,100.63,16.39,85.44,23.97,1
8/26/2013,0.56,2.07,5.99,30.01,24.02,100.65,17.87,85.73,24.08,1
8/27/2013,1.13,2.66,7.42,31.75,24.33,100.7,12.77,79.81,23.07,1
8/28/2013,4.02,2.06,7.76,31.23,23.47,100.69,17.44,85.06,23.78,1
8/29/2013,1.9,2.51,7.05,30.48,23.43,100.76,17.28,86.74,23.89,1
8/30/2013,0.04,2.38,8.58,32.32,23.74,100.71,17.39,82.16,24.18,1
8/31/2013,0.01,2.15,7.65,31.94,24.29,100.69,19.08,82.41,24.46,1
9/1/2013,0,1.72,8.22,32.6,24.38,100.83,20.99,79.64,24.03,0
9/2/2013,0,1.08,8.45,32.99,24.54,100.9,20.92,78.06,23.85,0
9/3/2013,0,0.77,7.04,32.6,25.56,100.8,20.29,75.94,23.79,0
9/4/2013,0.02,1.06,6.59,31.53,24.94,100.74,19.33,80.26,24,1
9/5/2013,0.73,1.42,8.35,32.98,24.63,100.7,20.65,76.26,23.5,1
9/6/2013,5.84,1.58,7.08,31.23,24.15,100.81,19.63,82.16,23.81,1
9/7/2013,0.16,1.76,4.85,29.18,24.33,100.88,19.27,86.47,23.48,1
9/8/2013,0.26,1.52,6.18,30.27,24.09,100.85,20.14,78.47,22.83,1
9/9/2013,4.65,0.82,7.76,31.69,23.93,100.82,18.74,76.88,23.12,1
9/10/2013,9.41,1.08,5.47,29.94,24.47,100.57,18.3,84.8,24.05,1
9/11/2013,6.79,2.52,7.55,31.43,23.88,100.58,18.83,83.46,23.88,1
9/12/2013,1.96,3.14,6.73,31.01,24.28,100.73,16.38,85.9,24.48,1
9/13/2013,6.48,2.63,7,31.69,24.69,100.8,15.17,84.63,24.54,1
9/14/2013,5.18,2.01,4.49,28.74,24.25,100.75,10.76,90.04,24.49,1
9/15/2013,4.6,2.48,7.95,31.53,23.58,100.67,16.64,83.7,23.88,1
9/16/2013,4.95,2.01,5.59,29.95,24.36,100.68,15.17,86.07,24.02,1
9/17/2013,3.2,2.7,5.93,29.96,24.03,100.59,11.78,84.89,23.74,1
9/18/2013,5.91,2.86,4.07,27.75,23.68,100.51,9.91,89.02,23.59,1
9/19/2013,6.18,3.55,5.7,29.41,23.71,100.33,14.82,87.72,23.76,1
9/20/2013,2.24,4.1,7.71,31.58,23.87,100.42,13.74,83.52,23.68,1
9/21/2013,14.75,3.56,5.1,29.74,24.64,100.56,10.88,87.98,24.44,1
9/22/2013,5.22,3.62,5.18,29.75,24.57,100.48,14.24,87.45,24.24,1
9/23/2013,4.3,3.3,6.22,30.12,23.9,100.48,13.63,85.29,23.82,1
9/24/2013,3.38,2.97,8.27,31.77,23.5,100.56,15.95,85.02,24.39,1
9/25/2013,1.36,2.39,6.49,30.84,24.35,100.78,16.49,85.93,24.41,1
9/26/2013,2.84,2.03,6.38,30.65,24.27,100.84,16.75,84.11,24.11,1
9/27/2013,14.3,2.18,6.55,30.67,24.12,100.76,14.06,86.56,24.3,1
9/28/2013,0.34,1.93,6.48,30.29,23.81,100.71,12.26,86.7,23.95,1
9/29/2013,2.66,2.23,7.23,30.46,23.23,100.44,13.13,86.42,24.07,1
9/30/2013,3.01,2.41,6.35,30.46,24.11,100.43,15.91,85.49,23.84,1
10/1/2013,9.14,2,7.21,30.89,23.68,100.63,15.53,86.59,24.05,1
10/2/2013,5.81,2.03,5.99,29.84,23.85,100.79,13.86,88.34,24.1,1
10/3/2013,7.11,2.15,6.85,29.98,23.13,100.84,14.71,87.36,23.67,1
10/4/2013,5.01,1.87,7.25,30.36,23.11,100.77,15.69,85.8,23.79,1
10/5/2013,10.46,2.09,5.45,29.18,23.73,100.55,13.18,90.29,24.48,1
10/6/2013,38.66,3.68,2.55,26.69,24.14,100.58,9.05,94.31,24.51,1
10/7/2013,3.58,1.8,6.72,30.31,23.59,100.72,12.99,88.26,24.26,1
10/8/2013,4.33,2.03,8.31,31.09,22.78,100.81,18.97,85.93,23.92,1
10/9/2013,1.36,1.55,5.78,29.06,23.28,100.86,18.39,87.76,23.83,1
10/10/2013,1.35,1.67,7.85,31.48,23.63,100.9,17.44,83.22,23.91,1
10/11/2013,0.94,1.9,8.99,32.52,23.53,100.79,21.49,80.14,23.61,1
10/12/2013,2.96,1.86,8.29,32.02,23.73,100.7,17.32,82.28,24.03,1
10/13/2013,1.14,1.04,7.69,31.82,24.13,100.65,15.45,83.84,24.56,1
10/14/2013,0.21,2.19,7.78,32.41,24.63,100.56,18.52,82.72,24.49,1
10/15/2013,1.32,2.34,5.2,29.8,24.6,100.55,13.35,89.52,24.87,1
10/16/2013,2.49,2.61,5.99,30.52,24.53,100.75,14.73,86.17,24.36,1
10/17/2013,0.7,1.32,6.45,30.48,24.03,100.9,18.61,83.14,23.94,1
10/18/2013,6.71,1.14,4.87,29.29,24.42,100.95,15.06,85.6,23.86,1
10/19/2013,1.4,1.27,6.8,30.64,23.84,100.97,18.53,84.61,23.53,1
10/20/2013,1.93,1.83,7.32,31.49,24.17,100.91,20.31,82.03,23.81,1
10/21/2013,0.9,1.23,7.02,31.56,24.54,100.85,19.58,80.94,23.63,1
10/22/2013,4.92,1.47,7.53,31.85,24.32,100.94,20.81,80.73,23.71,1
10/23/2013,7.02,1.62,8.24,31.98,23.74,100.94,20.05,78.24,23.08,1
10/24/2013,1.88,1.06,7.7,31.93,24.23,100.92,21.14,78.06,23.49,1
10/25/2013,0.27,1.22,7.16,31,23.84,100.99,18.12,82.71,23.85,1
10/26/2013,1.63,0.99,6.69,30.65,23.96,101.08,14.01,82.2,23.31,1
10/27/2013,5.11,1.5,8.75,32.25,23.5,101.05,18.37,76.53,22.5,1
10/28/2013,0.91,1.3,9.55,32.64,23.09,101.11,20.1,74.82,21.83,1
10/29/2013,1.17,1.2,11.17,33.4,22.23,101.12,20.22,75.13,22.23,1
10/30/2013,1.04,1.15,9.65,33.25,23.6,101.03,17.09,76.06,23.33,1
10/31/2013,2.87,0.81,8.6,33.1,24.5,100.99,18.36,77.05,23.7,1
11/1/2013,0,1.29,10.78,34.52,23.74,100.89,23.15,71.46,22.55,0
11/2/2013,0.48,2.06,10.62,34.04,23.42,100.87,23.26,74.95,22.67,1
11/3/2013,0,2.22,11.47,34.64,23.17,100.89,21.78,70.55,21.14,0
11/4/2013,0,2.25,12.44,34.61,22.17,100.97,21.37,72.45,21.77,0
11/5/2013,0.09,2.62,11.5,34.84,23.34,100.9,21.25,72.35,22.03,1
11/6/2013,5.62,1.99,9.62,34.3,24.68,100.79,18.85,77.6,23.63,1
11/7/2013,11.85,2.27,4.17,27.97,23.8,100.7,7.07,90.49,23.97,1
11/8/2013,5.28,1.41,9.6,33.23,23.63,100.74,15.47,80.07,23.7,1
11/9/2013,0.65,1.84,8.96,33.4,24.44,100.65,18.07,77.85,23.24,1
11/10/2013,0.39,1.69,9.69,33.71,24.02,100.52,19.95,76.13,23.39,1
11/11/2013,0.04,0.9,6.89,32.07,25.18,100.61,19.19,77.96,24.01,1
11/12/2013,0.47,1.05,8.34,32.56,24.22,100.66,18.69,75.86,23.56,1
11/13/2013,3.39,1.21,7.44,32.34,24.9,100.66,16.88,81.49,23.96,1
11/14/2013,2.97,2.1,11.03,35.34,24.31,100.71,20.55,72.85,22.52,1
11/15/2013,6.03,2.95,6.5,30.67,24.17,100.69,8.7,87.08,23.99,1
11/16/2013,5.48,1.77,8.11,32.06,23.95,100.87,15.16,80.9,23.57,1
11/17/2013,8.57,1.79,7.29,31.85,24.56,100.89,17.46,83.02,24.02,1
11/18/2013,0.01,3.22,10.12,34.17,24.05,100.91,19.49,71.04,22.14,1
11/19/2013,0.1,2.81,10.57,33.45,22.88,100.92,18.21,68.08,20.94,1
11/20/2013,0.91,1.97,9.89,32.96,23.07,100.85,17.8,71.17,21.54,1
11/21/2013,2.54,2.57,8.3,31.99,23.69,100.79,18.95,76.6,21.96,1
11/22/2013,9.7,1.56,8.08,31.38,23.3,100.88,13.55,79.07,22.42,1
11/23/2013,31.19,1.6,7.03,30.62,23.59,100.85,16.04,85.42,23.76,1
11/24/2013,3.2,0.88,6.74,30.29,23.55,100.88,17.01,84.67,23.68,1
11/25/2013,0.15,0.95,8.4,32.09,23.69,100.75,16.32,79.54,23.57,1
11/26/2013,0.64,1.1,8.58,32.57,23.99,100.7,19.49,77.44,23.35,1
11/27/2013,1.32,2.15,7.02,31.51,24.49,100.87,13.93,81.46,23.86,1
11/28/2013,0.77,1.13,6.64,31.24,24.6,101.04,16.94,81.17,23.87,1
11/29/2013,0.17,2.75,8.1,31.86,23.76,101.03,18.85,73.81,22.08,1
11/30/2013,0,3.01,9.99,32.33,22.34,100.98,18.66,71.82,21.25,0
12/1/2013,0,3.49,11.51,32.57,21.06,101.07,21.85,66.6,19.16,0
12/2/2013,0,2.59,8.19,28.91,20.72,101.07,20.84,68.9,18.29,0
12/3/2013,0,2.94,9.02,30.06,21.04,100.99,18.63,71.31,19.16,0
12/4/2013,0,3.03,8.65,30.19,21.54,100.94,19.43,75.17,20.35,0
12/5/2013,0,2.7,9.95,31.8,21.85,100.83,19.47,68.81,19.06,0
12/6/2013,0,2.61,11.73,32.06,20.33,100.79,20.63,67.01,18.55,0
12/7/2013,0,2.29,11.78,32.56,20.78,100.9,20.38,66.73,18.57,0
12/8/2013,0,1.8,12.01,32.36,20.35,100.89,20.6,65.3,18.32,0
12/9/2013,0,1.12,11.33,32.04,20.71,100.85,16.59,70.24,19.51,0
12/10/2013,0,1.67,13.35,34.33,20.98,100.7,18.7,66.73,19.77,0
12/11/2013,0,1.23,10.5,33.57,23.07,100.74,18.73,70.48,21.43,0
12/12/2013,0,1.57,12.76,34.5,21.74,100.72,20.04,61.68,18.81,0
12/13/2013,0.16,0.64,11.86,33.97,22.11,100.81,17.46,68.22,20.69,1
12/14/2013,0.76,1.04,8.69,32.65,23.96,100.82,19,73.55,22.31,1
12/15/2013,2.14,1.7,9.13,32.84,23.71,100.83,12.94,75.46,22.37,1
12/16/2013,4.48,0.99,7.94,31.68,23.74,100.77,13.96,76.88,22.64,1
12/17/2013,5.04,3.9,5.68,24.7,19.02,100.96,7.44,79.56,17.8,1
12/18/2013,0.06,3.6,9,28.27,19.27,101,11.98,71.41,17.46,1
12/19/2013,0,3.42,11.18,31.19,20.01,101.08,20.24,66.31,17.45,0
12/20/2013,0,3.7,11.43,30.91,19.48,101.21,20.31,66.32,17.05,0
12/21/2013,0.05,3.88,10.86,29.61,18.75,101.34,18.22,65.57,16.38,1
12/22/2013,0.01,3.84,11.8,31.08,19.28,101.29,19.61,64.43,16.42,1
12/23/2013,0,3.56,14.15,32.56,18.41,101.25,21.25,65.45,17.05,0
12/24/2013,0,3.4,11.4,31.29,19.89,101.29,19.98,65.49,17.63,0
12/25/2013,0,3.45,10.06,30.41,20.35,101.22,18.63,66.71,17.92,0
12/26/2013,0,3.63,12.92,32.48,19.56,101.16,18.9,64.2,17.27,0
12/27/2013,0,3.88,12.61,31.99,19.38,101.2,20.24,61.75,16.02,0
12/28/2013,0,3.59,12.74,30.53,17.79,101.17,20.38,58.7,14.02,0
12/29/2013,0,3.4,13.38,31.4,18.02,101.18,19.21,60.42,14.33,0
12/30/2013,0,3.26,12.11,30.39,18.28,101.25,17.69,62.87,15.58,0
12/31/2013,0,3.29,11.69,30.22,18.53,101.28,17.55,62.19,15.06,0
1/1/2014,0,2.33,14.63,33.09,18.46,101.12,19.87,62.61,16.47,0
1/2/2014,0,1.54,15.22,34.86,19.64,101.04,19.42,60.78,17.42,0
1/3/2014,0,1.2,13.52,35.15,21.63,101.03,16.94,62.08,18.96,0
1/4/2014,0,1.06,11.05,33.55,22.5,100.99,18.86,63.09,19.54,0
1/5/2014,0.02,1.94,13.24,35.35,22.11,100.9,20.3,58.02,18.12,1
1/6/2014,0,1.11,12.68,35.04,22.36,100.86,19.62,61.87,19.32,0
1/7/2014,0,1.31,13.07,35.67,22.6,100.95,19.78,57.09,17.45,0
1/8/2014,0,0.63,14.25,35.73,21.48,100.96,17.28,54.17,16.8,0
1/9/2014,0,1.24,13.61,35.55,21.94,100.97,18.52,54.68,17.78,0
1/10/2014,0,1.88,12.99,34.69,21.7,101.1,16.38,53.32,17.15,0
1/11/2014,0,1.62,13.78,36.03,22.25,101.15,20.48,48.96,16.58,0
1/12/2014,0,2.47,11.36,35.06,23.7,101.17,19.8,51.05,16.99,0
1/13/2014,0,3.59,12.72,34.85,22.13,101.12,20.07,49.38,16,0
1/14/2014,0,3.53,10.13,32.57,22.44,101.27,19.62,51.84,15.68,0
1/15/2014,0,3.32,12.82,32.39,19.57,101.38,20.54,47.84,12.57,0
1/16/2014,0,2.82,13.97,32.44,18.47,101.41,20.6,48.79,12.78,0
1/17/2014,0,3.28,13.41,32.52,19.11,101.35,20.57,52.3,14.56,0
1/18/2014,0,3.7,10.61,31.37,20.76,101.49,17.55,48.1,13.63,0
1/19/2014,0,3.4,13.14,31.79,18.65,101.51,20.4,46.84,12.16,0
1/20/2014,0,3.43,13.88,33.23,19.35,101.38,20.6,47.54,13.07,0
1/21/2014,0.05,4.06,11.47,32.65,21.18,101.42,19.38,44.04,12.65,1
1/22/2014,0,3.97,10.53,29.97,19.44,101.48,20.14,42.56,10,0
1/23/2014,0,2.31,13.98,30.68,16.7,101.38,20.32,45.84,10.13,0
1/24/2014,0,1.91,15.89,32.2,16.31,101.19,20.41,47.81,10.61,0
1/25/2014,0,0.81,15.78,33.17,17.39,101.06,19.86,49.43,11.92,0
1/26/2014,0,1.08,14.34,32.81,18.47,101.18,17.24,59.09,15.79,0
1/27/2014,0,1.3,15.15,34.81,19.66,101.14,18.56,51.36,14.89,0
1/28/2014,0,1.28,15,35.15,20.15,101.09,20.36,53.52,16.1,0
1/29/2014,0,1.48,13.03,34.65,21.62,101.14,19.49,49.01,15.49,0
1/30/2014,0,1.52,13.68,34.48,20.8,101.19,19.99,48.09,14.27,0
1/31/2014,0,1.08,14.12,33.92,19.8,101.21,20.71,49.42,14.19,0
2/1/2014,0,1.16,13.83,34.31,20.48,101.05,18.68,56.35,16.87,0
2/2/2014,0,1.08,13.85,35.29,21.44,100.83,18.69,54.09,16.95,0
2/3/2014,0,1.27,14.67,36.31,21.64,100.63,20.59,55.99,17.99,0
2/4/2014,0,2.6,13.62,36.41,22.79,100.58,17.58,55.36,18.19,0
2/5/2014,0,2.35,12,34.63,22.63,100.7,18.53,57.58,18.9,0
2/6/2014,0,2.47,12.95,35.99,23.04,100.69,19.84,52.43,17.28,0
2/7/2014,0,2.37,15.3,35.93,20.63,100.7,20.19,55.84,17.19,0
2/8/2014,0,2.27,15.04,36.47,21.43,100.63,21.47,54.36,16.71,0
2/9/2014,0,1.27,16.77,37.99,21.22,100.62,20.7,51.49,16.35,0
2/10/2014,0,2.31,16.02,38.42,22.4,100.62,19.79,52.11,17.62,0
2/11/2014,0,2.35,13.69,37.18,23.49,100.72,15.44,52.26,18.3,0
2/12/2014,0,1.62,11.84,36.26,24.42,100.78,17.95,55.42,19.55,0
2/13/2014,0.01,1.86,6.17,31.04,24.87,101.04,16.4,63.11,19.91,1
2/14/2014,0.04,1.26,12.16,36.43,24.27,101,20.51,49.42,17.53,1
2/15/2014,0.08,1.48,12.2,36.31,24.11,100.97,20.95,49.32,17.37,1
2/16/2014,0.01,2.72,13.01,36.91,23.9,101.08,18.45,48.67,17,1
2/17/2014,0,2.2,13.69,36.88,23.19,101.2,20.97,53.25,17.8,0
2/18/2014,0,1.87,15.65,37.5,21.85,101.1,21.12,49.08,15.99,0
2/19/2014,0.07,1.95,13.21,36.82,23.61,100.98,19.72,54.03,18.94,1
2/20/2014,0.31,2.12,11.52,35.79,24.27,101.15,17.42,55.03,18.77,1
2/21/2014,0.11,2.2,12.98,36.72,23.74,101.25,21.95,46.25,15.71,1
2/22/2014,0,1.34,13.32,37.63,24.31,101.17,20.25,43.13,16,0
2/23/2014,0.11,2.08,10.71,35.53,24.82,101.2,18.87,49.09,17.41,1
2/24/2014,0,1.56,13.53,36.81,23.28,101.19,19.31,46.32,15.83,0
2/25/2014,0,2.05,14.47,37.16,22.69,101.19,22.5,45.78,15.27,0
2/26/2014,0,2.66,14.52,36.98,22.46,101.07,21.29,52.96,17.53,0
2/27/2014,0.06,2.2,14.46,37.42,22.96,101.12,23.28,49.84,16.56,1
2/28/2014,0,2.44,13.98,36.55,22.57,101.09,22.98,49.96,16.66,0
3/1/2014,0,1.91,15.04,37.5,22.46,101.01,23.45,48.72,16.31,0
3/2/2014,0,2.3,15.08,38.3,23.22,100.9,22.35,49.87,17.47,0
3/3/2014,0,2.62,14.55,39.08,24.53,100.92,20.53,50.38,17.88,0
3/4/2014,0,2.62,13.6,37.79,24.19,101.08,21.51,51.35,18.26,0
3/5/2014,0,3.33,13.88,37.53,23.65,101.09,21.85,51.52,18.21,0
3/6/2014,0,3.19,14.6,38.21,23.61,101.03,22.27,54.04,18.72,0
3/7/2014,0,2.5,13.11,36.56,23.45,101.11,21.13,56.26,19.58,0
3/8/2014,0,2.66,13.38,37.39,24.01,101.12,20.81,51.42,18.44,0
3/9/2014,0,2.47,14.75,38.4,23.65,101.08,23.09,47.48,17.25,0
3/10/2014,0,3.26,14.52,38.27,23.75,101.11,20.44,49.19,17.72,0
3/11/2014,0.01,1.98,13.5,38.68,25.18,101.1,20.85,46.86,17.18,1
3/12/2014,0.11,2.75,14.38,39.5,25.12,101.01,24.54,47.43,17.66,1
3/13/2014,0,1.93,15.18,39.29,24.11,100.92,22.3,47.83,17.99,0
3/14/2014,0,3.49,13.86,39.6,25.74,100.99,23.88,49.45,19.35,0
3/15/2014,0.01,2.25,13.79,40.12,26.33,101.01,23.05,46.29,17.84,1
3/16/2014,0.32,2.29,14,40.61,26.61,101.05,21.49,45,18.33,1
3/17/2014,1.93,1.55,9.31,36.54,27.23,101.1,23.09,53.46,20.33,1
3/18/2014,0.06,1.87,12.96,40.03,27.07,100.97,21.05,48.27,19.7,1
3/19/2014,3.25,2.48,11.32,37.62,26.3,100.87,19.98,55.35,21.11,1
3/20/2014,0,1.94,12.58,39.02,26.44,100.78,19.96,53.75,20.62,0
3/21/2014,1.17,2.32,9.32,36.55,27.23,100.71,13.22,57.43,21.3,1
3/22/2014,4.98,2.03,11.85,36.74,24.89,100.8,21.91,54.91,19.37,1
3/23/2014,1.26,1.34,11.27,36.89,25.62,100.97,22.81,56.84,20.44,1
3/24/2014,2.53,1.66,10.22,35.73,25.51,100.99,20.19,61.01,20.77,1
3/25/2014,0.2,1.28,12.37,37.84,25.47,100.83,22.12,55.06,20.41,1
3/26/2014,0.34,1.96,11.13,37.83,26.7,100.75,19.55,55.29,21.43,1
3/27/2014,1.16,2.2,10.89,38.03,27.14,100.73,20.62,54.88,21.34,1
3/28/2014,1.34,2.7,11.69,38.63,26.94,100.75,18.09,54.25,21.3,1
3/29/2014,0,2.5,11.94,39.47,27.53,100.71,21.23,51.12,20.75,0
3/30/2014,0,3.02,12.73,40.09,27.36,100.66,23.72,49.28,20.68,0
3/31/2014,0,2.26,11.93,39.63,27.7,100.59,22.7,48.53,20.1,0
4/1/2014,0,2.22,8.21,36.46,28.25,100.58,17.45,53.29,21.07,0
4/2/2014,0,1.53,11.55,38.39,26.84,100.56,16.25,51.88,20.79,0
4/3/2014,1.94,2.29,10.88,38.78,27.9,100.69,19.4,49.86,20.7,1
4/4/2014,0.11,1.67,7.15,35.06,27.91,100.87,14.33,53.57,20.6,1
4/5/2014,1.58,2,8.29,34.93,26.64,100.95,18.11,58.72,21.07,1
4/6/2014,0,1.37,7.26,34.45,27.19,101.02,21.35,57.5,20.73,0
4/7/2014,0.04,2.23,8.56,35.36,26.8,100.99,21.11,56.54,20.94,1
4/8/2014,0.13,3.05,10.9,37.19,26.29,100.93,19.42,59.61,21.88,1
4/9/2014,0.02,1.29,12.74,39.18,26.44,100.82,23.42,50.96,20.27,1
4/10/2014,0.41,2.9,11.54,38.7,27.16,100.81,19.96,53.26,21.27,1
4/11/2014,0.31,1.87,11.2,38.91,27.71,100.79,18.98,48.71,19.97,1
4/12/2014,1.8,2.38,9.52,37.35,27.83,100.76,20.48,55.24,21.29,1
4/13/2014,0.25,1.92,11.49,38.12,26.63,100.76,20.82,53.75,21.16,1
4/14/2014,3.93,2.63,10.02,37.53,27.51,100.85,16.44,59.64,22.26,1
4/15/2014,0.01,2.24,9.73,36.63,26.9,100.87,15.71,60.74,22.38,1
4/16/2014,2.35,2.23,10.89,37.48,26.59,100.75,20.79,60.66,22.33,1
4/17/2014,0.07,2.72,10.85,37.92,27.07,100.69,19.31,56.19,21.44,1
4/18/2014,1.22,2.22,9.8,36.84,27.04,100.76,17,56.44,21.48,1
4/19/2014,0.21,2.31,12.65,39.13,26.48,100.68,22.59,54.81,21.26,1
4/20/2014,0.02,2.58,13.33,40.17,26.84,100.62,24.12,50.41,20.65,1
4/21/2014,0.45,2.11,10.07,38.06,27.99,100.7,21.87,55.28,22.04,1
4/22/2014,0.01,2,11.42,38.61,27.19,100.84,18.13,53.76,21.66,1
4/23/2014,0.07,1.9,9.48,36.67,27.19,100.77,22.54,58.67,21.74,1
4/24/2014,0.1,2.7,13.32,40.84,27.52,100.6,22.54,50,21.15,1
4/25/2014,0,2.52,11.21,39.65,28.44,100.64,22.74,50.62,21.13,0
4/26/2014,0.02,2,11.92,40.31,28.39,100.68,21.16,47.6,20.7,1
4/27/2014,0.54,2.1,12.09,41.02,28.93,100.69,22.15,46.07,20.63,1
4/28/2014,6.58,2.05,8.7,37.59,28.89,100.78,22.4,52.36,21.6,1
4/29/2014,13.13,1.26,8.77,34.82,26.05,100.81,20.33,68.41,23.55,1
4/30/2014,0.1,1.35,9.14,35.43,26.29,100.7,17.33,66.05,23.2,1
5/1/2014,0.22,1.76,8.68,35.65,26.97,100.68,22,65.18,23.02,1
5/2/2014,3.12,1.3,7.16,33.54,26.38,100.83,20,71.43,23.64,1
5/3/2014,1.92,1.27,9.39,35.47,26.08,100.85,23,65.93,22.9,1
5/4/2014,0.47,1.06,12.02,38.11,26.09,100.72,22.08,59.91,22.16,1
5/5/2014,7.05,1.81,10.51,36.85,26.34,100.71,21.18,65.85,23.69,1
5/6/2014,3.95,2.23,9.63,36.6,26.97,100.77,16.26,68.22,23.75,1
5/7/2014,1.45,0.58,10.28,37.4,27.12,100.8,17.6,64.31,23.45,1
5/8/2014,6.46,1.44,7.56,34.98,27.42,100.75,23.27,70.09,23.94,1
5/9/2014,0,1.82,8.7,35.11,26.41,100.7,23.09,69.67,23.72,0
5/10/2014,0,2.63,12.11,38.35,26.24,100.65,22.45,62.68,22.93,0
5/11/2014,0.52,2.41,13.94,39.68,25.74,100.67,19.76,58.01,21.74,1
5/12/2014,3.56,2.64,11.29,38.13,26.84,100.7,22.97,63.19,22.58,1
5/13/2014,0.32,2.69,12.64,38.97,26.33,100.61,22.85,62.83,22.69,1
5/14/2014,0.35,2.26,10.35,37.67,27.32,100.52,19.43,64.7,23.32,1
5/15/2014,0.91,2,6.83,33.67,26.84,100.45,20.95,73.56,24.32,1
5/16/2014,0.38,2.63,10.23,36.47,26.24,100.49,23.96,67.31,23.43,1
5/17/2014,0.66,2.68,8.6,35.6,27,100.62,22.53,70.95,24.14,1
5/18/2014,0.09,2.49,8.74,35.53,26.79,100.68,22.67,66.91,23.11,1
5/19/2014,0.01,1.84,10.84,37.05,26.21,100.69,23.54,63.15,22.91,1
5/20/2014,0.2,1.84,9,36.27,27.27,100.67,22.35,62.84,22.62,1
5/21/2014,0.58,2.42,11.14,37.48,26.34,100.59,23.76,63.29,22.9,1
5/22/2014,8.28,2.89,11.79,38.36,26.57,100.5,21.28,64.38,22.83,1
5/23/2014,22.1,2.09,9.48,35.08,25.6,100.65,22.96,75.44,24.37,1
5/24/2014,0.57,1.26,9.83,36.07,26.24,100.71,18.55,67.97,23.94,1
5/25/2014,1.93,2.12,9.94,36.86,26.92,100.76,23.64,71.06,24.42,1
5/26/2014,0.34,1.59,7.38,34.32,26.94,100.8,22.31,72.3,23.98,1
5/27/2014,0.19,1.55,8.04,34.77,26.73,100.69,24.14,69.49,23.64,1
5/28/2014,0.17,1.74,10.88,37.08,26.2,100.64,21.66,67.14,23.49,1
5/29/2014,0.04,2.01,12.09,38.24,26.15,100.57,23.75,64.26,23.02,1
5/30/2014,0.09,2.46,10.81,37.35,26.54,100.49,23.74,65.92,23.24,1
5/31/2014,0.16,2.41,9.52,36.43,26.91,100.5,19.87,67.1,23.69,1
6/1/2014,0.2,2.29,10.09,36.93,26.84,100.57,22.72,66.73,23.32,1
6/2/2014,0.99,2.11,9.65,36.29,26.64,100.58,16.17,66.25,22.83,1
6/3/2014,0.89,2.42,10.72,37.13,26.41,100.35,20.91,67.58,23.57,1
6/4/2014,10.85,2.16,8.32,34.74,26.42,100.37,22.68,73.36,23.94,1
6/5/2014,1.8,2.92,8.85,34.85,26,100.39,21.47,71.22,23.3,1
6/6/2014,15.17,2.96,7.01,33.03,26.02,100.44,18.93,78.34,24.4,1
6/7/2014,0.71,2.21,12.29,37.5,25.21,100.38,21.75,69.68,23.56,1
6/8/2014,0.06,2.55,11.87,37.62,25.75,100.34,20.55,67.3,23.56,1
6/9/2014,0.55,2.61,8.59,34.99,26.4,100.37,23.28,69.72,23.35,1
6/10/2014,2.35,2.27,9.05,35.02,25.97,100.38,21.9,73.96,24.29,1
6/11/2014,11.24,2.59,6.2,32.66,26.46,100.34,16.35,81.01,25.05,1
6/12/2014,8.45,3.46,5.15,31.09,25.94,100.35,12.98,82.76,24.63,1
6/13/2014,17.63,2.95,5.42,31.13,25.71,100.35,12.92,86.8,25.46,1
6/14/2014,8.44,2.56,5.62,31.66,26.04,100.59,13.65,83.56,25.08,1
6/15/2014,5.72,2.64,5.21,30.81,25.6,100.63,12.09,84.73,24.88,1
6/16/2014,8.21,2.67,5.26,30.55,25.29,100.65,19.62,84.89,24.58,1
6/17/2014,1.28,3.21,6.08,31.12,25.04,100.67,14.56,81.85,24.06,1
6/18/2014,3.94,2.68,8.19,32.79,24.6,100.69,15.83,78.64,23.81,1
6/19/2014,0.89,2.35,5.27,29.45,24.18,100.77,20.53,79.51,22.32,1
6/20/2014,2.98,2.63,10.58,33.94,23.36,100.68,20.84,75.65,23.45,1
6/21/2014,10.35,2.71,7.04,32.45,25.41,100.77,14.19,83.92,24.97,1
6/22/2014,25.64,2.88,6.29,31.22,24.93,100.81,17.15,86.51,24.77,1
6/23/2014,8.55,2.32,6.97,31.08,24.11,100.72,17.6,81.69,23.22,1
6/24/2014,9.79,2.78,6.83,31.5,24.67,100.58,12.32,84.21,24.34,1
6/25/2014,6.21,2.89,6.18,31.11,24.93,100.75,15.73,83.67,24.12,1
6/26/2014,1.79,1.69,9.45,33.56,24.11,100.87,18.93,77.8,23.32,1
6/27/2014,6.27,2.32,8.42,32.58,24.16,100.78,18.78,81.88,24.56,1
6/28/2014,16.36,2.42,5.17,30.05,24.88,100.58,19.34,90.26,25.4,1
6/29/2014,10.3,2.44,3.59,29.13,25.54,100.54,13.79,91.09,25.19,1
6/30/2014,1.79,2.69,5.14,30.23,25.09,100.63,15.98,87.77,24.93,1
7/1/2014,0.54,2.71,7.8,32.65,24.85,100.83,22.15,80.7,23.99,1
7/2/2014,0.72,2.08,6.91,31.08,24.17,100.75,18.44,84.04,24.43,1
7/3/2014,0.26,2.18,7.01,32.24,25.23,100.5,20.73,83.19,24.71,1
7/4/2014,2.75,2.33,8.82,33.07,24.25,100.4,21.23,83,24.83,1
7/5/2014,3.32,2.76,5.41,30.56,25.15,100.52,18.19,88.29,25.29,1
7/6/2014,8.65,2.81,7.12,32.37,25.25,100.58,17.85,84.78,25.22,1
7/7/2014,13.28,2.96,5.52,31.15,25.63,100.51,16.25,86.75,25.32,1
7/8/2014,1.66,3.19,4.89,30.12,25.23,100.4,17.05,89.09,25.14,1
7/9/2014,2.62,3.54,5.16,29.83,24.67,100.53,12.79,85.91,24.18,1
7/10/2014,2.17,2.7,6.45,30.58,24.13,100.67,14.5,83.75,23.79,1
7/11/2014,3.23,2.48,7.87,31.88,24.01,100.61,19,81.62,24.19,1
7/12/2014,1.21,2.28,6.55,31.52,24.97,100.55,19.81,83.84,24.65,1
7/13/2014,5.11,2.59,5.18,30.09,24.91,100.56,15.94,88.49,25.02,1
7/14/2014,1.49,2.63,4.81,29.41,24.6,100.67,16.07,88.11,24.35,1
7/15/2014,1.68,2.79,7.23,31.96,24.73,100.79,19.6,84.18,24.41,1
7/16/2014,2.17,1.96,8.07,32.68,24.61,100.72,22.01,82.24,24.63,1
7/17/2014,0.24,2.55,7.07,32.02,24.95,100.52,15.95,83.54,24.67,1
7/18/2014,3.28,3.36,5.19,30.21,25.02,100.54,12.74,84.99,24.26,1
7/19/2014,2.37,3.01,6.55,30.96,24.41,100.73,15.94,81.72,23.53,1
7/20/2014,1.23,2.54,9.56,32.99,23.43,100.8,18.23,79.31,23.3,1
7/21/2014,5.5,2.68,8.04,31.77,23.73,100.72,17.29,81.8,23.6,1
7/22/2014,23.03,2.93,3.92,27.89,23.97,100.65,15.52,90.96,24.03,1
7/23/2014,21.43,2.36,4.7,27.89,23.19,100.66,16.05,88.67,23.29,1
7/24/2014,7.82,3,5.8,29.78,23.98,100.67,17.34,86.49,23.86,1
7/25/2014,0.58,2.65,7.52,31.26,23.74,100.72,15.54,85.12,24.34,1
7/26/2014,0.75,2.82,5.44,29.96,24.52,100.81,17.35,89.38,24.74,1
7/27/2014,0.84,2.18,6.51,30.41,23.9,100.81,20.32,86.16,24.32,1
7/28/2014,3.59,2.57,6,30.72,24.72,100.69,19.09,86.01,24.41,1
7/29/2014,4.97,2.81,6.92,31.16,24.24,100.6,16.74,85.58,24.46,1
7/30/2014,5.59,2.95,6.24,30.95,24.71,100.62,17.27,87.15,24.77,1
7/31/2014,7.93,3.09,4.69,30.26,25.57,100.61,14.58,89.1,25.35,1
8/1/2014,12.76,3.06,5.36,30.3,24.94,100.58,14.13,89.2,25.04,1
8/2/2014,2.91,3.28,5.62,30.46,24.84,100.6,19.63,87.45,24.67,1
8/3/2014,2.66,3.17,5.74,30.34,24.6,100.62,15.36,86.48,24.48,1
8/4/2014,1.6,2.68,5.03,29.72,24.69,100.61,19.78,87.6,24.52,1
8/5/2014,5.6,3.49,4.6,29.16,24.56,100.66,16.21,89.3,24.27,1
8/6/2014,6.13,2.9,4.88,28.93,24.05,100.75,12.69,88.7,23.98,1
8/7/2014,0.67,2.6,5.32,29.39,24.07,100.77,16.99,88.64,24.27,1
8/8/2014,0.25,2.26,6.77,30.64,23.87,100.8,19.01,84.75,23.92,1
8/9/2014,1.28,2.34,9.05,32.57,23.52,100.87,20.28,81.55,23.98,1
8/10/2014,0,1.95,10.35,33.56,23.21,100.85,23.81,79.01,23.75,0
8/11/2014,0.01,2.25,9.03,32.84,23.81,100.69,21.42,79.23,23.89,1
8/12/2014,0.2,2.48,9.83,33.76,23.93,100.61,24.61,79.31,24.13,1
8/13/2014,2.14,2.43,9.82,33.62,23.8,100.66,21.86,79.8,24.32,1
8/14/2014,0.14,1.78,7.01,31.66,24.65,100.83,20.97,83.48,24.63,1
8/15/2014,1.29,2.01,7.08,31.87,24.79,100.89,20.25,81.45,24.26,1
8/16/2014,0,1.76,8.48,32.83,24.35,100.83,20.86,77.64,23.78,0
8/17/2014,0.04,1.5,7.98,32.78,24.8,100.75,22.71,75.96,23.27,1
8/18/2014,0.14,2.1,9.23,33.46,24.23,100.83,21.95,77.95,23.85,1
8/19/2014,0.52,2.17,7.63,32.55,24.92,100.88,18.2,80.55,24,1
8/20/2014,0.11,2.05,8.8,33.06,24.26,100.8,21.21,78.55,23.73,1
8/21/2014,1.09,1.82,8.01,32.52,24.51,100.75,22.2,80.34,24.08,1
8/22/2014,5.96,0.74,8.22,33.02,24.8,100.78,21.16,76.37,23.81,1
8/23/2014,0.03,0.72,7.36,32.8,25.44,100.75,21.1,75.22,23.82,1
8/24/2014,0.21,1.38,4.45,30.05,25.6,100.7,15.95,86.32,24.89,1
8/25/2014,0.99,1.09,6.8,31.68,24.88,100.69,20.52,80.62,23.86,1
8/26/2014,2.26,1.66,3.14,27.8,24.66,100.7,14.42,89.9,24.25,1
8/27/2014,7.02,2.08,8.93,32.32,23.39,100.58,19.8,81.82,23.75,1
8/28/2014,2.96,1.98,6.29,30.63,24.34,100.57,18.98,87.01,24.1,1
8/29/2014,4.64,2.84,6.88,31.03,24.15,100.72,11.46,85.17,23.81,1
8/30/2014,2.25,1.93,8.03,31.23,23.2,100.73,18.37,82.07,23.45,1
8/31/2014,2.97,2.16,6.9,30.2,23.3,100.61,15.85,84.56,23.69,1
9/1/2014,4.53,2.68,7.09,30.81,23.72,100.65,14.92,82.07,23.22,1
9/2/2014,6.88,2.4,7.97,31.75,23.78,100.8,16.49,83.09,23.87,1
9/3/2014,0.21,2.23,8.75,32.51,23.76,100.86,20.73,79.76,23.8,1
9/4/2014,1.47,2.08,10.26,33.78,23.52,100.67,18.23,77.73,23.76,1
9/5/2014,7.1,1.47,6.21,31.19,24.98,100.59,12.12,84.74,24.51,1
9/6/2014,4.97,2.36,6.96,31.4,24.44,100.64,17.04,82.79,23.85,1
9/7/2014,15.91,3.03,6.46,30.22,23.76,100.79,18.17,84.18,23.29,1
9/8/2014,27.15,2.29,7.6,30.79,23.19,100.75,14.99,84.35,23.79,1
9/9/2014,3.25,2.2,7.14,30.95,23.81,100.68,18.02,84.44,24.02,1
9/10/2014,10.87,2.43,5.54,29.79,24.25,100.71,18.26,89.15,24.56,1
9/11/2014,1.29,2.51,6.63,30.79,24.16,100.79,17.67,86.25,24.32,1
9/12/2014,1.12,2.78,6.43,30.83,24.4,100.67,14.89,87.43,24.71,1
9/13/2014,1.59,2.47,6.6,30.95,24.35,100.62,19.15,86.22,24.54,1
9/14/2014,2.46,2.61,6.86,30.93,24.07,100.6,17.28,85.79,24.15,1
9/15/2014,4.69,2.66,5.4,29.85,24.45,100.48,16.91,88.59,24.67,1
9/16/2014,5.16,3.78,5.26,29.69,24.43,100.33,10.16,88.19,24.12,1
9/17/2014,7.37,3.73,4.32,29.03,24.71,100.64,10.68,88.73,24.42,1
9/18/2014,0.09,1.59,9.64,33.29,23.65,100.86,19.72,80.48,24.17,1
9/19/2014,0.21,1.41,8.05,32.54,24.49,100.79,22.67,78.81,24.25,1
9/20/2014,0.09,1.37,6.81,31.89,25.08,100.67,22.24,82.3,24.75,1
9/21/2014,0.56,2.81,6.74,31.55,24.81,100.84,21.51,82.22,24.08,1
9/22/2014,0.02,2.16,10.19,33.6,23.41,100.83,17.11,78.71,23.6,1
9/23/2014,0.07,2.08,9.81,33.77,23.96,100.75,20.94,78.42,23.95,1
9/24/2014,0.02,2.17,10,34.09,24.09,100.77,20.34,77.7,24.05,1
9/25/2014,0.11,1.6,7.46,32.06,24.6,100.92,18.69,79.62,23.82,1
9/26/2014,0.14,1.19,8.97,33.58,24.61,100.92,19.62,76.84,23.68,1
9/27/2014,1.53,0.94,8.8,34.01,25.21,100.93,21.05,77.08,24.34,1
9/28/2014,11.66,0.89,2.75,28.49,25.74,100.85,7.34,90.6,25.37,1
9/29/2014,0.66,1.33,7.66,32.25,24.59,100.77,19.37,80.92,24.08,1
9/30/2014,5.57,1.57,7.24,32.05,24.81,100.82,20.1,82.13,24.37,1
10/1/2014,2.12,1.08,6.25,30.83,24.58,100.84,19.09,77.69,23.16,1
10/2/2014,3.89,1.26,7.91,31.88,23.97,100.8,20.37,77.81,23.23,1
10/3/2014,0.56,1.06,8.26,32.74,24.48,100.7,20.57,77.08,23.55,1
10/4/2014,8.12,0.88,7.73,32.3,24.57,100.7,19.63,79.77,23.98,1
10/5/2014,8.91,1.66,3.68,28.19,24.51,100.76,17.31,90.04,24.26,1
10/6/2014,19.92,2.34,5.79,29.46,23.67,100.85,12.94,88.03,24.01,1
10/7/2014,2.76,1.68,7.22,30.81,23.59,100.83,17.51,83.33,23.42,1
10/8/2014,3.29,1.81,7.32,30.91,23.59,100.88,15.7,84.28,23.59,1
10/9/2014,0.94,1.38,5.66,29.66,24,100.88,20.28,84.53,23.45,1
10/10/2014,0.46,2.1,9.25,33.37,24.12,100.72,20.08,78.28,23.82,1
10/11/2014,2.58,0.94,8.54,33.17,24.63,100.69,18.17,76.93,23.91,1
10/12/2014,0.24,2.09,7.41,31.92,24.51,100.89,17.78,78.65,23.64,1
10/13/2014,4.12,1.07,6.42,30.48,24.06,101.01,19.86,83.31,23.64,1
10/14/2014,3.45,1.27,8.93,33.7,24.77,101.01,20.96,76.47,23.46,1
10/15/2014,0,1.57,9.71,33.83,24.12,101.01,21.85,72.46,22,0
10/16/2014,0.82,0.82,11.98,34.63,22.65,100.94,22.3,69.06,21.86,1
10/17/2014,4.51,1.87,9.8,33.44,23.64,100.9,21.3,74.09,22.3,1
10/18/2014,19.21,1.45,8.33,30.99,22.66,100.84,17.39,82.59,23.06,1
10/19/2014,3.2,1.1,4.96,29.34,24.38,100.92,16.53,84.48,23.46,1
10/20/2014,5.15,0.97,7.93,31.47,23.54,100.94,20.43,82.94,23.88,1
10/21/2014,1.24,0.76,7.69,32.01,24.32,101.03,17.64,79.79,24.03,1
10/22/2014,5.11,1.33,3.85,28.71,24.86,100.99,15.84,88.81,24.44,1
10/23/2014,13.92,1.14,5.67,29.8,24.13,101.02,15.95,85.55,23.91,1
10/24/2014,1.49,1.1,7.57,31.4,23.83,100.91,17.18,81.37,23.59,1
10/25/2014,2.16,1.34,6.72,30.93,24.21,100.96,15.02,83.29,24.04,1
10/26/2014,0.14,0.98,8.19,32.09,23.9,101.05,19.35,81.65,23.96,1
10/27/2014,1.09,1.02,7.16,31.39,24.23,100.97,17.15,79.93,23.68,1
10/28/2014,4.2,0.73,7.76,31.89,24.13,100.86,18.41,78.01,23.62,1
10/29/2014,1.55,1.33,6.65,31.2,24.55,100.92,18.82,82.29,23.51,1
10/30/2014,0.35,0.75,9.14,32.87,23.73,100.83,20.86,77.56,23.41,1
10/31/2014,4.88,0.85,8.63,32.93,24.3,100.76,16.82,76.51,23.54,1
11/1/2014,6.94,1.24,7.09,32.25,25.16,100.74,21.03,80.26,24.11,1
11/2/2014,3.79,1.43,5.04,30.25,25.21,100.9,17.43,86.14,24.53,1
11/3/2014,24.27,0.96,5.56,30.47,24.91,100.97,13.46,84.26,24.17,1
11/4/2014,5.48,1.09,7.19,30.82,23.63,101.07,18.96,83.11,23.55,1
11/5/2014,0.34,1.1,9.33,32.72,23.39,101.05,21.49,78.93,23.5,1
11/6/2014,0.72,1.51,6.55,31.16,24.61,101.02,19.69,82.68,23.49,1
11/7/2014,15.07,1.52,8.42,33.16,24.74,100.98,16.13,82.6,24.12,1
11/8/2014,32.09,1.78,8.28,31.74,23.46,101.03,19.75,85.29,24.17,1
11/9/2014,0.09,1.94,7.97,31.18,23.21,101.07,20.18,84.42,23.68,1
11/10/2014,0.95,1.1,8.77,32.12,23.35,100.98,21.49,79.06,23.59,1
11/11/2014,0.18,1.05,7.91,32.1,24.19,100.92,21.32,76.9,23.11,1
11/12/2014,0.1,1.65,9.28,32.51,23.23,100.91,22.55,77.24,22.93,1
11/13/2014,0.15,1.4,8.78,32.66,23.88,100.97,21.73,77.55,23.4,1
11/14/2014,0,1.46,9.11,32.69,23.58,101.01,21.79,74.37,22.33,0
11/15/2014,1.42,1.17,9.74,32.93,23.19,100.95,20.54,77.24,23.11,1
11/16/2014,4.41,2.03,8.45,32.24,23.79,100.89,21.34,80.51,23.4,1
11/17/2014,0,2.39,10.53,33.58,23.05,100.92,21.56,71.56,22.13,0
11/18/2014,0.01,2.82,10.6,32.35,21.75,101.03,21.21,68.47,20.05,1
11/19/2014,0.05,2.83,11.74,33.24,21.5,101.01,16.57,68.41,20.1,1
11/20/2014,0.09,2.11,9.64,33.03,23.39,100.93,19.13,71.3,21.75,1
11/21/2014,0.23,1.7,10.35,34.2,23.85,100.85,20.07,72.85,22.77,1
11/22/2014,4.65,1.33,5.58,30.67,25.09,100.89,13.72,83.37,23.68,1
11/23/2014,0.04,1.35,10.1,34.23,24.13,100.83,13.4,73.83,23.14,1
11/24/2014,1.17,0.6,9.5,34.34,24.84,100.79,17.5,73.69,23.6,1
11/25/2014,3.59,1.4,6.07,31.53,25.46,100.75,16.97,82.76,24.55,1
11/26/2014,4.95,1.31,6.58,30.99,24.41,100.67,17.68,82.83,24.22,1
11/27/2014,21.38,0.89,7.05,31.53,24.48,100.81,17.6,82.54,23.91,1
11/28/2014,0,1,8.63,32.85,24.22,100.76,18.39,77.64,23.7,0
11/29/2014,0,1.27,8.21,33.01,24.8,100.67,16.42,76.82,23.79,0
11/30/2014,1.05,2.27,9.77,33.88,24.11,100.59,15.98,76.72,23.23,1
12/1/2014,8.74,1.88,8.46,32.36,23.9,100.64,14.62,81.33,23.93,1
12/2/2014,4.81,1.45,6.8,31.74,24.94,100.75,16.82,82.11,24.15,1
12/3/2014,0.75,1.53,6.55,31.04,24.49,100.81,15.75,83.9,24.21,1
12/4/2014,6.24,0.95,8.09,32.44,24.35,100.96,16.14,81.21,24.21,1
12/5/2014,12.54,1.39,7.82,32.84,25.02,101.04,15.25,78.55,23.97,1
12/6/2014,0.29,1.26,7.67,32.38,24.71,100.98,17.05,78.53,23.5,1
12/7/2014,1.95,1.06,7.31,32.04,24.73,100.94,19.85,76.96,23.21,1
12/8/2014,0,1.98,9.14,33.11,23.97,100.99,19.88,72.46,22.05,0
12/9/2014,0,2.61,10.04,33.11,23.07,101.11,20.8,69.46,20.8,0
12/10/2014,0,2.73,10.16,32.94,22.78,101.06,20.78,65.4,19.31,0
12/11/2014,0,2.85,10.72,33.08,22.36,100.97,17.86,66.91,19.84,0
12/12/2014,0.03,2.68,11.38,34.68,23.3,101.04,16.45,67.33,20.84,1
12/13/2014,0.28,3.19,8.34,31.36,23.02,101.18,14.43,67.35,20.04,1
12/14/2014,0,3.13,9.47,31.88,22.41,101.2,19.37,65.52,18.91,0
12/15/2014,0.02,2.32,13.06,34.48,21.42,101.03,20.78,66.14,20.26,1
12/16/2014,1.29,2.81,10.22,33.99,23.77,101.06,19.88,68.87,21.33,1
12/17/2014,0,3.47,7.51,30.55,23.04,101.2,17.59,63.75,18.42,0
12/18/2014,0,3.39,6.75,27.68,20.93,101.35,14.03,66.68,17.13,0
12/19/2014,0,2.9,10.27,32.29,22.02,101.24,17.29,64.29,18.8,0
12/20/2014,0,2.81,11.06,33.69,22.63,101.02,20.11,64.24,19.4,0
12/21/2014,0,2.77,10.7,33.56,22.86,100.93,19.89,62.73,19.62,0
12/22/2014,0,3.9,10.12,33.55,23.43,100.94,18.83,58.29,18.54,0
12/23/2014,0,3.18,9.86,31.55,21.69,101.02,15.16,61,17.63,0
12/24/2014,0,2.51,12.27,34.94,22.67,101.03,15.85,65.38,20.68,0
12/25/2014,0.05,2.17,11.04,35.82,24.78,100.88,19.59,66,21.91,1
12/26/2014,0.36,1.57,9.05,34.01,24.96,100.83,18.52,71.78,22.5,1
12/27/2014,0,1.89,11.04,35.87,24.83,100.92,17.21,65.66,21.66,0
12/28/2014,0,2.52,11.83,36.18,24.35,101.01,20.88,60.86,20.49,0
12/29/2014,0,3.52,10.71,33.88,23.17,101.07,18.28,53.53,16.93,0
12/30/2014,0,2.06,9.82,31.46,21.64,101,19.66,55.32,15.86,0
12/31/2014,0,1.9,12.98,33.1,20.12,101.1,20.35,54.21,14.89,0
1/1/2015,0,2.87,13.11,33.33,20.22,101.21,19.94,52.23,14.7,0
1/2/2015,0,3,14.11,32.92,18.81,101.24,20.57,53.45,14.89,0
1/3/2015,0,2.69,12,34.27,22.27,101.12,16.85,56.58,17.66,0
1/4/2015,0.03,1.75,12.56,34.71,22.15,100.91,18.18,60.78,19.21,1
1/5/2015,0.06,1.17,9.23,32.8,23.57,100.88,15.46,68.68,21.33,1
1/6/2015,0.22,1.19,5.21,29.61,24.4,100.86,14.43,76.52,22.2,1
1/7/2015,1.96,1.03,8.89,32.9,24.01,100.9,15.78,74.75,22.55,1
1/8/2015,0.77,2.28,11.97,35.73,23.76,101,20.5,62.71,19.91,1
1/9/2015,0,1.55,11.74,34.42,22.68,101.11,20.18,57.13,18.13,0
1/10/2015,0,1.74,10.46,33.95,23.49,101.07,19.84,59.89,18.62,0
1/11/2015,0,1.38,12.54,35.37,22.83,101.03,20.23,59.35,19.03,0
1/12/2015,0,2.61,11.29,34.92,23.63,101.06,21.36,54.97,18.22,0
1/13/2015,0,3.6,12.02,34.55,22.53,101.1,21.46,47.73,15.24,0
1/14/2015,0,2.62,13.29,34.26,20.97,101.21,22.01,50.11,14.9,0
1/15/2015,0,2.8,13.55,33.43,19.88,101.29,22.63,45.52,11.68,0
1/16/2015,0,2.34,16.1,33.61,17.51,101.21,22.59,42.26,9.84,0
1/17/2015,0,2.42,15.01,33.69,18.68,101.2,20.16,50.38,14.48,0
1/18/2015,0,2.79,10.53,31.88,21.35,101.26,20.17,51.82,14.88,0
1/19/2015,0,2.37,12.42,32.98,20.56,101.25,18.18,50.78,14.52,0
1/20/2015,0,1.77,14.79,33.77,18.98,101.38,18.59,49.73,13.85,0
1/21/2015,0,1.94,13.54,34.35,20.81,101.45,20.93,46.83,13.28,0
1/22/2015,0,0.76,14.48,34.19,19.71,101.43,20.02,49.65,14,0
1/23/2015,0.01,1.22,14.34,34.27,19.93,101.2,20.18,57.73,15.96,1
1/24/2015,0.18,1.39,13.74,34.21,20.47,101.22,19.74,60.98,16.91,1
1/25/2015,0,1.33,15.48,35.68,20.2,101.25,20.51,57.83,16.62,0
1/26/2015,0,1.17,15.32,35.92,20.6,101.19,20.4,52.87,15.85,0
1/27/2015,0,1.36,15.35,36.11,20.76,101.02,19.43,53.67,16.31,0
1/28/2015,0.03,1.66,13.72,36.03,22.31,100.96,18.65,59.25,18.63,1
1/29/2015,0,1.71,14.65,37.3,22.65,101.02,20.73,51.16,16.63,0
1/30/2015,0,1.8,14.3,36.57,22.27,101.14,17.29,50.72,15.68,0
1/31/2015,0,1.91,14.34,35.95,21.61,101.22,22,46.34,14.59,0
2/1/2015,0,2.89,14.71,35.37,20.66,101.24,23.4,44.34,13.51,0
2/2/2015,0,1.96,14.92,35.91,20.99,101.32,22.49,43.52,13.84,0
2/3/2015,0,2.08,13.61,36.17,22.56,101.35,21.72,44.6,15.54,0
2/4/2015,0,2.02,12.08,35.92,23.84,101.25,20.57,45.42,15.33,0
2/5/2015,0,2.65,12.84,35.6,22.76,101.25,23.53,40.64,12.69,0
2/6/2015,0,2.53,15.12,35.09,19.97,101.3,23.67,40.34,11.34,0
2/7/2015,0,1.58,15.12,35.02,19.9,101.23,22.88,42.13,11.82,0
2/8/2015,0,2.19,15.16,35.23,20.07,101.27,21.48,46.2,13.31,0
2/9/2015,0,2.36,13.92,34.64,20.72,101.31,22.54,44.52,13.52,0
2/10/2015,0,2.15,13.48,34.8,21.32,101.22,23.08,43.1,12.7,0
2/11/2015,0,1.39,15.8,35.58,19.78,101.08,20.99,46.63,13.72,0
2/12/2015,0,2.1,13.71,35.67,21.96,101.06,19.97,48.28,14.88,0
2/13/2015,0.11,1.7,13.99,35.19,21.2,101.02,21.65,50.51,15.66,1
2/14/2015,0.11,2.76,13.85,35.72,21.87,100.96,19.07,52.47,16.5,1
2/15/2015,0.01,2.8,14.69,36.8,22.11,101.01,20.83,51.36,16.61,1
2/16/2015,0,2.16,15.17,37.1,21.93,101,21.91,51.55,17.26,0
2/17/2015,0.28,1.67,14.05,37.25,23.2,100.92,19.96,48.06,16.59,1
2/18/2015,1.44,2.09,15.03,38.55,23.52,100.92,19.33,51.55,18,1
2/19/2015,3.5,2.11,10.76,35.55,24.79,101.1,13.87,60.49,20.24,1
2/20/2015,0.1,1.53,9.98,34.75,24.77,101.07,16.29,57.99,19.6,1
2/21/2015,0,2.92,13.55,37.3,23.75,100.98,17.5,53.6,18.99,0
2/22/2015,0,2.2,12.37,36.48,24.11,101.07,18.56,53.94,19.03,0
2/23/2015,0,1.72,13.67,38.03,24.36,101.01,18.91,50.84,18.76,0
2/24/2015,0,2.03,12.42,37.92,25.5,100.91,17.03,52.04,19.49,0
2/25/2015,0.11,3.04,13.04,38.4,25.36,100.83,19.42,53.14,19.54,1
2/26/2015,0.5,2.59,13.27,37.65,24.38,100.87,18.06,51.12,18.41,1
2/27/2015,0.23,2.4,13.23,37.8,24.57,100.87,21.88,50.97,18.95,1
2/28/2015,0.46,2.62,11.59,37.77,26.18,100.88,17.92,53.04,20.39,1
3/1/2015,0.33,2.35,13.1,38.83,25.73,100.93,22.37,50.66,19.61,1
3/2/2015,0.02,1.93,13.49,39.21,25.72,100.92,21.63,47.66,18.2,1
3/3/2015,0.03,2.38,12.37,38.23,25.86,100.82,19.62,50.76,19.44,1
3/4/2015,0.01,2.49,13.14,39.14,26,100.82,19.68,50.63,19.43,1
3/5/2015,0,2.9,13.06,38.83,25.77,100.92,20.73,47.84,18.46,0
3/6/2015,0.01,2.85,13.2,38.33,25.13,100.96,21.75,49.65,18.86,1
3/7/2015,0.08,2.46,13.14,38.37,25.23,100.95,21.05,50.22,18.93,1
3/8/2015,0.59,2.56,13.27,38.31,25.04,101.06,19.96,47.99,18.08,1
3/9/2015,0.09,2.36,13.71,38.76,25.05,101.12,21.16,48.99,18.76,1
3/10/2015,0.16,2.69,14.2,39.24,25.04,101.11,21.67,49.53,18.5,1
3/11/2015,0,1.96,14.93,38.95,24.02,101.18,21.78,45.45,16.11,0
3/12/2015,0,2.14,13.67,37.68,24.01,101.15,20.47,49.1,18.07,0
3/13/2015,0,3.16,13.09,38.52,25.43,101.13,19.56,48.77,18.54,0
3/14/2015,0,2.56,12.5,37.77,25.27,101.22,19.04,51.46,19.46,0
3/15/2015,0.03,2.92,12.93,38.55,25.62,101.18,18.48,48.21,18.34,1
3/16/2015,0,2.97,13.17,38.85,25.68,101.12,20.99,45.84,17.46,0
3/17/2015,0,3.01,12.57,38.22,25.65,100.92,20.99,47.13,17.83,0
3/18/2015,0,2.81,14.27,39.45,25.18,100.78,22.3,45.5,17.42,0
3/19/2015,0,2.35,14.16,39.71,25.55,100.82,21.4,49.58,19.26,0
3/20/2015,0,2.92,12.63,38.64,26.01,100.9,19.74,49.6,19.29,0
3/21/2015,0.45,2.76,13.02,38.46,25.44,101,21.96,49.1,19.08,1
3/22/2015,0,2.89,12.35,37.85,25.5,101.02,22.28,45.76,17.95,0
3/23/2015,0.14,3.18,12.35,38.12,25.77,100.95,22.12,46.88,18.04,1
3/24/2015,0.75,2.48,12.31,38.08,25.77,101.02,19.91,48.32,18.57,1
3/25/2015,0.09,3.04,13.66,39.95,26.29,101.08,21.92,48.08,18.81,1
3/26/2015,0.33,2.67,12.9,39.91,27.01,101.15,21.42,46.78,18.76,1
3/27/2015,0.44,1.9,10.98,38.17,27.19,101.15,17.63,50.42,19.69,1
3/28/2015,0.21,1.68,11.04,39.01,27.97,100.99,19.28,45.41,18.75,1
3/29/2015,1.6,2.23,11.75,38.63,26.88,100.89,20.72,51.34,20.26,1
3/30/2015,0.06,2.13,11.12,38.37,27.25,100.89,21.39,51.84,20.64,1
3/31/2015,1.37,2.35,11.28,38.16,26.88,100.88,19.1,51.3,20.73,1
4/1/2015,0.26,2.31,11.61,39.29,27.68,100.81,19.13,49.85,20.68,1
4/2/2015,0,3.01,12.34,40.25,27.91,100.62,21.11,50.72,21.02,0
4/3/2015,0,2.47,13.25,40.58,27.33,100.47,21.65,49.89,20.81,0
4/4/2015,0,3.72,10.87,38.72,27.85,100.51,20.61,52.21,21.21,0
4/5/2015,0.02,2.8,10.23,37.99,27.76,100.63,17.55,50.12,20.62,1
4/6/2015,3.74,2.11,9.89,37.95,28.06,100.69,18.65,53.08,20.98,1
4/7/2015,24.21,2.05,10.59,36.1,25.51,100.73,24.05,65.24,22.74,1
4/8/2015,0,2.97,14.21,39.06,24.85,100.81,25.88,53.74,19.39,0
4/9/2015,0.04,1.37,12.75,37.94,25.19,100.87,22.3,55.29,20.56,1
4/10/2015,1.09,1.7,11.9,37.49,25.59,100.87,22.07,59.35,21.77,1
4/11/2015,8.15,1.74,9.55,35.54,25.99,100.97,17.67,65.65,22.9,1
4/12/2015,10.58,1.76,7.03,32.95,25.92,101.11,14.96,74.11,23.05,1
4/13/2015,12.23,2.51,10.69,35.61,24.92,101.05,18.55,70.95,22.75,1
4/14/2015,0.53,2.03,10.3,35.66,25.36,100.97,23.15,61.12,19.92,1
4/15/2015,0,0.98,12.07,36.49,24.42,100.99,25.37,59.02,20.27,0
4/16/2015,0,1.84,12.97,37.67,24.7,101.05,23.01,59.31,21.27,0
4/17/2015,0,2.49,12.29,38.03,25.74,100.86,22.94,60.65,22.03,0
4/18/2015,0,2.61,13.38,38.8,25.42,100.77,21.85,58.49,21.07,0
4/19/2015,0,2.45,13.7,39.35,25.65,100.76,23.18,59.72,22.29,0
4/20/2015,0,2.83,13.31,39.39,26.08,100.75,22.4,58.01,21.8,0
4/21/2015,0.02,1.51,14.66,40.34,25.68,100.63,23.11,55.15,21.42,1
4/22/2015,0.88,2.4,10.77,38.18,27.41,100.78,17.81,54.09,20.3,1
4/23/2015,4.21,1.72,11.78,37.68,25.9,100.93,20.64,58.71,21.24,1
4/24/2015,0.42,1.55,7.06,33.27,26.21,100.95,21.76,70.04,22.77,1
4/25/2015,1.59,1.33,5.89,31.53,25.64,100.93,18.97,71.95,22.26,1
4/26/2015,2.06,1.2,6.27,32.05,25.78,100.93,18.64,71.59,22.43,1
4/27/2015,16.04,0.98,7.98,32.98,25,100.93,19.57,74.16,23.28,1
4/28/2015,0.24,1.42,10.46,35.79,25.33,100.87,19.43,66.74,23.03,1
4/29/2015,0.06,1.95,9.64,35.67,26.03,100.85,21.49,66.2,23.08,1
4/30/2015,0.6,1.52,9.95,35.96,26.01,100.84,18.49,66.34,23.23,1
5/1/2015,0,1.84,8.96,35.87,26.91,100.75,20.97,66.78,23.6,0
5/2/2015,0,2.57,8.3,35.01,26.71,100.77,19.84,68.06,23.61,0
5/3/2015,0.02,2.54,9.21,35.27,26.06,100.84,21.07,65.24,22.59,1
5/4/2015,0.04,2.29,11.09,37.03,25.94,100.79,22.74,62.08,22.36,1
5/5/2015,0,2.75,12.73,39.02,26.29,100.63,23.84,58.35,21.98,0
5/6/2015,0,2.21,12.01,38.66,26.65,100.57,23.25,58.06,21.72,0
5/7/2015,0.05,2.59,11.26,37.76,26.5,100.63,19.46,60.52,22.42,1
5/8/2015,0.04,1.86,9.03,35.95,26.92,100.59,20.2,62.79,22.9,1
5/9/2015,0,2.68,7.02,33.98,26.96,100.6,21.03,64.33,22.69,0
5/10/2015,0,2.76,12.79,39.2,26.41,100.62,23.23,56.12,21.34,0
5/11/2015,0.28,2.87,13.14,39.81,26.67,100.65,20.84,55.94,22.01,1
5/12/2015,16.63,2.82,7.84,35.49,27.65,100.77,13.93,69.14,24.15,1
5/13/2015,0.31,1.67,12.57,39.03,26.46,100.79,19.74,62,22.53,1
5/14/2015,0.01,2.42,12.62,39.36,26.74,100.86,23.69,56.67,21.22,1
5/15/2015,0,2.33,11.08,37.33,26.25,100.89,25.04,59.82,22.1,0
5/16/2015,0,2.99,13.22,39.66,26.44,100.71,24.42,57.34,22.02,0
5/17/2015,0.03,3.07,13.96,40.05,26.09,100.62,23.53,54.68,21.02,1
5/18/2015,0.08,2.44,13.24,40.21,26.97,100.6,23.07,55.47,22.01,1
5/19/2015,0.38,2.8,12.14,39.97,27.83,100.63,22.71,57.06,22.5,1
5/20/2015,0.25,2.64,7.93,36.36,28.43,100.74,18.49,61.13,23.07,1
5/21/2015,0.34,2.25,10.59,38.24,27.65,100.74,21.21,57,22.18,1
5/22/2015,0.54,2.13,9.65,37.56,27.91,100.7,21.73,56.84,22.02,1
5/23/2015,0.54,2.71,11.4,38.08,26.68,100.74,21.07,60.07,21.98,1
5/24/2015,0.24,3.05,13.19,39.53,26.34,100.69,17.68,58.33,22.16,1
5/25/2015,0.72,3.18,8.36,36.12,27.76,100.71,19.65,62.64,22.8,1
5/26/2015,1.59,3.08,8.74,35.25,26.51,100.81,21.6,67.1,23.11,1
5/27/2015,0.42,2.84,10.99,36.79,25.8,100.79,23.54,64.46,22.34,1
5/28/2015,0.87,3.25,12.85,38.27,25.42,100.59,25,60.76,22.13,1
5/29/2015,20.9,2.7,9.03,34.99,25.96,100.7,23.3,72.2,23.95,1
5/30/2015,2.56,2.46,8.25,33.96,25.71,100.78,17.76,74.77,23.65,1
5/31/2015,0,2.61,13.08,38.06,24.98,100.63,23.7,65.33,22.71,0
6/1/2015,0.09,2.38,11.51,37.29,25.78,100.53,23.92,64.81,22.86,1
6/2/2015,0.44,2.27,8,34.74,26.74,100.67,18.83,69.53,23.63,1
6/3/2015,0.02,2.16,8.81,35.25,26.44,100.74,24.26,68.27,23.29,1
6/4/2015,0.14,2.29,13.5,38.45,24.95,100.65,25.36,62.46,22.49,1
6/5/2015,3.21,1.96,10.14,36.48,26.34,100.59,23.96,65.13,23.24,1
6/6/2015,0.09,1.2,8.41,34.89,26.48,100.58,19.28,66.87,23.27,1
6/7/2015,0.03,2.15,7.96,34.84,26.88,100.67,18.01,68,23.37,1
6/8/2015,0.1,2.32,9.94,36.26,26.32,100.65,21.35,63.99,22.88,1
6/9/2015,0.01,1.76,10.84,37.29,26.45,100.62,24.74,61.1,22.51,1
6/10/2015,0.13,2.92,10.27,37.27,27,100.62,24.88,60.31,22.46,1
6/11/2015,0.02,2.67,9.71,36.32,26.61,100.64,23.45,59.84,22.28,1
6/12/2015,0.31,2.39,10.15,37.35,27.2,100.64,20.41,59.38,22.14,1
6/13/2015,1.57,1.47,9.57,36.43,26.86,100.65,21.53,62.43,22.4,1
6/14/2015,4.53,1.6,6.36,32.5,26.14,100.64,21.26,75.71,23.49,1
6/15/2015,1.98,2.34,7.1,32.59,25.49,100.66,21.59,75.55,23.16,1
6/16/2015,3.6,2.49,6.07,30.83,24.76,100.6,13.59,81.7,23.96,1
6/17/2015,14.79,3.02,7.41,32.21,24.8,100.58,17.39,81.07,23.71,1
6/18/2015,1.55,3.01,8.11,32.67,24.56,100.56,18.88,76.08,23.1,1
6/19/2015,0.38,2.93,10.88,35.77,24.89,100.56,17.58,68.2,22.44,1
6/20/2015,8.44,2.83,6.31,31.41,25.1,100.63,15.18,79.36,23.77,1
6/21/2015,13.21,3.06,5.03,29.66,24.63,100.65,16.51,84.75,23.64,1
6/22/2015,3.34,3.35,7.4,32.05,24.65,100.6,14,79.04,23.56,1
6/23/2015,9.27,3.3,7.19,31.96,24.77,100.68,12.49,77.11,22.93,1
6/24/2015,8.35,3.52,8.77,33.14,24.37,100.74,10.83,76.69,23.18,1
6/25/2015,5.03,2.95,6.05,30.63,24.58,100.81,13.89,80.9,23.42,1
6/26/2015,2.34,2.88,8.15,31.75,23.6,100.85,16.69,78.16,22.58,1
6/27/2015,0.51,2.61,11.93,35.61,23.68,100.95,21.32,69.89,22.06,1
6/28/2015,2.24,2.5,12.69,36.25,23.56,101.08,24.8,70.06,22.74,1
6/29/2015,0.16,2.9,9.77,35,25.23,101.04,24.24,70.83,23.1,1
6/30/2015,0,2.72,10.65,35.72,25.07,100.87,23.86,68.1,22.75,0
7/1/2015,0.11,3.18,11.1,36.31,25.21,100.78,21.79,68.97,22.91,1
7/2/2015,1.06,3.33,8.84,34.71,25.87,100.7,22.1,71.55,23.28,1
7/3/2015,0.17,3.46,9.81,35.74,25.93,100.55,22.12,71.01,23.61,1
7/4/2015,0.04,3.31,8.49,34.58,26.09,100.42,22.62,72.87,23.83,1
7/5/2015,1.17,3.49,7.66,33.68,26.02,100.51,21.82,72.6,23.24,1
7/6/2015,4.31,3.04,4.64,30.09,25.45,100.46,15.37,84.7,24.54,1
7/7/2015,1.89,2.76,7.26,32.37,25.11,100.43,17.5,81.12,24.16,1
7/8/2015,0.16,3.39,7.55,33.26,25.71,100.5,16.77,73.25,23.08,1
7/9/2015,0.98,2.95,6.69,32.6,25.91,100.5,11.49,74.37,23.22,1
7/10/2015,2.02,3.15,9.27,34.81,25.54,100.42,19.44,72.67,23.3,1
7/11/2015,0.31,3.55,10.7,35.9,25.2,100.4,21.31,70.73,23.37,1
7/12/2015,0.14,2.82,8.36,34.08,25.72,100.36,18.8,74.26,23.98,1
7/13/2015,1.96,3.66,9.2,35.64,26.44,100.33,18.51,70.85,23.35,1
7/14/2015,6.09,3.4,7.06,32.61,25.55,100.36,17.18,79.21,24.2,1
7/15/2015,1.1,3.6,5.48,31.48,26,100.47,11.96,80.13,24.3,1
7/16/2015,1.21,3.05,7.77,32.91,25.14,100.54,18.28,76.85,23.64,1
7/17/2015,1.43,2.71,6.07,31.44,25.37,100.65,19.39,80.46,23.98,1
7/18/2015,1.53,2.89,10.06,34.95,24.89,100.67,11.11,72.31,22.96,1
7/19/2015,2.28,3.06,8.28,33.27,24.99,100.72,12.45,75.68,22.81,1
7/20/2015,4.57,3.29,7.95,32.46,24.51,100.76,15.25,79.1,23.4,1
7/21/2015,0.42,3.08,10.63,34.94,24.31,100.93,17.33,71.89,22.78,1
7/22/2015,0.02,1.74,14.08,38.14,24.06,100.95,24.06,63.84,21.85,1
7/23/2015,0.12,1.37,8.7,34.4,25.7,100.96,22.79,68.95,23,1
7/24/2015,0,1.79,13.79,38.69,24.9,100.87,25.49,60.34,21.2,0
7/25/2015,0.02,2.37,10.28,35.58,25.3,100.84,17.59,65.67,21.82,1
7/26/2015,0.56,2.83,9.55,34.56,25.01,100.96,18.67,69.91,22.46,1
7/27/2015,0.33,1.8,10.16,34.55,24.39,101.03,17.97,68.12,22.01,1
7/28/2015,0.07,1.72,11.6,36.69,25.09,101,17.2,62.97,21.54,1
7/29/2015,0.08,0.76,9.12,34.7,25.58,100.99,18.8,64.59,21.86,1
7/30/2015,5.09,1.42,6.71,32.96,26.25,100.96,14.75,69.5,22.6,1
7/31/2015,1.98,1.43,6.05,30.76,24.71,100.94,18.23,77.3,22.97,1
8/1/2015,17.98,1.37,9.31,33.79,24.48,100.89,19.69,71.51,22.49,1
8/2/2015,27.58,1.42,8.54,32.36,23.82,100.86,19.6,79.73,23.53,1
8/3/2015,1.93,2.05,9.02,33.6,24.58,100.84,21.7,76.06,23.05,1
8/4/2015,1.77,2,5,30.02,25.02,100.79,20.22,81.4,23.48,1
8/5/2015,12.82,2.64,6.34,30.5,24.16,100.6,18.74,83.59,23.77,1
8/6/2015,2.57,2.79,5.91,30.5,24.59,100.46,18.47,84.19,23.98,1
8/7/2015,13.39,2.13,4.57,29.08,24.51,100.5,19.88,88.18,24.32,1
8/8/2015,16.21,2.29,7.68,31.83,24.15,100.47,16.39,84.31,23.9,1
8/9/2015,5.28,2.51,5.62,30.14,24.52,100.41,13.61,83.75,23.43,1
8/10/2015,9.04,2.4,6.82,31.37,24.55,100.5,18.71,84.13,24.14,1
8/11/2015,1.68,2.5,6.29,30.6,24.31,100.65,14.1,85.74,24.32,1
8/12/2015,1.85,1.91,7.07,32.02,24.95,100.76,19.45,83.77,24.79,1
8/13/2015,1.36,1.83,9.19,33.92,24.73,100.74,21.59,78.62,24.43,1
8/14/2015,33.61,2.26,8.39,33.31,24.92,100.78,21.08,80.78,24.68,1
8/15/2015,65.96,1.63,5.64,30.48,24.84,100.9,22.25,88.33,25.28,1
8/16/2015,20.47,1.45,6.98,31.62,24.64,100.9,22.02,85.63,25.16,1
8/17/2015,0.52,1.51,5.35,30.42,25.07,100.87,18.72,85.92,24.86,1
8/18/2015,3.96,1.3,7.53,32.43,24.9,100.77,22.99,82.51,24.96,1
8/19/2015,5.82,1.9,7.12,32.33,25.21,100.71,20.96,84.72,25.23,1
8/20/2015,3.94,2.34,5.94,30.51,24.57,100.69,21.97,89.21,25.18,1
8/21/2015,0.42,1.93,6.15,30.74,24.59,100.67,21.4,87.35,25.01,1
8/22/2015,0.24,2.69,6.46,30.91,24.45,100.69,22.23,85.93,24.49,1
8/23/2015,1.78,2.99,7.13,31.5,24.37,100.68,18.69,84.42,24.18,1
8/24/2015,5.19,2.78,6.75,31.09,24.34,100.7,17.48,86.01,24.45,1
8/25/2015,20.16,2.75,5.07,29.42,24.35,100.71,19.49,89.52,24.59,1
8/26/2015,2.13,2.58,5.45,29.6,24.15,100.88,13.72,88.41,24.1,1
8/27/2015,0.34,2.06,6.48,29.93,23.45,100.93,18.52,82.99,23.11,1
8/28/2015,1.14,1.77,7.35,30.8,23.45,100.84,19.11,84.78,24,1
8/29/2015,0.61,2.22,7.32,31.39,24.07,100.75,18.77,85.84,24.69,1
8/30/2015,1.63,2.48,6.73,31.27,24.54,100.83,19.24,85.88,24.84,1
8/31/2015,7.26,2.32,5.8,30.3,24.5,100.87,18.47,88.21,24.87,1
9/1/2015,5.03,2.04,6.14,30.29,24.15,100.8,19.86,87.22,24.51,1
9/2/2015,1.02,1.61,7.38,30.95,23.57,100.82,18.44,85.86,24.61,1
9/3/2015,1.02,1.71,7.28,31.68,24.4,100.9,19.67,83.34,24.68,1
9/4/2015,0.56,1.71,7.82,32.53,24.71,101.01,21.03,81.53,24.78,1
9/5/2015,0.05,1.73,7.87,32.53,24.66,101,23.26,82.08,24.62,1
9/6/2015,0.18,1.64,9.08,33.43,24.35,100.96,23.13,79.15,24.35,1
9/7/2015,6.2,1.61,7.66,32.75,25.09,100.8,23.86,80.09,24.62,1
9/8/2015,19.59,1.29,4.64,29.43,24.79,100.74,19.97,89.71,25.19,1
9/9/2015,21.41,2.35,4.28,28.99,24.71,100.76,13.87,90.21,24.7,1
9/10/2015,6.09,2.12,6.35,30.18,23.83,100.9,18.47,86.86,24.21,1
9/11/2015,0.97,1.73,7.62,31.31,23.69,100.86,20.5,83.8,24.18,1
9/12/2015,2.14,1.82,5.98,30.1,24.12,100.83,17.47,87.84,24.58,1
9/13/2015,2.45,1.85,7.15,31.32,24.17,100.79,13.89,87.31,24.95,1
9/14/2015,5.4,2.37,4.93,29.33,24.4,100.62,18.38,89.04,24.45,1
9/15/2015,9.41,3.02,4.82,28.31,23.49,100.43,14.91,90.7,24.12,1
9/16/2015,9.03,3.23,6.54,29.86,23.32,100.32,11.44,88.99,24.11,1
9/17/2015,11.3,4.11,4.34,28.68,24.34,100.71,9.62,89.8,24.3,1
9/18/2015,8.2,2.09,4.53,28.72,24.19,101.15,12.21,89.42,24.17,1
9/19/2015,0.01,1.17,9.79,32.85,23.06,100.97,21.36,82.12,24.07,1
9/20/2015,0.04,1.58,6.98,31.56,24.58,100.8,23.29,85.43,24.86,1
9/21/2015,0.89,1.28,7.94,32.67,24.73,100.63,12.19,81.97,25.06,1
9/22/2015,1,1.36,6.1,31.71,25.61,100.69,19.21,84.75,25.13,1
9/23/2015,0.57,1.74,6.16,30.86,24.7,100.78,19.71,86.44,24.81,1
9/24/2015,0.01,2.51,7.74,31.8,24.06,100.74,21.22,85.03,24.6,1
9/25/2015,0.67,2.48,6.99,31.07,24.08,100.62,19.4,87.06,24.7,1
9/26/2015,0.95,2.26,4.83,29.79,24.96,100.59,20.67,89.4,24.92,1
9/27/2015,8.05,1.52,6.3,30.53,24.23,100.63,19.21,86.96,24.64,1
9/28/2015,9.28,1.96,6.22,30.46,24.24,100.66,18.5,87.92,24.82,1
9/29/2015,0.46,2.05,7.88,31.95,24.07,100.73,20.71,84.07,24.39,1
9/30/2015,1.1,1.48,8.21,32.15,23.94,100.9,20.2,83.18,24.25,1
10/1/2015,1.07,1.47,7.7,32.22,24.52,100.98,20.5,82.49,24.49,1
10/2/2015,2.01,1.82,5.06,29.52,24.46,100.95,16.18,88.78,24.89,1
10/3/2015,5.75,2.31,3.68,28.61,24.93,100.96,14.46,91.09,24.78,1
10/4/2015,7.6,2.14,4.58,28.58,24,101.05,16.12,92.46,24.55,1
10/5/2015,0.17,1.81,6.98,30.47,23.49,101.13,15.51,85.4,23.83,1
10/6/2015,0.01,1,8.25,31.83,23.58,101.03,15.95,79.11,23.41,1
10/7/2015,1.01,1,7.93,32.25,24.32,100.97,19.62,80.4,24.4,1
10/8/2015,6.6,0.49,6.28,31.68,25.4,100.91,19.34,84.33,24.92,1
10/9/2015,23.13,0.66,5.11,30.19,25.08,100.89,18.85,86.84,24.97,1
10/10/2015,3.06,0.95,5.06,29.71,24.65,100.97,18.02,85.95,24.59,1
10/11/2015,3.96,1.2,6.61,30.88,24.27,101.05,18.19,85.14,24.41,1
10/12/2015,2.59,1.21,4.3,28.64,24.34,101.14,16.16,89.74,24.15,1
10/13/2015,3.77,0.96,7.07,30.92,23.85,101.12,20.78,84.56,24.07,1
10/14/2015,2.15,1.02,6.25,30.34,24.09,101.06,22.1,85.1,24.37,1
10/15/2015,5.64,0.94,4.8,29.67,24.87,100.98,20.05,88.17,24.76,1
10/16/2015,3.68,1.21,6.12,30.46,24.34,100.97,18.72,84.13,23.96,1
10/17/2015,2.09,1.01,8.94,31.93,22.99,100.93,21.78,79.51,23.48,1
10/18/2015,3.27,1.3,6.85,31.22,24.37,100.96,19.19,85.58,24.69,1
10/19/2015,19.79,1.7,7.03,31.42,24.39,100.89,18.96,85.9,24.86,1
10/20/2015,28.63,1.07,5.38,30.23,24.85,100.76,15.77,86.78,24.96,1
10/21/2015,0.37,0.46,6.37,31.45,25.08,100.83,17.97,80.51,24.04,1
10/22/2015,0.01,1.13,8.32,32.49,24.17,100.83,19.6,76.5,23.41,1
10/23/2015,0.37,1.6,8.64,31.98,23.34,100.84,17.44,82.78,24.13,1
10/24/2015,0.63,1.96,4.75,28.35,23.6,100.97,17.74,83.95,22.93,1
10/25/2015,0.03,1.07,8.58,31.4,22.82,101.04,18.76,76.95,22.6,1
10/26/2015,1.94,0.97,4.53,29.15,24.62,101.1,13.82,87.94,24.07,1
10/27/2015,0.57,1.66,8.27,31.91,23.64,100.99,17.91,84.08,24.39,1
10/28/2015,2.42,1.52,6.02,30.05,24.03,101.07,19.5,84.76,24.17,1
10/29/2015,0.88,0.83,7.07,31.82,24.75,101.1,20.97,77.92,23.89,1
10/30/2015,0.12,1.08,8.95,32.95,24,101.03,23.36,78.83,24.03,1
10/31/2015,1.09,1.82,7.74,32.62,24.88,101.08,23.14,81.1,24.27,1
11/1/2015,2.3,1.93,8.04,32.84,24.8,101.1,19.79,81.54,24.21,1
11/2/2015,1.7,1.72,7.27,31.06,23.79,101.08,20.23,83.72,23.74,1
11/3/2015,9.76,1.32,4.98,29.48,24.5,101.05,17.45,86.93,24.3,1
11/4/2015,4.54,2.2,5.97,30.26,24.29,100.93,20.08,87.01,24.3,1
11/5/2015,7.64,1.04,5.9,30.11,24.21,100.85,18.64,84.27,23.67,1
11/6/2015,6.95,1.79,5.13,29.19,24.06,100.87,9.11,90.43,24.47,1
11/7/2015,1.45,1.65,8.64,32.16,23.52,100.97,17,83.22,24.26,1
11/8/2015,0.88,1,5.22,29.97,24.75,101.07,16.89,86.9,24.64,1
11/9/2015,1.28,1.7,8.24,32.62,24.38,100.94,20.09,82.53,24.47,1
11/10/2015,6.45,1.57,7.97,32.74,24.77,100.85,20.36,80.2,24.1,1
11/11/2015,1.2,1.59,8.32,33.19,24.87,100.89,19.59,79.7,24.22,1
11/12/2015,5.58,1.68,7.54,32.46,24.92,101.01,17.65,83.7,24.69,1
11/13/2015,1.28,1.45,7.98,33.01,25.03,101,18.5,81.78,24.64,1
11/14/2015,0.19,1.68,8.42,33.06,24.64,100.88,20.07,80.71,24.31,1
11/15/2015,2.38,1.07,5.57,29.31,23.74,100.92,19.41,85.59,23.77,1
11/16/2015,7.15,0.99,9.33,32.73,23.4,100.88,20.43,80.65,23.8,1
11/17/2015,0.34,1.63,9.45,33.14,23.69,100.93,20.28,80.44,24,1
11/18/2015,0.36,1.71,9.17,33.17,24,100.98,19.7,78.86,23.91,1
11/19/2015,0,1.59,8.44,33.47,25.03,100.93,18.47,77.83,23.78,0
11/20/2015,0.02,1.65,8.87,33.24,24.37,100.87,20.78,76.15,23.25,1
11/21/2015,0.65,1.76,9.24,33.64,24.4,100.85,21.69,74.78,22.99,1
11/22/2015,4.55,1.19,7.76,32.74,24.98,100.86,19.22,79.45,23.79,1
11/23/2015,0,1.57,9.69,33.95,24.26,100.86,19.51,73.18,22.71,0
11/24/2015,0.32,1.79,10.56,34.76,24.2,100.81,19.81,74.13,23.29,1
11/25/2015,3.5,1.27,9.14,34.96,25.82,100.83,18.71,74.43,23.84,1
11/26/2015,0,2.07,10.04,34.87,24.83,100.87,19.69,70.37,22.63,0
11/27/2015,0,2.23,11.83,34.68,22.85,100.95,18.39,67.69,21.47,0
11/28/2015,0,1.78,10.12,34.69,24.57,101.1,15.4,70.43,22.49,0
11/29/2015,0.12,1.34,9.03,34.68,25.65,101.14,16.05,71.85,23.34,1
11/30/2015,0.3,2.11,10.95,35.83,24.88,101.03,19.22,70.55,23.09,1
12/1/2015,1.65,1.34,8.95,34.3,25.35,101.01,18.64,75.79,23.73,1
12/2/2015,2.24,1.31,10.51,35.68,25.17,101.01,20,68.42,22.3,1
12/3/2015,2.75,1.52,11.44,35.68,24.24,100.98,18.79,69.39,22.04,1
12/4/2015,0.25,1.69,10.14,34.87,24.73,100.99,19.29,71.37,22.58,1
12/5/2015,1.17,1.09,9.85,33.95,24.1,100.99,19.33,72.54,22.52,1
12/6/2015,0.01,1.57,10.98,35.6,24.62,101,19.84,66.93,22.29,1
12/7/2015,0,2.11,10.13,35.76,25.63,101.07,18.89,63.38,21.6,0
12/8/2015,0.01,2.23,11.11,36.25,25.14,101,18.94,63.65,21.92,1
12/9/2015,0.07,1.33,9.47,35.32,25.85,101.03,19.1,70.25,23.31,1
12/10/2015,0.35,1.24,10.85,36.47,25.62,100.92,19.46,68.36,23.01,1
12/11/2015,3.37,1.33,9.34,34.86,25.52,100.88,17.61,75.48,24.08,1
12/12/2015,0.15,1.01,10.74,36.17,25.43,100.85,15.97,68.95,23.01,1
12/13/2015,0,0.86,11.66,36.32,24.66,100.88,18.64,67.17,22.53,0
12/14/2015,0,1.14,11.6,36.46,24.86,100.88,19.49,64.51,21.83,0
12/15/2015,0,1.22,12.29,37.04,24.75,100.9,18,61.39,21.24,0
12/16/2015,0,1.7,11.28,35.89,24.61,100.99,16.2,60.98,20.81,0
12/17/2015,0,3.34,11.2,34.34,23.14,101.17,18.83,52.73,16.9,0
12/18/2015,0,3.09,12.66,32.73,20.07,101.28,18.74,55.84,15.59,0
12/19/2015,0,2.71,10.63,31.59,20.96,101.33,13.46,58.61,16.87,0
12/20/2015,0.07,2.76,9.83,32.39,22.56,101.22,16.43,61.2,18.52,1
12/21/2015,0.15,2.3,7.52,31.27,23.75,101.14,13.11,68.07,20.19,1
12/22/2015,0.77,2.32,8.1,31.96,23.86,101.19,11.43,74.94,21.96,1
12/23/2015,0.05,2.18,12.09,35.86,23.77,101.11,15.3,69.25,21.92,1
12/24/2015,0,1.84,12.75,36.82,24.07,101.05,19.21,66.14,21.72,0
12/25/2015,0,2.05,13.56,36.98,23.42,101.1,18.27,62.76,20.06,0
12/26/2015,0,1.57,12.74,36.53,23.79,101.11,19.33,63.07,20.78,0
12/27/2015,0,1.81,11.82,36.79,24.97,101.27,21.34,59.4,20.44,0
12/28/2015,0,1.72,12.45,36.43,23.98,101.43,20.58,54.88,18.24,0
12/29/2015,0,1.77,13.23,36.29,23.06,101.35,21.64,51.08,16.61,0
12/30/2015,0,1.82,13.42,35.55,22.13,101.31,21.14,52.9,16.52,0
12/31/2015,0,2.41,13.39,35.81,22.42,101.3,20.53,53.17,17.29,0
1/1/2016,0,2.87,13.1,36.04,22.94,101.38,21.37,48.56,16.71,0
1/2/2016,0,1.66,13.86,36.57,22.71,101.32,21.45,50.67,17.55,0
1/3/2016,0.02,1.23,13.01,36.9,23.89,101.23,20.92,53.4,19.1,1
1/4/2016,2.23,1.77,10.57,35.03,24.46,101.25,16.78,68.12,22.13,1
1/5/2016,1.21,1.41,10.92,35.21,24.29,101.18,16.22,67.09,21.86,1
1/6/2016,3.98,1.66,10.53,34.78,24.25,101.2,15.87,68.39,21.92,1
1/7/2016,10.49,1.45,9.46,33.36,23.9,101.28,17.39,74.64,22.61,1
1/8/2016,1.98,1.38,10.16,34.08,23.92,101.2,14.57,70.64,22.03,1
1/9/2016,0,2.24,10.74,35.01,24.27,101.13,16.12,64.5,21.03,0
1/10/2016,0,1.78,12.63,36.34,23.71,101.11,17.8,62.12,20.58,0
1/11/2016,0,1.38,10.43,34.13,23.7,101.13,18.1,64.67,20.49,0
1/12/2016,0.77,1.44,12.81,35.96,23.15,101.01,17.03,64.63,21.06,1
1/13/2016,4.07,1.75,12.1,35.75,23.65,100.98,18.35,67.49,21.59,1
1/14/2016,0.04,1.1,11.9,36.36,24.46,100.94,17.57,62.42,21.46,1
1/15/2016,0.01,2,12.03,36.37,24.34,100.81,16.19,62.56,21.4,1
1/16/2016,0.04,1.86,12.11,36.84,24.73,100.8,17.4,60.42,20.95,1
1/17/2016,0.87,1.78,11.81,36.97,25.16,100.77,16.5,64.47,21.8,1
1/18/2016,0,1.08,11.06,36.71,25.65,100.77,17.97,63.3,22.2,0
1/19/2016,0.02,2.73,12.76,37.54,24.78,100.9,16.02,59.68,21.27,1
1/20/2016,0,1.64,10.43,36.04,25.61,101.08,15.38,60.84,21.49,0
1/21/2016,0,1.9,12.15,37.18,25.03,101.06,18.72,58.69,20.77,0
1/22/2016,0,1.5,13.89,37.74,23.85,101.12,20.63,54.21,19.02,0
1/23/2016,0,1.81,14.62,38.46,23.84,101.15,19.22,57.5,20.06,0
1/24/2016,0.03,4.16,10.82,35.21,24.39,101.38,18.48,49.32,16.7,1
1/25/2016,0,5.13,12.8,32.62,19.82,101.58,19.74,42.33,11.46,0
1/26/2016,0,2.99,14.19,33.98,19.79,101.39,22.39,46.12,13.86,0
1/27/2016,0,2.46,13.54,37.18,23.64,101.17,18.74,46.85,17.16,0
1/28/2016,0,0.99,12.28,37.57,25.29,101.02,20.05,51.4,19.22,0
1/29/2016,0.17,1.24,13.02,38.04,25.02,101.05,17.82,52.63,19.63,1
1/30/2016,0.72,1.78,12.56,37.5,24.94,100.97,15.96,57,20.79,1
1/31/2016,0.01,1.6,11.74,37.78,26.04,100.96,19.22,53.78,19.94,1
2/1/2016,0.03,2.07,13.12,38.67,25.55,100.96,18.65,47.29,17.8,1
2/2/2016,2.26,2.51,12.35,37.69,25.34,100.99,20.16,51.54,18.94,1
2/3/2016,2.41,2.34,12.98,36.82,23.84,101.01,21.9,49.22,17.83,1
2/4/2016,0,1.71,13.08,38.39,25.31,100.93,21.25,45.45,17.66,0
2/5/2016,0,2.38,10.51,36.49,25.98,100.88,21.62,45.49,17.34,0
2/6/2016,0.02,3.96,11.71,36.49,24.78,101.03,21.68,42.73,15.39,1
2/7/2016,0.1,4.51,12.11,33.27,21.16,101.32,22.78,39.92,11.35,1
2/8/2016,0,3.5,15.07,32.69,17.62,101.29,22.51,41.04,9.78,0
2/9/2016,0,1.98,15.52,35.51,19.99,101.11,20.68,42.1,12.61,0
2/10/2016,0,0.95,15.05,36.65,21.6,101.02,19.52,41.57,13.36,0
2/11/2016,0,1.15,14.78,37.7,22.92,100.97,19.25,46.15,16.03,0
2/12/2016,0,1.7,14.85,38.5,23.65,100.94,17.88,49.15,17.26,0
2/13/2016,0,2.22,14.21,38.19,23.98,101.01,17.74,51.7,18.65,0
2/14/2016,0,2.42,13.55,38.69,25.14,101.01,18.81,50.59,19.2,0
2/15/2016,0,2.37,14.28,38.49,24.21,101.13,20.08,51.43,18.88,0
2/16/2016,0,2.27,12.93,37.89,24.96,101.22,21.18,47.64,17.77,0
2/17/2016,0,2.42,12.65,37.8,25.15,101.24,22.3,42.5,15.07,0
2/18/2016,0,1.49,14.61,37.71,23.1,101.16,22.92,45.94,16.06,0
2/19/2016,0,1.57,14.9,38,23.1,101.19,22.97,47.72,16.88,0
2/20/2016,0,2.39,14.18,38.19,24.01,101.24,19.5,45.04,15.92,0
2/21/2016,0.01,1.78,14.49,37.81,23.32,101.23,23.62,46.85,15.86,1
2/22/2016,0,1.58,14.86,38.34,23.48,101.3,22.07,49.28,17.35,0
2/23/2016,0,2.6,14.6,39.08,24.48,101.17,22.35,46.39,17.34,0
2/24/2016,0,2.66,14.84,38.75,23.91,101.22,22.55,45.32,16.7,0
2/25/2016,0,4.21,12.12,37.58,25.46,101.35,20.54,43.87,16.94,0
2/26/2016,0,3.95,12.41,37.07,24.66,101.34,22.82,44.71,17.03,0
2/27/2016,0,3.42,12.08,37.41,25.33,101.32,24.05,40.27,15.38,0
2/28/2016,0,2.77,12.62,38.16,25.54,101.33,23.25,39.54,15.57,0
2/29/2016,0,2.51,12.41,37.91,25.5,101.28,22.14,38.6,15.12,0
3/1/2016,0,2.3,13.39,37.28,23.89,101.2,23.46,35.33,12.44,0
3/2/2016,0,1.59,14.17,37.97,23.8,101.19,21.69,39.33,14.36,0
3/3/2016,0.01,1.37,11.85,37.05,25.2,101.19,19.56,45.84,17.35,1
3/4/2016,0.17,2.25,13.05,38.71,25.66,101,20.22,46.65,18.36,1
3/5/2016,0.36,2.28,13.62,39.62,26,100.95,22.35,47.31,18.5,1
3/6/2016,5.15,2.01,13.34,38.71,25.37,100.97,22.96,51.98,19.71,1
3/7/2016,0,2.77,13.44,38.82,25.38,100.93,21.72,48.56,18.75,0
3/8/2016,0,2.07,13.59,39.2,25.61,100.82,22.64,47.17,18.12,0
3/9/2016,0,2.32,14.5,40.22,25.72,100.78,21.12,49.8,19.68,0
3/10/2016,0,2.69,13.34,40.01,26.67,100.9,21.15,50.09,19.99,0
3/11/2016,0.38,3.67,12.9,38.88,25.98,100.97,16.66,50.42,19.74,1
3/12/2016,0.07,2.84,13.58,39.41,25.83,100.94,20.92,51.49,19.86,1
3/13/2016,0,2.77,12.97,39.27,26.3,101.01,21.4,48.55,19.63,0
3/14/2016,0,2.74,13.79,40.71,26.92,100.92,21.34,45.22,18.84,0
3/15/2016,0,3.06,13.59,39.7,26.11,100.92,17.01,47.12,19.16,0
3/16/2016,0,2.66,13.32,40.07,26.75,100.86,20.36,46.29,18.95,0
3/17/2016,0,3.1,12.73,40.14,27.41,100.81,20.75,50.56,20.82,0
3/18/2016,0,3,13.12,39.96,26.84,100.79,21.29,45.81,19.02,0
3/19/2016,0,2.84,16.36,41.14,24.78,100.79,25.2,42.84,16.5,0
3/20/2016,0,3.05,15.53,41,25.47,100.81,24.68,47.09,18.81,0
3/21/2016,0,2.61,14.21,40.97,26.76,100.73,24,49.6,20.14,0
3/22/2016,0,3.04,14.14,40.93,26.79,100.63,23.03,50.05,20.07,0
3/23/2016,0,2.77,13.77,41.04,27.27,100.75,20.66,48.69,20.3,0
3/24/2016,0,2.85,13.19,41.16,27.97,100.92,21.71,46.57,19.75,0
3/25/2016,0,3.64,14.06,40,25.94,101.16,17.62,46.31,18.69,0
3/26/2016,0.04,2.53,11.5,38.15,26.65,101.23,20.01,47.46,18.76,1
3/27/2016,0.22,2.45,12.54,39.01,26.47,101.21,17.79,45.75,17.7,1
3/28/2016,0,2.35,12.03,38.32,26.29,101.22,18.25,44.28,17.6,0
3/29/2016,0,2.23,13.66,39.66,26,101.19,19.94,42.95,17.18,0
3/30/2016,0.01,3.45,14.08,39.69,25.61,101.17,22.36,45.77,17.89,1
3/31/2016,0,3.02,14.85,40.03,25.18,101,21.21,47.71,18.65,0
4/1/2016,0,2.85,13.7,40.01,26.31,100.85,20.89,46.54,19.1,0
4/2/2016,0,3.42,12.58,39.59,27.01,100.91,20.15,47.63,19.5,0
4/3/2016,0.09,2.92,13.74,39.83,26.09,100.95,21.76,49.52,20.06,1
4/4/2016,0,2.25,7.04,35.13,28.09,100.92,16.96,49.39,18.86,0
4/5/2016,0,2.18,9.97,37.18,27.21,100.85,17.11,48.58,19.11,0
4/6/2016,0,2.41,12.74,39.42,26.68,100.81,20.7,48.68,19.79,0
4/7/2016,0,2.88,13.66,40.88,27.22,100.81,21.23,47.13,19.83,0
4/8/2016,0,2.91,13.11,40.57,27.46,100.82,21.12,45.72,19.54,0
4/9/2016,0,2.66,13.13,41.26,28.13,100.81,20.08,45.86,19.79,0
4/10/2016,0,2.96,14.33,42.03,27.7,100.74,21.46,47.51,20.45,0
4/11/2016,0,3.69,14.87,42.84,27.97,100.57,21.16,47.48,20.6,0
4/12/2016,0,3.98,15.64,42.77,27.13,100.53,22.65,49.91,20.45,0
4/13/2016,0,3.76,15.73,42.42,26.69,100.5,25.19,51.36,20.57,0
4/14/2016,0.01,3.74,16.15,42.09,25.94,100.63,25.11,50.38,19.73,1
4/15/2016,0.04,3.49,16.96,42.75,25.79,100.71,24.61,52,20.26,1
4/16/2016,0,3.38,15.6,42.54,26.94,100.68,24.65,50.42,20.62,0
4/17/2016,0,2.47,9.47,37.68,28.21,100.7,22.87,53.39,21.69,0
4/18/2016,0,2.44,12.01,40.3,28.29,100.77,21.23,47.25,19.75,0
4/19/2016,0.63,3.25,11.87,40.65,28.78,100.85,22.25,45.23,19.63,1
4/20/2016,0.03,2.24,12.02,40.36,28.34,100.85,22.82,45.54,20,1
4/21/2016,0.08,3.08,11.93,41.19,29.26,100.77,22,44.2,20.38,1
4/22/2016,0,2.85,9.61,38.48,28.87,100.73,20.14,47.06,20.08,0
4/23/2016,0,3.36,13.51,41.74,28.23,100.6,23.56,44.44,19.48,0
4/24/2016,0,2.88,14.22,42.06,27.84,100.55,24.13,44.21,19.16,0
4/25/2016,0,2.84,13.08,41.39,28.31,100.64,23.21,45.63,20.32,0
4/26/2016,0,3.02,12,41.02,29.02,100.68,21.63,47.13,21.22,0
4/27/2016,0,3.3,11.91,40.99,29.08,100.53,21.59,46.52,20.82,0
4/28/2016,0.01,3.02,11.39,40.42,29.03,100.57,19.34,47.61,21.25,1
4/29/2016,1.08,1.81,6.64,36.25,29.61,100.75,16.96,52.71,21.79,1
4/30/2016,5.84,1.7,4.53,30.88,26.35,100.85,13.79,63.68,21.3,1
5/1/2016,0,1.22,13.82,39.52,25.7,100.73,19.8,52.1,20.38,0
5/2/2016,0.2,2.49,11.51,40.13,28.62,100.71,19.38,50.82,21.85,1
5/3/2016,0,2.12,12.67,41.56,28.89,100.66,23.66,46.75,20.78,0
5/4/2016,0.01,1.95,11.46,41.3,29.84,100.67,20.92,43.73,20.38,1
5/5/2016,0.02,2.77,12.22,42.18,29.96,100.62,22.67,43.13,20.59,1
5/6/2016,0.76,1.76,4.38,33.94,29.56,100.72,19.09,58.75,22.55,1
5/7/2016,0,2.02,10.12,38.61,28.49,100.63,20.83,51.26,21.07,0
5/8/2016,0.04,2.58,12,41.33,29.33,100.67,22.69,46.85,21.07,1
5/9/2016,0.39,1.95,6.25,36.1,29.85,100.76,20.18,55.56,22.22,1
5/10/2016,0.28,1.72,8.85,37.63,28.78,100.66,20.18,52.52,22.01,1
5/11/2016,0.34,2.49,8.86,38.41,29.55,100.49,20.34,52.68,22.54,1
5/12/2016,0.53,2.25,7.08,36.13,29.05,100.5,17.02,58.52,23.05,1
5/13/2016,0,2.78,12.03,40.89,28.86,100.57,17.47,49.58,21.09,0
5/14/2016,0.01,1.75,13.27,41.97,28.7,100.69,17.45,46.6,21.24,1
5/15/2016,1.01,2.04,7.13,37.15,30.02,100.72,19.56,54.8,22.87,1
5/16/2016,8.17,1.62,5.73,32.12,26.39,100.69,19.22,76.06,24.48,1
5/17/2016,0.33,2.01,9.42,35.2,25.78,100.7,18.48,67.48,23.22,1
5/18/2016,2.73,2.31,7.53,34.22,26.69,100.73,17.57,71.65,23.89,1
5/19/2016,57.58,1.2,5.78,32.28,26.5,100.68,22.63,79.03,25.12,1
5/20/2016,0.3,2.05,9.17,35.68,26.51,100.56,18.7,71.77,24.16,1
5/21/2016,3.9,1.92,8.81,35.35,26.54,100.65,20.05,72.35,24.54,1
5/22/2016,0.82,2.11,7.8,34.22,26.42,100.68,11.55,72.84,24.03,1
5/23/2016,0.42,1.99,7.19,33.29,26.1,100.69,19.38,76.89,24.37,1
5/24/2016,2.33,3.18,5,31,26,100.54,16.09,83.69,24.97,1
5/25/2016,2.71,2.74,5.97,31.98,26.01,100.5,9,82.28,24.99,1
5/26/2016,2.66,3.17,6.76,32.67,25.91,100.54,15.93,78.9,24.78,1
5/27/2016,28.09,3,4.14,30.3,26.16,100.68,14.88,89.08,25.74,1
5/28/2016,1.67,2.81,4.53,30.55,26.02,100.68,19.96,87.32,25.28,1
5/29/2016,1.37,2.59,5.35,30.95,25.6,100.61,14.52,84.52,24.89,1
5/30/2016,0.43,2.31,5.58,30.98,25.4,100.71,19.64,83.05,24.53,1
5/31/2016,0.04,2.11,8.27,33.32,25.05,100.82,23.51,77.38,24.2,1
6/1/2016,0.2,2.59,7.43,32.66,25.23,100.86,20.91,77.64,24.12,1
6/2/2016,0.08,2.74,9.7,35.1,25.4,100.73,22.88,74.38,24.2,1
6/3/2016,0.64,2.72,6.99,32.75,25.76,100.79,18.94,80.85,24.94,1
6/4/2016,0.13,2.45,6.67,32.04,25.37,100.81,23.48,78.6,24.22,1
6/5/2016,0.18,2.32,9.61,34.72,25.11,100.78,23.61,74.48,24.22,1
6/6/2016,0.07,2.08,7.09,33.07,25.98,100.85,19.99,76.08,23.98,1
6/7/2016,0.06,2.12,6.38,32.1,25.72,100.86,22.25,76.46,24.03,1
6/8/2016,0.02,2.11,9.75,34.8,25.05,100.79,16.43,72.77,23.5,1
6/9/2016,0,2.22,9.33,34.41,25.08,100.77,22.24,71.33,23.51,0
6/10/2016,0,1.93,11.34,36.98,25.64,100.7,22.39,68.3,23.84,0
6/11/2016,0.01,1.77,9.43,36.01,26.58,100.71,20.08,67.19,23.53,1
6/12/2016,0.01,2.67,9.05,35.26,26.21,100.75,19.76,68.59,23.33,1
6/13/2016,0.04,2.88,8.83,34.68,25.85,100.73,23.18,69.25,23.28,1
6/14/2016,0.07,2.95,7.36,33.61,26.25,100.66,21.34,73.33,23.87,1
6/15/2016,0.69,2.88,5.53,31.49,25.96,100.62,20.67,80.67,24.38,1
6/16/2016,1.14,2.06,6.56,31.9,25.34,100.64,17.31,78.79,23.96,1
6/17/2016,0,1.26,9.53,34.68,25.15,100.68,20.54,69.05,22.67,0
6/18/2016,0.13,1.68,8.08,34.17,26.09,100.77,23.57,66.75,22.69,1
6/19/2016,1.87,0.99,6.56,32.68,26.12,100.72,13.5,74.34,23.3,1
6/20/2016,4.07,1.27,7.81,33.02,25.21,100.62,16.64,76.39,23.22,1
6/21/2016,7.55,1.63,7.29,32.03,24.74,100.58,20.35,79.94,23.8,1
6/22/2016,0.77,2.4,7.51,32.38,24.87,100.6,18.69,79.07,23.76,1
6/23/2016,2.1,2.94,6.08,31.31,25.23,100.64,18.46,82.1,23.99,1
6/24/2016,2.11,2.84,6.84,31.48,24.64,100.68,18.34,80.77,23.68,1
6/25/2016,1.57,2.28,6.55,30.97,24.42,100.76,18.78,80.87,23.7,1
6/26/2016,0.99,2.78,5.27,30,24.73,100.74,16.75,80.67,23.27,1
6/27/2016,3.48,2.89,5.36,29.53,24.17,100.6,11.87,86.16,23.76,1
6/28/2016,13.06,3.63,7.57,31.87,24.3,100.55,13.81,85.62,24.14,1
6/29/2016,1.86,3.68,6.33,30.42,24.09,100.77,15.68,82.78,23.32,1
6/30/2016,0.86,3.2,7.45,31.98,24.53,100.81,15.55,79.21,23.58,1
7/1/2016,0.22,2.6,11,35.22,24.22,100.73,15,70.88,23,1
7/2/2016,4.43,2.48,9.34,34.12,24.78,100.87,17.91,73.25,23.07,1
7/3/2016,0,1.88,12.93,37.05,24.12,100.88,22.68,65.35,21.63,0
7/4/2016,0.44,1.83,13.14,37.3,24.16,100.7,22.43,64.79,22.39,1
7/5/2016,0.84,2.63,10.62,35.8,25.18,100.64,15.52,65.61,21.68,1
7/6/2016,2.23,2.23,9.9,33.81,23.91,100.67,17.26,70.8,21.76,1
7/7/2016,1.61,2.38,5.58,30.64,25.06,100.66,19.14,79.69,23.43,1
7/8/2016,0.64,3.04,6.26,31.04,24.78,100.63,16.99,79.53,23.58,1
7/9/2016,1.26,2.91,6.64,31.91,25.27,100.64,17.84,77.11,23.37,1
7/10/2016,2.66,3.22,8.33,33.62,25.29,100.56,12.05,76.2,23.43,1
7/11/2016,1.44,3.27,5.56,30.87,25.31,100.62,17.73,80.37,23.81,1
7/12/2016,3.66,2.36,10.3,34.43,24.13,100.61,16.72,75.26,23.37,1
7/13/2016,0.03,3.24,8.69,34.11,25.42,100.56,19.78,73.78,23.71,1
7/14/2016,0.23,2.86,8.76,34.31,25.55,100.57,18.07,76.49,24.3,1
7/15/2016,0.02,2.2,8.05,33.29,25.24,100.68,24.03,75.49,23.9,1
7/16/2016,0.11,1.34,6.52,32.44,25.92,100.79,21.89,73.59,23.69,1
7/17/2016,0.02,1.14,8.18,34.05,25.87,100.77,22.15,70.71,23.43,1
7/18/2016,0.66,1.3,8.75,35.2,26.45,100.6,14.56,71.63,23.95,1
7/19/2016,0.85,2.42,8.35,34.12,25.77,100.58,22.52,75.5,23.99,1
7/20/2016,0.16,2.46,6.73,32.2,25.47,100.65,18.01,78.67,24.13,1
7/21/2016,0.02,2.84,10.38,35.32,24.94,100.77,20.72,70.1,22.9,1
7/22/2016,0.05,2.07,11.13,36.06,24.93,100.78,21.05,67.8,22.61,1
7/23/2016,0.46,2.21,9.7,35.25,25.55,100.77,18.92,69.1,22.53,1
7/24/2016,0.02,1.96,12.23,37.03,24.8,100.7,23.92,63.56,22.2,1
7/25/2016,0.21,2.26,9.01,35.16,26.15,100.71,22.91,65.3,22.49,1
7/26/2016,0.59,2.75,8.56,34.58,26.02,100.68,14.53,66.55,21.77,1
7/27/2016,0.09,3.03,8.11,32.95,24.84,100.63,17.3,69.94,22.2,1
7/28/2016,1.01,3.68,10.43,35.11,24.68,100.62,19.25,69.99,22.53,1
7/29/2016,0.78,3.18,8.01,32.84,24.83,100.72,18.25,71.49,22.46,1
7/30/2016,0.6,2.26,9.03,34.17,25.14,100.73,20.84,65.14,21.62,1
7/31/2016,0.07,2.81,11.5,36.34,24.84,100.6,21.16,60.8,20.9,1
8/1/2016,0.46,2.41,10.16,36.05,25.89,100.43,23.73,63.45,21.85,1
8/2/2016,1.23,3.01,5.58,30.32,24.74,100.39,17.65,78.94,23.29,1
8/3/2016,2.89,2.8,5.84,30.21,24.37,100.34,18.49,84.14,23.72,1
8/4/2016,1.06,2.82,7.08,31.8,24.72,100.58,14.32,79.44,23.39,1
8/5/2016,0.43,2.63,7.82,32.63,24.81,100.69,18.32,72.41,22.64,1
8/6/2016,1.02,2.57,8.9,34.09,25.19,100.67,20.04,72.6,22.89,1
8/7/2016,0.21,3.64,7.74,32.63,24.89,100.66,20.76,73.4,22.84,1
8/8/2016,0.52,3.86,11.18,36.3,25.12,100.68,18.41,64.9,21.86,1
8/9/2016,0.18,3.59,11.38,36.3,24.92,100.58,21.9,65.98,22.54,1
8/10/2016,1.67,3.58,7.61,33.64,26.03,100.57,20.23,68.31,22.29,1
8/11/2016,6.23,3.14,6.93,32.21,25.28,100.61,13.97,75.26,22.92,1
8/12/2016,0.08,3.52,9.93,34.78,24.85,100.57,18.67,69.78,22.53,1
8/13/2016,0.47,4.11,8.11,33.38,25.27,100.49,15.25,71.01,22.89,1
8/14/2016,0.31,4.14,8.3,34.21,25.91,100.37,18.68,68.86,22.92,1
8/15/2016,0.59,4.45,7.79,33.73,25.94,100.35,18.15,69.3,22.7,1
8/16/2016,0.07,3.91,10.73,35.77,25.04,100.4,21.37,64.62,22.12,1
8/17/2016,0,3.77,11.08,36.92,25.84,100.39,18.18,64.43,22.62,0
8/18/2016,0.03,4.02,7.14,33.73,26.59,100.28,18.27,70.66,23.56,1
8/19/2016,0.32,4.5,7.95,34.19,26.24,100.25,15.12,71.37,23.52,1
8/20/2016,0.01,3.67,9.65,35.56,25.91,100.45,18.48,66.7,22.85,1
8/21/2016,0.01,2.66,14.2,39.55,25.35,100.4,22.09,59.4,22.04,1
8/22/2016,0.76,3.14,10.08,36.84,26.76,100.33,20.91,64.89,22.89,1
8/23/2016,1.47,2.62,8.97,34.98,26.01,100.32,16.6,70.82,23.56,1
8/24/2016,0.04,2.57,7.19,34.07,26.88,100.26,12.73,67.51,22.97,1
8/25/2016,0.13,3.1,11.38,37.34,25.96,100.42,19.42,67.53,23.13,1
8/26/2016,0.42,2.86,9.88,35.8,25.92,100.57,21.67,66.94,22.69,1
8/27/2016,0.11,2.72,8.66,35.07,26.41,100.7,22.83,67.47,23.03,1
8/28/2016,2.11,1.81,6.98,33.75,26.77,100.69,18.58,70.35,23.36,1
8/29/2016,0.86,2.9,8.77,34.58,25.81,100.63,19.25,71.24,23.23,1
8/30/2016,0.19,2.98,8.23,34.03,25.8,100.76,19.06,72.69,23.47,1
8/31/2016,0.03,2.04,9.69,35.28,25.59,100.85,22.63,68.22,23.05,1
9/1/2016,0.08,2.3,12.81,38.84,26.03,100.71,21.24,56.59,21.18,1
9/2/2016,0.7,3.09,7.38,34.26,26.88,100.64,20.02,64.2,22.25,1
9/3/2016,0.06,3.06,13.23,39.06,25.83,100.63,18.07,56.69,20.88,1
9/4/2016,0.44,2.86,10.26,36.48,26.22,100.66,18.81,62,22.37,1
9/5/2016,0.4,2.66,7.37,34.12,26.75,100.68,16.82,64.55,22.39,1
9/6/2016,0.97,3.13,8.67,34.61,25.94,100.68,17.53,67.59,22.75,1
9/7/2016,1.31,3.51,7.64,33.66,26.02,100.72,18.43,75.72,23.95,1
9/8/2016,1.22,3.56,6.85,32.5,25.65,100.82,17.73,78.36,24.2,1
9/9/2016,0.28,3.16,10.88,36.03,25.15,100.78,20.11,66.51,22.25,1
9/10/2016,1.77,2.92,9.29,34.79,25.5,100.67,19.76,68.58,22.58,1
9/11/2016,12.72,2.28,6.48,32.01,25.53,100.54,12.9,81.68,24.2,1
9/12/2016,0.8,2.87,6.14,30.88,24.74,100.59,13.44,77.75,22.56,1
9/13/2016,0.61,3.84,7.12,31.3,24.18,100.61,15.07,77.45,22.37,1
9/14/2016,0.06,3.55,12.71,36.32,23.61,100.66,15.03,65.23,21.37,1
9/15/2016,4.9,3.04,11.76,36.18,24.42,100.66,17.91,65.99,21.55,1
9/16/2016,27.11,2.73,9.21,33.26,24.05,100.6,16.47,77.35,23.28,1
9/17/2016,1.77,2.08,6.91,31.85,24.94,100.58,19.13,77.13,23.53,1
9/18/2016,0.25,1.8,7.48,32.82,25.34,100.57,16.26,74.8,23.57,1
9/19/2016,0.05,1.41,9.71,35.15,25.44,100.5,19.94,71.67,23.54,1
9/20/2016,0.61,1.06,7.55,33.24,25.69,100.56,16.89,73.06,23.59,1
9/21/2016,7.97,1.68,7.35,33,25.65,100.71,17.54,77.83,23.8,1
9/22/2016,9.83,1.36,7.93,32.74,24.81,100.68,18.23,80.32,23.81,1
9/23/2016,1.12,1.87,5.83,31.13,25.3,100.52,18.81,81.58,24.08,1
9/24/2016,0.01,2.84,10.62,34.73,24.11,100.46,19.04,74.24,23.35,1
9/25/2016,1.47,2.08,9.29,34.57,25.28,100.56,20.29,74.95,23.76,1
9/26/2016,6.74,1.52,4.64,29.63,24.99,100.63,17.5,84.13,24.05,1
9/27/2016,7.82,1.57,6.77,31.54,24.77,100.59,14.7,82.53,24.28,1
9/28/2016,8.27,2,10.68,35.07,24.39,100.52,19.92,75.8,23.57,1
9/29/2016,38.05,1.44,6.48,31.54,25.06,100.51,15.61,81.75,24.27,1
9/30/2016,0.81,1.94,7.11,31.29,24.18,100.54,14.94,81.64,23.74,1
10/1/2016,0.19,1.34,9.7,33.95,24.25,100.62,19.17,74.95,23.52,1
10/2/2016,2.45,1.51,7.62,33.47,25.85,100.61,19.88,77.75,24.36,1
10/3/2016,0.16,1.74,6.76,32.14,25.38,100.59,10.41,79.65,24.18,1
10/4/2016,0.67,1.69,8.32,32.78,24.46,100.57,17.1,79.72,23.98,1
10/5/2016,0.24,2.08,7.81,32.69,24.88,100.52,18.37,79.28,24.08,1
10/6/2016,12,2.32,7.23,31.94,24.71,100.62,18.21,80.63,23.84,1
10/7/2016,18.59,1.94,5.76,30.21,24.45,100.7,15.9,85.83,24.17,1
10/8/2016,8.12,1.68,7.38,31.47,24.09,100.79,14.88,83.63,23.96,1
10/9/2016,17.42,1.36,6.93,31.3,24.37,100.67,14.75,84.16,24.38,1
10/10/2016,25.11,1.73,3.37,27.93,24.56,100.63,9.33,90.78,24.39,1
10/11/2016,3.85,1.87,5.32,29.8,24.48,100.53,7.2,90.39,24.62,1
10/12/2016,0.34,1.53,5.11,28.66,23.55,100.5,12.43,89.38,24.12,1
10/13/2016,2.28,1.23,5.52,30.36,24.84,100.45,15.49,87.54,24.85,1
10/14/2016,0.1,0.89,7.2,31.92,24.72,100.43,17.78,83.69,24.87,1
10/15/2016,0.11,1.26,5.72,30.82,25.1,100.49,16.09,86.3,25.06,1
10/16/2016,1.03,1.77,4.25,29.32,25.07,100.47,9.87,90.15,25.06,1
10/17/2016,3.87,1.45,5.16,30.24,25.08,100.4,7.8,88.42,24.82,1
10/18/2016,4.46,2.3,7.05,31.4,24.35,100.46,15.36,85.55,24.38,1
10/19/2016,15.89,2.23,7.16,30.99,23.83,100.49,15.23,86.82,24.38,1
10/20/2016,4.62,2.43,6.02,30.57,24.55,100.49,14.92,87.36,24.54,1
10/21/2016,0.61,2.42,5.22,30.04,24.82,100.61,15.32,87.47,24.58,1
10/22/2016,4.94,1.77,7.12,31.04,23.92,100.68,13.21,85.41,24.22,1
10/23/2016,5.43,1.65,7.05,30.92,23.87,100.64,16.71,84.77,24.05,1
10/24/2016,1.54,1.32,4.24,28.36,24.12,100.61,13.9,89.01,24.04,1
10/25/2016,2.07,0.89,5.11,29.53,24.42,100.64,17.59,88.37,24.34,1
10/26/2016,8.1,2.18,5.82,30.17,24.35,100.86,14.17,89.33,24.74,1
10/27/2016,0.8,2.37,7.41,31.81,24.4,101.01,17.94,84.85,24.4,1
10/28/2016,1.57,1.43,7.74,31.45,23.71,100.95,19.9,83.62,23.89,1
10/29/2016,5.52,1.64,6.99,30.7,23.71,100.93,16.61,84.8,23.76,1
10/30/2016,5.62,1.84,7.55,30.98,23.43,100.99,16.05,84.13,23.33,1
10/31/2016,8.86,1,6.93,30.86,23.93,101,17.1,83.8,23.82,1
11/1/2016,3.94,1.44,8.71,32.9,24.19,100.9,19.38,80.39,24.04,1
11/2/2016,1.17,1.67,6.5,31.24,24.74,100.86,16.35,85,24.41,1
11/3/2016,0.05,2.82,6.37,31.31,24.94,100.86,16.79,84.07,24.08,1
11/4/2016,0.12,2.46,6.98,31.37,24.39,100.75,12.7,81.59,23.69,1
11/5/2016,2.52,1.9,6.31,30.78,24.47,100.65,13.85,80.72,23.53,1
11/6/2016,10.12,1.68,5.71,30.2,24.49,100.73,5.19,86.71,24.28,1
11/7/2016,1.67,1.45,5.65,30.56,24.91,100.85,12.26,87.96,24.89,1
11/8/2016,9.07,1.64,6.87,31.41,24.54,100.97,16.71,86.79,24.77,1
11/9/2016,13.63,1.14,4.5,29.36,24.86,101.01,18.16,90.35,25.11,1
11/10/2016,8.87,1.06,6.46,30.87,24.41,101.02,18.43,79.53,23.13,1
11/11/2016,0.42,1.83,9.7,32.5,22.8,101.01,19.74,79.25,23.15,1
11/12/2016,4.14,1.4,7.62,32.08,24.46,101.02,19.65,82.48,24.14,1
11/13/2016,29.62,1.19,6.63,31.53,24.9,100.99,18.99,83.61,24.77,1
11/14/2016,0.22,1.57,7.75,32.4,24.65,100.91,18.86,81.4,24.4,1
11/15/2016,1.96,1.59,8.31,32.63,24.32,100.88,22.01,80.19,23.7,1
11/16/2016,0.68,2.03,10.07,32.54,22.47,100.91,20.87,77.45,22.71,1
11/17/2016,0.43,1.72,8.14,32.36,24.22,100.79,17.58,80.98,24.26,1
11/18/2016,8.48,1.71,6.85,31.82,24.97,100.67,18.4,83.52,24.51,1
11/19/2016,22.68,1.4,6.68,31.2,24.52,100.67,18,83.25,24.13,1
11/20/2016,1.11,0.73,6.38,31.02,24.64,100.68,15.77,82.25,24.29,1
11/21/2016,0.51,0.71,5.03,30.16,25.13,100.65,15.23,86.17,24.7,1
11/22/2016,9.74,1.49,2.93,27.77,24.84,100.66,7.89,93.37,25.02,1
11/23/2016,0.66,1.38,6.91,30.83,23.92,100.74,15.78,87.03,24.7,1
11/24/2016,4.35,1.21,7.18,32.05,24.87,100.73,18.14,79.72,23.41,1
11/25/2016,0,0.88,7.45,30.84,23.39,100.69,19.17,78.91,23.26,0
11/26/2016,0,0.93,7.92,31.92,24,100.74,18.47,79.4,24,0
11/27/2016,0,1.78,8.34,32.14,23.8,100.84,18.01,77.09,22.97,0
11/28/2016,0.01,2.56,9.08,32.37,23.29,100.94,19.17,74.89,22,1
11/29/2016,0.12,2.66,10.53,33.2,22.67,101,19.96,74.66,22.42,1
11/30/2016,0.9,2.34,8.31,32.27,23.96,101.04,18.31,79.19,23.64,1
12/1/2016,0.93,3.16,7.75,31.92,24.17,101.06,16.77,79.31,23.25,1
12/2/2016,0.01,2.93,6.91,30.89,23.98,101.1,13.96,77.42,22.5,1
12/3/2016,0.05,2.33,7.61,31.81,24.2,101.07,15.77,79.36,23.22,1
12/4/2016,0.14,1.74,6.76,31.46,24.7,100.99,15.54,81.39,23.42,1
12/5/2016,4.64,1.71,7.97,32.06,24.09,100.93,17.02,78.51,23.22,1
12/6/2016,7.81,2.91,8.34,32.28,23.94,100.97,15.2,80.47,23.16,1
12/7/2016,0.1,2.18,8.98,31.84,22.86,100.9,13.62,77.69,22.49,1
12/8/2016,1.08,2.36,6.88,30.79,23.91,100.8,13.82,78.99,22.61,1
12/9/2016,0.01,1.78,8.72,31.67,22.95,100.7,18.56,73.09,21.42,1
12/10/2016,0,1.96,9.79,33.26,23.47,100.71,17.42,70.37,21.36,0
12/11/2016,1.12,1.66,8.42,31.48,23.06,100.67,16.2,72.24,21.54,1
12/12/2016,4.42,2.37,4.35,27.95,23.6,100.71,6.71,84.56,22.51,1
12/13/2016,0.26,3.04,6.88,30.08,23.2,100.65,11.12,79.36,22.19,1
12/14/2016,2.62,3.47,4.43,28.87,24.44,100.6,10.25,85.5,23.53,1
12/15/2016,6.12,1.91,5.3,29.55,24.25,100.84,12.53,88.52,24.21,1
12/16/2016,3.33,1.98,3.23,27.57,24.34,101.04,11.22,89.59,23.75,1
12/17/2016,0,3.03,8.8,31.44,22.64,101.12,15.86,72.76,20.74,0
12/18/2016,0,2.82,8.14,30.64,22.5,101.07,18.04,76.31,21.52,0
12/19/2016,0.19,2.22,8.63,31.94,23.31,100.93,16.26,76.84,22.46,1
12/20/2016,0.2,1.97,9.14,32.91,23.77,100.87,15.29,75.71,22.78,1
12/21/2016,0.09,1.84,10.07,34.48,24.41,100.85,18.02,71.56,22.4,1
12/22/2016,0.02,1.44,10.04,33.7,23.66,100.86,15.98,70.15,21.48,1
12/23/2016,0.13,2.01,11.83,34.2,22.37,100.84,18.69,70.99,21.61,1
12/24/2016,0,2.04,11.38,34.6,23.22,100.82,19.15,70.46,21.57,0
12/25/2016,0.17,1.75,9.25,32.5,23.25,100.91,17.17,73.81,21.54,1
12/26/2016,0.01,2.07,11.36,34.85,23.49,100.86,18.31,67.99,20.73,1
12/27/2016,0,2.87,12.37,34.51,22.14,100.89,18.11,64.64,19.47,0
12/28/2016,0,2.74,10.45,31.57,21.12,101.04,17.96,62.79,17.53,0
12/29/2016,0,3.58,9.91,31.24,21.33,101.13,15.93,60.78,17.3,0
12/30/2016,0,3.84,8.79,30.98,22.19,101.13,17.24,64.18,18.45,0
12/31/2016,0,3.1,10.39,33.2,22.81,101.06,14.28,68.24,20.44,0
1/1/2017,0.06,2.98,11.55,34.88,23.33,100.98,20.16,66.89,21.15,1
1/2/2017,0.07,2.93,12.31,35.88,23.57,100.93,19.4,64.2,20.9,1
1/3/2017,0.02,2.51,10.4,34.75,24.35,100.9,19.35,65.67,21.18,1
1/4/2017,0,2.11,10.37,33.63,23.26,100.84,14.85,65.44,20.76,0
1/5/2017,0.1,2.63,10.37,34.7,24.33,100.75,16.98,68.86,21.83,1
1/6/2017,0.19,2.15,11.2,35.33,24.13,100.65,11.9,67.59,21.43,1
1/7/2017,0.07,2.72,10.22,34.66,24.44,100.62,15.85,70.23,21.68,1
1/8/2017,0.02,2.63,11.3,35.14,23.84,100.65,13.42,70.05,21.48,1
1/9/2017,0.05,2.34,12.13,35.53,23.4,100.7,19,68.63,21.25,1
1/10/2017,0.04,1.89,12.14,36.21,24.07,100.75,18.57,65.69,21.08,1
1/11/2017,0.92,1.49,10.9,34.93,24.03,100.79,16.67,69.15,21.9,1
1/12/2017,5.73,1.51,8.69,33.35,24.66,100.7,16.01,76.7,23.09,1
1/13/2017,0.46,1.57,11.99,36.14,24.15,100.63,19.6,66.46,22.1,1
1/14/2017,5.69,2.1,7.29,32.54,25.25,100.74,16.08,72.89,22.18,1
1/15/2017,1.3,2.46,8.64,32.85,24.21,100.9,15.71,71.36,21.66,1
1/16/2017,0.08,2.63,9.38,33.45,24.07,100.85,12.52,69.82,21.62,1
1/17/2017,0.13,2.11,10.24,34.84,24.6,100.93,14.82,68.37,21.66,1
1/18/2017,0,2.68,11.94,35.58,23.64,101.11,18.96,56.1,18.48,0
1/19/2017,0.19,2.37,13.96,36.65,22.69,101.05,21.41,59.27,19.11,1
1/20/2017,1.22,2.53,11.32,35.71,24.39,101.07,16.23,63.78,20.64,1
1/21/2017,0.11,2.93,13.33,36.08,22.75,101.23,18.96,57.97,19.04,1
1/22/2017,0,3.61,10,33.85,23.85,101.27,15.72,56.93,18.69,0
1/23/2017,0,3.18,12.25,35.19,22.94,101.22,18.28,53.71,17.75,0
1/24/2017,0.25,2.67,13.21,36.5,23.29,101.18,20.49,56.14,19,1
1/25/2017,1.9,2.25,9.97,34.73,24.76,101.23,16.09,67.04,21.53,1
1/26/2017,0.04,4.02,11.43,36.25,24.82,101.17,17.93,56.09,19,1
1/27/2017,0,3.89,12.78,35.23,22.45,101.15,22.65,46.49,14.8,0
1/28/2017,0,2.07,13.73,34.6,20.87,101.07,21.38,47.22,14.69,0
1/29/2017,0,1.21,11.69,33.37,21.68,101.05,19.62,54.22,16.89,0
1/30/2017,0,1.47,13.4,35.36,21.96,100.97,19.45,56.69,17.81,0
1/31/2017,0,2.03,11.01,34.76,23.75,100.97,19.36,50.6,16.81,0
2/1/2017,0.6,2.66,13.96,36.4,22.44,100.97,19.35,56.04,18.74,1
2/2/2017,11.03,1.64,4.71,29.24,24.53,101.1,10.9,80.94,22.73,1
2/3/2017,0.04,2.88,10.29,34.08,23.79,100.97,13.01,67.48,21.03,1
2/4/2017,0,1.39,12.32,36.09,23.77,100.85,20.87,62.53,20.8,0
2/5/2017,0,1.72,11.19,36.22,25.03,100.78,21.02,59.61,20.17,0
2/6/2017,0,1.34,13.05,36.45,23.4,100.78,22.75,51.66,17.19,0
2/7/2017,0.1,1.1,14.36,35.49,21.13,100.84,20.04,57.87,17.31,1
2/8/2017,0,1.01,13.8,36.12,22.32,100.88,20.48,58.76,18.09,0
2/9/2017,0,1.76,14.24,36.16,21.92,100.89,21.56,56.76,18.21,0
2/10/2017,0.01,3.02,12.51,36.37,23.86,100.99,20.57,51.93,17.73,1
2/11/2017,0.02,3.93,13.28,35.72,22.44,101.26,23.41,48.31,15.71,1
2/12/2017,0,4.23,13.91,34.82,20.91,101.4,23.58,47.26,14.04,0
2/13/2017,0,3.29,14.8,34.8,20,101.48,24.33,47.84,14.12,0
2/14/2017,0,3.11,15.13,35.48,20.35,101.53,24.31,49.25,15.35,0
2/15/2017,0,3.88,14.3,35.89,21.59,101.41,23.88,46.38,14.96,0
2/16/2017,0,3.08,14.69,35.52,20.83,101.26,23.86,42.82,13.17,0
2/17/2017,0,1.35,13.82,35.64,21.82,101.2,21.35,48.89,15.94,0
2/18/2017,0,1.31,12.81,36.45,23.64,101.21,18.51,52.04,17.91,0
2/19/2017,0,1.77,13.18,37.19,24.01,101.01,21.13,49.12,17.46,0
2/20/2017,0,2.69,12.79,37.43,24.64,100.83,16.16,57.52,20.09,0
2/21/2017,0.49,2.5,13.59,38.28,24.69,100.92,16.18,56.73,20.5,1
2/22/2017,1.38,2.59,11.45,36.85,25.4,100.94,14.95,60.02,21.22,1
2/23/2017,0.13,2.31,10.67,36.15,25.48,100.99,13.61,59.17,21.1,1
2/24/2017,0.15,2.49,11.84,37.25,25.41,101.06,17.68,55.77,20.24,1
2/25/2017,0.37,1.38,12.35,38.16,25.81,100.93,18.82,53.64,19.93,1
2/26/2017,1.71,2.11,11.53,37.54,26.01,100.88,20.12,55.66,20.41,1
2/27/2017,0,3.34,12.98,38.15,25.17,100.98,22.19,47.64,17.84,0
2/28/2017,0.01,3.29,14.47,38.9,24.43,100.9,24.3,43.84,16.89,1
3/1/2017,0.74,3.39,13.58,38.4,24.82,100.94,22.34,46.12,17.22,1
3/2/2017,0.01,2.96,8.55,32.97,24.42,100.98,22.33,46.63,15.98,1
3/3/2017,0,1.87,14.45,37.77,23.32,100.76,23.23,43.74,15.15,0
3/4/2017,0.13,1.63,14.16,37.57,23.41,100.76,21.92,50.27,17.5,1
3/5/2017,0,2.51,13.04,36.99,23.95,100.77,19.87,54.22,19.28,0
3/6/2017,0,2.06,13.07,37.76,24.69,100.72,18.74,53.19,19.47,0
3/7/2017,0.08,3.32,12,37.41,25.41,100.79,19.14,53.42,19.6,1
3/8/2017,0,2.85,14.34,37.68,23.34,100.87,23.65,51.55,17.77,0
3/9/2017,0,3.1,13.58,37.53,23.95,100.81,21.37,53.15,18.49,0
3/10/2017,0,2.56,15.65,38.68,23.03,100.82,24.28,50.64,17.32,0
3/11/2017,0,2.67,14.86,38.82,23.96,100.87,22.58,52.27,18.44,0
3/12/2017,0,2.57,14.22,38.81,24.59,100.86,22.31,54.03,19.71,0
3/13/2017,0,2.38,13.43,39.33,25.9,100.8,21.29,50.2,19.39,0
3/14/2017,0.01,3.03,12.01,38.5,26.49,100.82,21.48,49.19,19.11,1
3/15/2017,0.07,2.6,13.35,38.8,25.45,100.76,22.43,51.15,19.76,1
3/16/2017,0.1,3.03,12.75,38.33,25.58,100.72,18.42,53.94,20.57,1
3/17/2017,0.6,3.15,10.53,36.89,26.36,100.78,17.12,55.57,20.88,1
3/18/2017,0.74,3.75,13.77,39.56,25.79,100.92,20.11,52.76,19.75,1
3/19/2017,0.05,2.4,9.58,35.54,25.96,100.99,20.98,56.46,20.85,1
3/20/2017,0,1.87,10.31,36.76,26.45,100.93,17.77,56.23,20.52,0
3/21/2017,0.96,2.25,11.67,38.65,26.98,100.81,19.29,55.69,21.43,1
3/22/2017,3.33,1.8,11.08,37.72,26.64,100.74,18.81,58.77,21.75,1
3/23/2017,0.1,3.65,13.32,39.06,25.74,100.76,20.97,53.67,20.68,1
3/24/2017,0.06,3.64,12.96,38.67,25.71,100.88,18.65,53.5,20.25,1
3/25/2017,2.77,3,10.72,36.82,26.1,100.94,17.97,57.27,20.93,1
3/26/2017,2.68,2.43,13.3,38.31,25.01,100.98,21.04,55.39,19.63,1
3/27/2017,0,1.81,12.34,38.46,26.12,101.08,22.41,50.06,19.26,0
3/28/2017,0.16,1.88,7.89,35.03,27.14,101.04,21.62,52.84,19.73,1
3/29/2017,0.81,2.04,5.77,32.22,26.45,101.12,19.76,63.61,20.88,1
3/30/2017,0.48,1.46,10.99,36.72,25.73,101.12,22.22,58.07,20.8,1
3/31/2017,0.85,1.78,11.36,37.73,26.37,101.02,22.4,57.61,21.08,1
4/1/2017,0.61,2.68,5.45,31.85,26.4,101,5.52,66.86,21.95,1
4/2/2017,1.64,2.12,10.67,35.26,24.59,101.04,13.45,60.68,20.53,1
4/3/2017,1.73,2.4,7.6,33.24,25.64,101.08,18.58,65.94,21.2,1
4/4/2017,7.61,1.58,10.03,34.7,24.67,101,19.12,71.24,22.54,1
4/5/2017,0.6,1.65,8.7,34.56,25.86,100.88,18.42,68.57,22.26,1
4/6/2017,2.14,2.32,11.16,36.25,25.09,100.77,18.88,67.75,22.25,1
4/7/2017,1.68,2.98,12.02,36.63,24.61,100.78,20.1,66.82,22.35,1
4/8/2017,0.53,2.82,13.66,38.52,24.86,100.78,23.79,62.29,22.02,1
4/9/2017,0.9,3.05,12.04,38.1,26.06,100.72,22.6,62.03,22.57,1
4/10/2017,0,3.11,11.53,37.3,25.77,100.63,21.92,63.12,22.76,0
4/11/2017,0,2.43,12.56,38.86,26.3,100.56,23.51,59.59,22.78,0
4/12/2017,0,3.36,14.54,41.28,26.74,100.59,24.15,52.76,21.24,0
4/13/2017,0.04,2.21,8.62,36.66,28.04,100.87,18.17,57.08,21.42,1
4/14/2017,0.04,2.75,12.65,39.3,26.65,100.84,22.17,50.96,19.86,1
4/15/2017,0.07,2.72,13.59,39.78,26.19,100.78,25.01,50.31,19.49,1
4/16/2017,0.57,3.1,15.24,40.88,25.64,100.76,24.11,52.22,20.21,1
4/17/2017,0.13,2.89,13.99,40.75,26.76,100.8,22.16,49.47,20.04,1
4/18/2017,1.07,2.72,12.94,39.81,26.87,100.72,21.36,52.98,21.27,1
4/19/2017,0,3.46,13.63,40.39,26.76,100.7,23.83,51.3,20.48,0
4/20/2017,0,3.43,15.54,41.88,26.34,100.69,26.61,47.58,19.49,0
4/21/2017,0.03,3.33,15.1,41.83,26.73,100.66,26.04,49.65,20.51,1
4/22/2017,0,2.31,11.26,39.69,28.43,100.67,24.61,51.4,21.16,0
4/23/2017,0.01,3.32,10.71,38.84,28.13,100.74,23.43,54.99,21.68,1
4/24/2017,0.07,3.21,10.85,38.5,27.65,100.81,20.06,54.76,21.35,1
4/25/2017,0.38,2.92,11.68,38.78,27.1,100.77,19.48,56.11,21.83,1
4/26/2017,0.02,2.42,12.94,40.44,27.5,100.73,22.56,51.32,20.78,1
4/27/2017,0.61,2.38,8.83,37.03,28.2,100.78,18.46,55.59,21.75,1
4/28/2017,3.51,2.78,10.45,37.48,27.03,100.81,20.98,59.1,22.03,1
4/29/2017,5.47,1.75,10.71,37.62,26.91,100.88,17.69,61.76,22.31,1
4/30/2017,0,2.17,9.64,36.72,27.08,100.87,21.71,59.27,22.25,0
5/1/2017,0,2.34,9.12,36.53,27.41,100.85,19.58,61.09,22.96,0
5/2/2017,0,2.63,6.48,33.94,27.46,100.85,20.97,70.46,23.95,0
5/3/2017,0.22,1.77,8.95,35.8,26.85,100.82,20.5,65.46,22.99,1
5/4/2017,13.7,1.58,6.42,33.67,27.25,100.81,19.59,69.88,23.99,1
5/5/2017,26.57,1.22,4.79,31.34,26.55,100.94,11.67,81.71,25.09,1
5/6/2017,0,1.86,8.74,34.22,25.48,101.03,20.63,72.48,23.65,0
5/7/2017,0.03,1.09,5.83,32.13,26.3,101.06,19.06,72.49,23.08,1
5/8/2017,0.13,2.04,13.19,37.49,24.3,100.82,21.75,62.15,21.85,1
5/9/2017,0.92,1.9,9.58,35.24,25.66,100.78,18.68,68.54,23.06,1
5/10/2017,8.71,2.15,5.41,31.24,25.83,100.92,19.29,78.1,23.83,1
5/11/2017,16.25,2.06,10.94,35.76,24.82,100.87,17.25,74.8,23.71,1
5/12/2017,0.17,2.41,11.3,36.44,25.14,100.75,20.35,69.3,23.31,1
5/13/2017,0.23,0.98,7.42,33.41,25.99,100.71,19.16,71.98,23.66,1
5/14/2017,1.13,1.93,9.16,34.83,25.67,100.63,20.34,71.05,23.69,1
5/15/2017,0.57,1.71,10.99,36.73,25.74,100.54,18.08,68.53,23.51,1
5/16/2017,2.44,1.23,6.14,32.69,26.55,100.55,17.73,76.01,24.43,1
5/17/2017,10.43,1.55,9.33,34.92,25.59,100.57,16.92,74.91,24.4,1
5/18/2017,20.34,2.45,7.02,33.49,26.47,100.69,18.71,81.03,25.38,1
5/19/2017,1.83,2.3,7.71,33.61,25.9,100.69,17.5,77.94,24.78,1
5/20/2017,4.72,2.27,10.56,35.93,25.37,100.5,19.03,74.85,24.54,1
5/21/2017,0.56,2.32,8.4,34.79,26.39,100.4,20.85,76.15,24.82,1
5/22/2017,0.45,2.94,7.05,33.55,26.5,100.5,19.18,79.27,25.21,1
5/23/2017,0.43,2.13,8.03,34.46,26.43,100.58,18.17,75.98,24.88,1
5/24/2017,0.5,2.14,7.79,34.41,26.62,100.54,17.11,74.89,24.49,1
5/25/2017,0.44,1.91,10.1,36.03,25.93,100.53,17.76,71.02,23.99,1
5/26/2017,1.25,2.27,9.32,35.61,26.29,100.56,16.87,72,24.09,1
5/27/2017,5.72,1.86,5.74,31.55,25.81,100.53,17.42,84.81,25.28,1
5/28/2017,1.31,1.97,5.65,31.55,25.9,100.57,19.04,81.61,24.39,1
5/29/2017,0.67,2.13,6.35,31.59,25.24,100.65,19.16,81.29,24.42,1
5/30/2017,1.05,2.27,9.42,34.53,25.11,100.71,19.83,74.47,23.85,1
5/31/2017,3.01,1.86,8.79,34.19,25.4,100.71,19.62,77.19,24.59,1
6/1/2017,0.03,2.25,6.5,32.98,26.48,100.65,22.43,75.72,24.47,1
6/2/2017,0.42,3.03,8.02,34.42,26.4,100.7,22.52,74.95,24.29,1
6/3/2017,3,2.64,9.91,35.24,25.33,100.73,16.91,73.72,24.11,1
6/4/2017,7.96,3.12,8.59,34.58,25.99,100.68,21.14,75,24.09,1
6/5/2017,17.17,3.02,7.69,33.24,25.55,100.69,20.1,79.86,24.3,1
6/6/2017,1.24,3.63,6.14,31.78,25.64,100.74,17.09,79.17,23.86,1
6/7/2017,0.97,2.96,7.88,33.09,25.21,100.79,16.16,75.98,23.23,1
6/8/2017,1.18,2.46,8.31,33.37,25.06,100.7,15.58,76.33,23.66,1
6/9/2017,0.05,2.45,10.71,35.59,24.88,100.63,22.28,71.31,23.53,1
6/10/2017,0.03,2.35,9.02,34.57,25.55,100.72,18.04,71.29,23.4,1
6/11/2017,0,2.87,8.14,33.89,25.75,100.78,18.9,71.66,23.07,0
6/12/2017,0,2.12,12.37,37.16,24.79,100.67,17.51,65.98,22.13,0
6/13/2017,0,1.53,11.07,35.72,24.65,100.71,20.96,68.84,23.15,0
6/14/2017,0.09,2.07,8.22,34.24,26.02,100.85,19.39,68.43,22.75,1
6/15/2017,0,1.21,12.66,37.6,24.94,100.76,22.4,62.91,22.06,0
6/16/2017,0,1.37,10.43,36.67,26.24,100.68,24.62,63.07,22.64,0
6/17/2017,0.01,1.83,8.83,34.97,26.14,100.54,21.34,68.37,23.45,1
6/18/2017,0.04,2.48,8.66,35.22,26.56,100.52,21.65,67.82,23.22,1
6/19/2017,0.3,2.08,10.71,36.73,26.02,100.55,21.47,64.35,22.66,1
6/20/2017,1.37,2.44,6.59,33.28,26.69,100.62,21.66,71.29,23.36,1
6/21/2017,1.37,1.81,8.6,34.21,25.61,100.61,17.85,70.99,23.37,1
6/22/2017,12.01,2.59,5.03,30.35,25.32,100.7,14.96,83.64,24.25,1
6/23/2017,0.47,1.9,7.62,31.99,24.37,100.63,18.12,78.26,23.13,1
6/24/2017,2.84,2.3,8.09,32.98,24.89,100.53,18.96,75.34,23.05,1
6/25/2017,1.54,2.02,7.81,32.52,24.71,100.62,13.18,76.1,22.99,1
6/26/2017,1.56,1.7,6.93,31.67,24.74,100.68,18.69,79.49,23.74,1
6/27/2017,5.79,1.81,8.09,33.11,25.02,100.65,22.03,77.44,23.99,1
6/28/2017,3.39,2.73,7.64,33.09,25.45,100.67,22.12,79.18,24.39,1
6/29/2017,0,2.21,6.51,31.57,25.06,100.69,20.71,79.06,23.93,0
6/30/2017,0.02,2.13,7.03,32.35,25.32,100.65,17.88,77.03,23.71,1
7/1/2017,0.21,2.51,7.85,32.9,25.05,100.7,20.46,76.68,23.83,1
7/2/2017,0.26,2.03,11.3,35.98,24.68,100.66,19.86,68.98,22.8,1
7/3/2017,0.4,1.92,9.91,35.29,25.38,100.66,18.17,68.59,22.89,1
7/4/2017,3.61,2.01,6.86,32.01,25.15,100.72,18.99,78.22,23.59,1
7/5/2017,0.71,1.81,7.87,32.3,24.43,100.78,17.24,78.8,23.57,1
7/6/2017,0.33,2.23,7.63,32.39,24.76,100.81,17.4,75.42,23.05,1
7/7/2017,0.72,1.75,8.68,33.25,24.57,100.78,18.57,75.61,23.22,1
7/8/2017,0.74,1.85,9.84,34.62,24.78,100.8,21.05,72.05,23.19,1
7/9/2017,0.7,1.19,9.85,34.89,25.04,100.79,20.01,68.53,22.9,1
7/10/2017,3.79,1.67,8.32,34.35,26.03,100.74,19.98,73.59,23.68,1
7/11/2017,17.55,2.17,7.27,32.41,25.14,100.65,18.91,81.88,24.3,1
7/12/2017,3.3,2.36,6.45,31.29,24.84,100.76,17.9,81.55,23.73,1
7/13/2017,17.84,2.31,7.44,31.71,24.27,100.73,18.26,82.52,23.97,1
7/14/2017,2.02,3.17,7.97,32.3,24.33,100.7,16.41,78.04,23.03,1
7/15/2017,2.44,3.52,7.92,32.32,24.4,100.57,12.76,78.79,23.31,1
7/16/2017,8.94,3.6,7.33,31.74,24.41,100.46,13.64,77.46,22.63,1
7/17/2017,15.53,3.41,7.52,31.39,23.87,100.6,11.55,80.62,23.13,1
7/18/2017,0.67,2.14,8.27,32.2,23.93,100.85,10.91,77.94,22.98,1
7/19/2017,3.57,2.45,6.42,30.97,24.55,100.76,15.4,80.86,23.48,1
7/20/2017,16.09,2.55,6.49,30.44,23.95,100.65,15.81,83.46,23.4,1
7/21/2017,5.1,1.99,5.82,30.11,24.29,100.74,17.47,83.9,23.59,1
7/22/2017,6.42,2.28,7.66,31.93,24.27,100.82,17.78,79.53,23.31,1
7/23/2017,0.11,2.37,8.25,32.17,23.92,100.69,18.3,79.03,23.55,1
7/24/2017,1.2,2.72,6.16,30.8,24.64,100.53,12.06,82.37,23.99,1
7/25/2017,6.18,3.87,6.15,30.74,24.59,100.4,9.85,82.37,23.45,1
7/26/2017,21.01,3.95,6.46,30.4,23.94,100.38,10.24,86.72,23.97,1
7/27/2017,1.11,3.58,7.65,31.84,24.19,100.52,15.16,81.68,23.93,1
7/28/2017,0.05,3.53,6.77,32.15,25.38,100.65,18.14,81.29,24.28,1
7/29/2017,0.01,3.16,8.54,33.48,24.94,100.61,18.98,76.76,23.81,1
7/30/2017,0,3.36,7.54,32.72,25.18,100.53,16.81,79.04,24.23,0
7/31/2017,0.01,3.16,8.65,34.01,25.36,100.57,16.3,77.66,24.34,1
8/1/2017,0.06,3.41,7.23,33.06,25.83,100.66,16.41,80.44,24.79,1
8/2/2017,0.1,3.23,7.19,32.9,25.71,100.62,19.63,79.62,24.5,1
8/3/2017,5.27,3.07,6.34,31.77,25.43,100.5,17.75,82.82,24.75,1
8/4/2017,8.99,3.07,5.27,30.86,25.59,100.43,19.19,86.73,25.08,1
8/5/2017,8.48,2.75,5.26,30.18,24.92,100.57,14.19,88.21,24.73,1
8/6/2017,7.12,1.87,7.11,31.41,24.3,100.7,16.41,84.7,24.59,1
8/7/2017,0.01,0.98,6.86,31.66,24.8,100.76,19.74,79.76,24.4,1
8/8/2017,0.05,1.92,8.03,33.23,25.2,100.8,22.37,77.54,24.24,1
8/9/2017,0,1.59,8.44,33.39,24.95,100.79,20.62,76.3,24.12,0
8/10/2017,0,1.37,7.51,32.87,25.36,100.73,22.57,77.67,24.3,0
8/11/2017,4,1.72,8.42,33.88,25.46,100.69,24,74.83,23.75,1
8/12/2017,6.37,1.78,7.47,32.85,25.38,100.72,22.65,78.19,24.22,1
8/13/2017,0.06,1.83,7.17,32.71,25.54,100.74,18.47,79.47,24.54,1
8/14/2017,0.19,2.54,7.17,32.48,25.31,100.76,21.8,79.88,24.46,1
8/15/2017,1.32,2.97,6.4,31.76,25.36,100.7,21.03,81.68,24.39,1
8/16/2017,2.38,2.53,5.56,30.92,25.36,100.58,15.68,81.52,23.88,1
8/17/2017,1.47,2.04,6.36,31.13,24.77,100.53,16.44,82.69,23.73,1
8/18/2017,1.02,2.47,5.38,29.45,24.07,100.65,13.68,81.81,22.96,1
8/19/2017,0.61,1.89,9.33,32.66,23.33,100.63,17.76,78.82,23.36,1
8/20/2017,1.75,2.34,6.77,31.03,24.26,100.62,17,83.07,23.96,1
8/21/2017,1.03,1.85,9.01,33.51,24.5,100.5,20.93,77.83,23.91,1
8/22/2017,4.61,2.48,8.42,33.04,24.62,100.5,14.76,80.59,24.04,1
8/23/2017,20.76,2.75,3.65,28.4,24.75,100.55,19.2,89.38,24.39,1
8/24/2017,2.07,2.27,8.46,32.38,23.92,100.58,20.08,81.61,24.02,1
8/25/2017,10.63,2.02,6.73,31.37,24.64,100.55,18.18,83.5,24.39,1
8/26/2017,21.86,1.88,5.4,30.17,24.77,100.38,16.67,86,24.3,1
8/27/2017,34.21,3.44,5.29,29.53,24.24,100.42,16.43,88.03,24.13,1
8/28/2017,9.36,2.93,7.38,31.26,23.88,100.6,17.04,86.3,24.35,1
8/29/2017,3.78,1.87,7.73,31.41,23.68,100.65,19.92,83.95,24.18,1
8/30/2017,12.28,1.91,8.13,32.01,23.88,100.7,21.73,83.45,24.47,1
8/31/2017,5.16,1.53,7.48,32.14,24.66,100.78,19.22,82.65,24.67,1
9/1/2017,0.04,2.19,7.44,32.57,25.13,100.76,18.92,83.56,24.99,1
9/2/2017,0,1.97,8.06,32.59,24.53,100.66,20.87,82.44,24.89,0
9/3/2017,12.41,1.9,7.18,32.61,25.43,100.65,21.8,81.59,24.68,1
9/4/2017,49.62,2.28,5.82,31.07,25.25,100.67,20.16,88.31,25.62,1
9/5/2017,0.53,2.01,6.2,31.56,25.36,100.72,24.19,85.91,25.4,1
9/6/2017,0.48,0.89,5.83,30.67,24.84,100.74,23.08,81.98,24.3,1
9/7/2017,0,1.29,6.41,31.6,25.19,100.75,22.06,83.97,25.24,0
9/8/2017,0.02,1.11,6.32,31.55,25.23,100.76,18.5,82.43,25.16,1
9/9/2017,0.83,1.54,6.2,31.45,25.25,100.72,15.82,84.81,25.3,1
9/10/2017,1.94,0.68,7.65,32.65,25,100.77,22.21,80.19,24.69,1
9/11/2017,1.9,1.99,4.59,29.67,25.08,100.84,20.7,89.44,25.14,1
9/12/2017,0,1.35,6.71,30.86,24.15,100.86,21.1,86.57,24.16,0
9/13/2017,0,1.13,7.31,31.72,24.41,100.73,21.77,82.87,24.82,0
9/14/2017,0.29,1.56,6.19,31.44,25.25,100.47,16.78,82.83,24.91,1
9/15/2017,5.46,2.89,5.39,30.68,25.29,100.45,19.01,85.28,24.55,1
9/16/2017,39.41,2.51,5.33,30.37,25.04,100.67,12.41,90.53,25.18,1
9/17/2017,0.14,1.53,6.22,30.93,24.71,100.99,20.42,86.26,24.97,1
9/18/2017,0.37,2.06,8.16,32.31,24.15,100.92,23.53,82.8,24.54,1
9/19/2017,1.07,1.45,5.69,30.62,24.93,100.78,20.61,86.31,24.87,1
9/20/2017,0.33,1.73,5.03,29.79,24.76,100.64,17.85,88.71,25.05,1
9/21/2017,1.61,2.11,4.98,29.52,24.54,100.56,17.52,88.91,24.64,1
9/22/2017,2.25,2.06,5.68,29.84,24.16,100.63,15.53,88.82,24.47,1
9/23/2017,0.7,2.7,3.96,28.19,24.23,100.68,14.33,90.45,24.43,1
9/24/2017,32.76,2.38,5.29,29.66,24.37,100.63,17,89.25,24.28,1
9/25/2017,52.64,2.42,5.49,29.75,24.26,100.61,16.83,91.55,25.18,1
9/26/2017,0.08,1.82,6.04,30.19,24.15,100.74,21.46,88.31,24.92,1
9/27/2017,0.16,1.51,6.83,31.39,24.56,100.74,18.89,84.44,24.98,1
9/28/2017,3.19,1.74,5.27,29.83,24.56,100.67,12.5,89.87,25.16,1
9/29/2017,3.62,1.41,7.79,32.12,24.33,100.72,22.04,84.26,24.8,1
9/30/2017,1.52,1.75,5.91,30.8,24.89,100.82,17.86,88.93,25.44,1
10/1/2017,0.98,1.6,5.61,30.12,24.51,100.8,16.5,88.53,24.86,1
10/2/2017,5.56,2.15,3.93,28.69,24.76,100.68,10.68,91.67,24.78,1
10/3/2017,16.89,2.45,3.41,27.58,24.17,100.74,14.47,93.06,24.23,1
10/4/2017,2.02,1.95,6.42,29.83,23.41,100.84,16.88,88.71,24.24,1
10/5/2017,0.06,0.89,7.8,31.65,23.85,100.81,20.04,82.75,24.3,1
10/6/2017,0.12,1.25,7.03,31.51,24.48,100.73,15.41,85.26,25,1
10/7/2017,0.23,1.65,5.83,29.5,23.67,100.66,15.06,82.94,23.55,1
10/8/2017,0.04,1.06,7.58,31.18,23.6,100.59,17.33,80.84,23.88,1
10/9/2017,1.99,1.31,6.55,31.45,24.9,100.41,17.92,84.01,24.74,1
10/10/2017,4.36,1.28,7.74,32.05,24.31,100.37,19.48,85.41,25.08,1
10/11/2017,1.57,1.26,4.85,30.33,25.48,100.57,18.96,86.95,25.19,1
10/12/2017,0.77,0.94,5.45,30.64,25.19,100.59,20.43,85.38,24.95,1
10/13/2017,2.34,1.14,5.09,29.93,24.84,100.51,17.27,88.69,25.07,1
10/14/2017,1.39,1.83,5.86,30.51,24.65,100.51,13.26,87.28,24.73,1
10/15/2017,0.73,1.91,3.96,28.66,24.7,100.46,14.95,91.8,24.98,1
10/16/2017,1.46,2.24,7.38,31.49,24.11,100.61,19.95,85.48,24.39,1
10/17/2017,5.03,0.85,5.08,29.47,24.39,100.72,16.27,88.46,24.49,1
10/18/2017,22.74,1.5,5.75,30.09,24.34,100.81,16.86,89.89,24.64,1
10/19/2017,1.08,2.57,6.16,30.95,24.79,100.78,16.46,87,24.59,1
10/20/2017,0.08,1.21,4.89,29.95,25.06,100.87,20.75,90.42,25.22,1
10/21/2017,0.11,1.07,7.21,31.3,24.09,100.85,20.79,83.08,24.19,1
10/22/2017,4.95,1.38,8.03,32.18,24.15,100.79,17.99,86.07,24.96,1
10/23/2017,9.28,1.83,4.42,28.81,24.39,100.91,13.17,90.68,24.44,1
10/24/2017,2.36,1.13,5.53,29.38,23.85,101.11,14.24,86.18,23.82,1
10/25/2017,0.1,1.65,7.96,31.37,23.41,101.14,20.28,83.41,23.84,1
10/26/2017,0.05,2.32,7.8,32.15,24.35,101.02,20.75,81.11,23.79,1
10/27/2017,0.39,1.71,5.98,30.6,24.62,100.87,19.68,82.48,23.79,1
10/28/2017,0.69,2.5,9.07,31.27,22.2,100.92,21.06,80.48,22.57,1
10/29/2017,0.01,3.09,9.15,31.55,22.4,100.99,21.59,78.85,22.5,1
10/30/2017,0,3.56,8.76,30.93,22.17,100.99,21.92,77.87,21.82,0
10/31/2017,0.02,3.24,8.26,30.85,22.59,100.89,15.83,82.19,22.79,1
11/1/2017,0.12,2.69,5.54,29.3,23.76,100.76,10.57,88.65,24.1,1
11/2/2017,0.73,2.71,6.59,30.72,24.13,100.66,15.33,83.83,23.83,1
11/3/2017,0,2.81,8.86,32.03,23.17,100.65,20.27,76.52,21.98,0
11/4/2017,0.41,4.02,7.65,29.9,22.25,100.45,12.33,77.93,21.34,1
11/5/2017,0.72,2.42,7.37,30.56,23.19,100.64,10.97,84.14,23.34,1
11/6/2017,0.19,1.63,7.33,31.47,24.14,100.67,15.56,84.17,24.21,1
11/7/2017,1.85,1.94,7.09,31.41,24.32,100.74,13.01,85.39,24.35,1
11/8/2017,2.58,0.87,6.9,31.6,24.7,100.71,15.77,82.94,24.34,1
11/9/2017,2.09,1.7,6.49,31.03,24.54,100.7,16.87,84.24,23.95,1
11/10/2017,8.64,1.09,7.83,32.18,24.35,100.74,18.39,82.05,23.98,1
11/11/2017,4.1,0.93,6.06,30.41,24.35,100.78,18,85.48,24.23,1
11/12/2017,0.32,1.06,6.42,30.82,24.4,100.71,15.77,82.38,23.93,1
11/13/2017,1.13,1.31,6.22,30.6,24.38,100.68,15.57,85.17,24.34,1
11/14/2017,3.71,1.62,6.15,30.5,24.35,100.78,11.63,87.63,24.02,1
11/15/2017,1.41,1.29,7.4,31.38,23.98,100.81,14.63,82.53,23.9,1
11/16/2017,5.37,2,7.8,32.32,24.52,100.84,17.74,85.45,24.99,1
11/17/2017,0.22,0.77,8,32.35,24.35,100.76,17.65,78.88,24.19,1
11/18/2017,5.95,1.3,8.2,33.43,25.23,100.62,17.29,78.62,24.69,1
11/19/2017,23.43,1.98,5.79,30.76,24.97,100.64,6.4,83.14,23.9,1
11/20/2017,19.18,2.75,6.25,30.79,24.54,100.71,10.54,87.05,24.42,1
11/21/2017,0.05,1.51,8.84,32.06,23.22,100.79,17.49,83.65,24.13,1
11/22/2017,2.79,1.26,6.63,31.54,24.91,100.69,17.17,83.48,24.64,1
11/23/2017,6.61,2.41,5.17,30.18,25.01,100.74,16.65,87.9,25.01,1
11/24/2017,0.4,3.28,7.55,31.67,24.12,100.83,16.7,83.62,24.22,1
11/25/2017,0.09,3.34,8.56,31.76,23.2,100.99,17.36,80.07,23.08,1
11/26/2017,0.69,3.3,7.97,32.54,24.57,100.95,16.62,81.51,23.83,1
11/27/2017,0.14,3.21,8.28,32.68,24.4,100.77,17.94,78.36,23.39,1
11/28/2017,0.06,2.75,8.11,32.63,24.52,100.76,17.44,79.54,23.58,1
11/29/2017,0.55,2.87,6.28,30.45,24.17,100.78,11.29,81.63,23.16,1
11/30/2017,0.03,2.68,10.36,33.45,23.09,100.75,19.42,74.72,22.08,1
12/1/2017,0.01,2.64,9.49,32.15,22.66,100.74,17.85,77.55,22.65,1
12/2/2017,3.45,2.69,8.09,32.65,24.56,100.77,17.6,79.58,23.8,1
12/3/2017,5.72,2.59,8.78,32.99,24.21,100.79,16.24,80.94,23.83,1
12/4/2017,10.93,2.06,5.7,30.25,24.55,100.76,14.12,88.21,24.65,1
12/5/2017,1.25,2.61,7.37,31.08,23.71,100.87,14.41,82.8,23.34,1
12/6/2017,0.47,1.57,8.84,31.44,22.6,100.91,20.81,77.27,21.98,1
12/7/2017,0,2.14,10.96,33.56,22.6,100.91,20.64,74.02,22.03,0
12/8/2017,0.07,2.99,8.89,32.13,23.24,101.04,17.33,72.46,21.26,1
12/9/2017,0.08,2.55,10.38,31,20.62,101.12,20.45,69.49,18.85,1
12/10/2017,0,1.94,11.09,31.3,20.21,101.13,20.92,69.71,19.05,0
12/11/2017,0,1.49,11.86,32.62,20.76,101.07,20.86,72.47,20.37,0
12/12/2017,0.01,1.32,10.25,32.76,22.51,101.07,18.77,76.12,22.13,1
12/13/2017,0.32,1.16,10.58,33.64,23.06,100.96,16.23,76.01,22.81,1
12/14/2017,0.95,1.34,9.05,33.08,24.03,100.96,12.92,78.1,23.18,1
12/15/2017,0.82,2.06,10.11,33.9,23.79,100.97,18.04,71.83,21.66,1
12/16/2017,0,3.3,10.48,33.43,22.95,101.11,20.05,67.58,20.03,0
12/17/2017,0,3.95,10,31.81,21.81,101.32,20.64,65.88,18.14,0
12/18/2017,0,3.93,11.62,29.79,18.17,101.4,21.7,60.76,14.41,0
12/19/2017,0,4.17,12.16,28.37,16.21,101.41,20.83,61.56,13.82,0
12/20/2017,0.01,3.8,10.48,27.95,17.47,101.5,17.41,58.04,13.1,1
12/21/2017,0.02,4.13,9.28,27.59,18.31,101.32,10.88,62.82,15.04,1
12/22/2017,0.23,3.62,12.52,32.7,20.18,101.01,16.48,66.87,18.66,1
12/23/2017,0.01,2.48,12.12,34.48,22.36,100.78,20.19,66.16,20.43,1
12/24/2017,0.41,3.13,12.7,35.19,22.49,100.78,20.42,65.96,20.15,1
12/25/2017,11.24,3.48,3.94,25.22,21.28,100.83,7.74,77.42,18.9,1
12/26/2017,1.13,3.5,10.63,31.24,20.61,100.85,7.15,78.76,20.96,1
12/27/2017,1.92,1.8,9.75,32.19,22.44,100.91,7.98,80.5,22.72,1
12/28/2017,0.23,1.73,10.8,34.65,23.85,100.9,17.38,73.14,22.77,1
12/29/2017,2.63,2.42,10.97,35.11,24.14,100.96,17.15,72.36,22.76,1
12/30/2017,0,3.78,11.4,35.18,23.78,100.95,19.34,64.67,20.98,0
12/31/2017,0,4.33,11.68,33.65,21.97,101,19.36,60.07,18.18,0
1/1/2018,0,2.95,12.28,33.22,20.94,100.89,20.8,62.24,17.74,0
1/2/2018,0,2.54,13.02,34.03,21.01,100.82,19.03,63.31,18.5,0
1/3/2018,0,1.7,13.8,35.68,21.88,100.73,18.69,66.46,20.57,0
1/4/2018,0,2.29,12.46,36.54,24.08,100.67,20.69,65.37,21.66,0
1/5/2018,2.66,1.98,8.17,32.88,24.71,100.66,11.93,76.77,23.41,1
1/6/2018,2.78,2.79,9.29,33.34,24.05,100.71,14.71,78.99,23.26,1
1/7/2018,0.01,2.6,11.9,35.06,23.16,100.83,16.45,72.2,22.22,1
1/8/2018,0.07,2,12.74,35.96,23.22,100.88,16.08,69.03,21.86,1
1/9/2018,1.66,1.3,9.89,33.62,23.73,100.98,16.53,74.01,23.05,1
1/10/2018,0.04,2.88,9.9,34.05,24.15,101.13,15.9,64.02,19.69,1
1/11/2018,0,3.8,12.09,33.07,20.98,101.17,21.53,58.95,17.11,0
1/12/2018,0,4.3,9.5,30.01,20.51,101.24,20.72,58.85,15.76,0
1/13/2018,0,3.69,12.65,32.22,19.57,101.17,21.66,58.01,15.49,0
1/14/2018,0.01,2.79,12.05,32.7,20.65,101.1,19.68,62.08,17.87,1
1/15/2018,0.01,2.17,12.12,34.06,21.94,100.9,17.52,62.77,19.08,1
1/16/2018,0,1.71,12.13,35.24,23.11,100.79,19.5,61.78,19.6,0
1/17/2018,0,1.29,11.2,34.41,23.21,100.77,15.22,63.67,20.09,0
1/18/2018,0.01,1.67,13.98,36.75,22.77,100.75,20.73,57.32,18.36,1
1/19/2018,21.1,1.92,9.64,33.52,23.88,100.84,13.93,73.07,21.71,1
1/20/2018,7.17,2.35,12.71,35.38,22.67,100.76,20.18,70.58,21.49,1
1/21/2018,9.74,1.89,6.05,29.97,23.92,100.74,16.68,79.03,22.25,1
1/22/2018,1.62,1.66,9.09,32.33,23.24,100.66,13.45,73.64,21.82,1
1/23/2018,2.82,1.47,8.78,32.79,24.01,100.65,12.41,75.45,22.67,1
1/24/2018,3.28,1.63,9.71,33.53,23.82,100.6,14.61,73.56,22.24,1
1/25/2018,5.29,1.13,8.57,32.4,23.83,100.61,17.71,75.57,22.62,1
1/26/2018,0.95,0.99,10.41,34.19,23.78,100.64,15.38,68.7,21.1,1
1/27/2018,0,0.87,8.85,33.16,24.31,100.69,15.43,72.76,22.49,0
1/28/2018,0.35,1.11,9.27,33.69,24.42,100.71,12.92,71.56,22.47,1
1/29/2018,12.41,1.81,8.56,32.64,24.08,100.83,8.76,80.07,23.72,1
1/30/2018,3.47,1.61,5.52,29.72,24.2,100.91,18.2,82.84,23.09,1
1/31/2018,0.16,1.88,11.13,34.09,22.96,100.96,13.9,68.33,21.04,1
2/1/2018,0.34,1.75,10.85,34.12,23.27,101.02,15.49,65.39,20.19,1
2/2/2018,1.06,2.4,12.89,33.62,20.73,101.14,18.72,65.64,18.82,1
2/3/2018,0,3.52,12.97,33.24,20.27,101.24,22.12,60.58,16.8,0
2/4/2018,0,3.04,14.48,32.72,18.24,101.29,22.89,57.21,14.86,0
2/5/2018,0,3.48,14.26,32.18,17.92,101.41,22.37,55.77,14.03,0
2/6/2018,0,2.67,12.96,30.55,17.59,101.37,23.1,59.36,13.96,0
2/7/2018,0,1.53,13.83,31.44,17.61,101.21,21.81,59.06,14.79,0
2/8/2018,0,1.26,13.52,31.67,18.15,101.12,18.68,65.78,16.86,0
2/9/2018,0,1.91,14.24,32.93,18.69,101.07,18.75,67.97,17.99,0
2/10/2018,0,1.44,13.67,33.95,20.28,101.11,17.04,67.47,19,0
2/11/2018,0.01,1.63,12.79,33.56,20.77,101.2,15.95,67.21,19.52,1
2/12/2018,1.48,3.17,13.82,35.26,21.44,101.33,22.13,56.52,17.01,1
2/13/2018,0.61,2.44,14.92,34.18,19.26,101.39,23.97,57.23,16.09,1
2/14/2018,0,1,13.86,34.77,20.91,101.32,22.25,57.68,17.46,0
2/15/2018,0,1.49,13.89,35.84,21.95,101.16,19.01,66.04,20.25,0
2/16/2018,0,1.52,14.69,37.03,22.34,100.95,18.96,64.69,20.66,0
2/17/2018,0,2.1,12.07,35.74,23.67,100.85,18.37,66.59,21.52,0
2/18/2018,0.1,1.78,12.5,35.14,22.64,100.88,20.74,66.05,21.11,1
2/19/2018,0.46,2.41,11.2,36.02,24.82,100.9,12.99,65.13,21.33,1
2/20/2018,0.43,1.95,13.8,36.5,22.7,100.82,20.9,62.76,20.26,1
2/21/2018,0.26,2.76,14.09,36.68,22.59,100.74,20.33,61.82,20,1
2/22/2018,0.13,2.25,13.8,37.39,23.59,100.73,20.22,59.14,20.18,1
2/23/2018,2.18,1.78,10.66,35.63,24.97,100.89,15.28,64.13,21.29,1
2/24/2018,0.15,1.63,12.69,37.22,24.53,101.03,22.66,57.75,19.8,1
2/25/2018,0.01,1.75,14.78,38,23.22,100.94,20.34,55.34,19.14,1
2/26/2018,0,1.85,14.55,38.33,23.78,100.88,20.76,51.76,17.42,0
2/27/2018,0,1.72,13.88,37.8,23.92,100.84,19.81,52.46,18.29,0
2/28/2018,0,2.6,12.66,37.51,24.85,100.78,18.09,57.23,20.45,0
3/1/2018,0.05,2.83,11.37,36.53,25.16,100.73,13.87,60.99,21.39,1
3/2/2018,0.11,2.35,9.6,35.1,25.5,100.73,16.6,63.08,21.62,1
3/3/2018,0.08,2.8,12.03,37.09,25.06,100.68,15.32,60.28,21.48,1
3/4/2018,0,1.89,12.96,38.13,25.17,100.71,19.34,55.54,20.5,0
3/5/2018,0,3.13,12.31,37.93,25.62,100.76,18.69,56.09,21.06,0
3/6/2018,0,2.76,12.92,38.63,25.71,100.79,20.73,53.5,20.34,0
3/7/2018,0,2.19,13.49,38.8,25.31,100.79,21.02,52.15,19.82,0
3/8/2018,0,2.24,15.26,39.69,24.43,100.8,23.23,49.66,18.25,0
3/9/2018,0.06,3.42,13.57,38.45,24.88,100.91,22.47,47.04,17.56,1
3/10/2018,0.04,3.33,13.04,36.99,23.95,101,23.54,44.36,16.44,1
3/11/2018,0.04,2.57,14.08,38.01,23.93,101,23.79,42.9,15.93,1
3/12/2018,0.06,1.3,14.29,38.69,24.4,100.96,21.73,43.17,16,1
3/13/2018,7.21,1.88,10.49,35.28,24.79,100.94,19.05,59.42,20.44,1
3/14/2018,0.02,2.96,12.85,37.17,24.32,100.85,19.22,59.17,20.64,1
3/15/2018,0.14,3.13,12.46,37.53,25.07,100.87,19.27,57.05,20.48,1
3/16/2018,1.93,2.57,10.99,36.31,25.32,100.89,19.91,62.81,21.86,1
3/17/2018,1.8,3.51,13.54,38.81,25.27,100.87,20.83,56.35,20.44,1
3/18/2018,8.3,2.34,11.71,36.54,24.83,100.97,20.11,64.07,21.93,1
3/19/2018,0.03,2.11,12.15,36.77,24.62,100.86,20.05,62.5,21.77,1
3/20/2018,0.38,2.67,11.76,37.32,25.56,100.78,20.19,59.76,21.49,1
3/21/2018,2.43,2.2,12.24,37.1,24.86,100.81,16.79,61.29,21.25,1
3/22/2018,3.61,1.34,10.41,36.11,25.7,100.71,16.05,63.12,21.57,1
3/23/2018,23.84,2.13,10.44,34.9,24.46,100.81,14.45,67.87,21.28,1
3/24/2018,0.01,1.27,13.74,37.2,23.46,100.94,24.25,59.55,20.03,1
3/25/2018,0.01,1.09,13.39,37.11,23.72,101.07,21.91,56.91,19.78,1
3/26/2018,0.21,1.55,13.71,37.49,23.78,101.03,19.77,58.05,20.13,1
3/27/2018,17.51,1.75,10.78,34.86,24.08,100.94,14.29,67.54,21.91,1
3/28/2018,8.35,2.21,10.35,34.68,24.33,100.87,19.84,72.63,22.91,1
3/29/2018,0.09,2.86,11.11,35.56,24.45,100.85,15.14,66.6,21.98,1
3/30/2018,0.43,1.55,9.81,35.22,25.41,100.83,15.87,68.12,22.75,1
3/31/2018,3.6,1.48,6.06,31.06,25,100.85,15.03,76.65,22.98,1
4/1/2018,0.13,1.03,12.33,36,23.67,100.79,14.72,64.56,21.2,1
4/2/2018,0.12,1.8,10.98,35.1,24.12,100.83,19.63,63.55,21.12,1
4/3/2018,0.05,1.94,11.12,35.96,24.84,100.81,21.44,63.86,21.57,1
4/4/2018,0.03,2.49,12.05,36.36,24.31,100.73,20.23,61.61,21.09,1
4/5/2018,0.04,2.37,11.02,35.96,24.94,100.69,19.42,61.96,21.43,1
4/6/2018,0.28,2.18,10.01,35.65,25.64,100.76,16.93,64.85,21.76,1
4/7/2018,1.2,2.95,10.56,35.37,24.81,100.94,13.74,65.76,20.98,1
4/8/2018,0,3.48,12.28,36.74,24.46,101.02,22.85,53.37,18.92,0
4/9/2018,0,1.94,14.84,38.4,23.56,100.91,26.75,50.95,18.5,0
4/10/2018,0.01,2,13.5,38.49,24.99,100.79,20.51,56.44,20.96,1
4/11/2018,1.36,2.19,13.5,38.86,25.36,100.69,22.26,58.78,21.98,1
4/12/2018,2.01,1.91,9.71,35.66,25.95,100.68,22.46,65.69,23,1
4/13/2018,0,2.31,13.52,39.45,25.93,100.68,20.39,55.9,21.58,0
4/14/2018,0.01,2.32,13.18,39.57,26.39,100.61,22.49,55,21.61,1
4/15/2018,1.28,1.71,9.2,36.44,27.24,100.67,20.21,60.81,22.58,1
4/16/2018,2.98,1.85,9.42,35.62,26.2,100.8,19.68,67.3,23.42,1
4/17/2018,1.88,2.35,6.88,32.77,25.89,100.94,16.49,72.22,22.93,1
4/18/2018,4.34,1.76,12.1,36.47,24.37,100.85,21.15,68.51,22.84,1
4/19/2018,4.22,1.9,6.78,32.74,25.96,100.78,18.81,73.56,23.15,1
4/20/2018,3.04,2.17,12.48,37.1,24.62,100.72,19.23,63.53,22.21,1
4/21/2018,14.22,2.27,11.46,36.58,25.12,100.74,19.1,69.22,23.27,1
4/22/2018,5.01,2.27,12.24,37.44,25.2,100.69,21.36,67.23,23.13,1
4/23/2018,5.57,1.59,7.67,33.73,26.06,100.63,20.98,74.61,24.5,1
4/24/2018,1.79,1.64,5.82,32.05,26.23,100.66,18.01,78.82,24.69,1
4/25/2018,0.06,0.93,5.87,31.76,25.89,100.68,19.92,77.08,24.18,1
4/26/2018,0.36,1.35,8.31,34.18,25.87,100.76,20.82,70.53,23.36,1
4/27/2018,3.49,1.38,10.42,36.03,25.61,100.85,21.34,66.76,23.23,1
4/28/2018,2.97,1.96,8.15,34.28,26.13,100.93,18.66,68.05,21.91,1
4/29/2018,16.36,1.97,12.82,37.95,25.13,100.84,17.5,66.81,22.68,1
4/30/2018,22.16,1.93,8.02,33.85,25.83,100.86,9.58,77.35,24.54,1
5/1/2018,2.35,1.05,7.68,33.37,25.69,100.91,18.95,73.87,23.59,1
5/2/2018,0.01,1.3,9.23,34.68,25.45,100.91,19.58,71.03,23.26,1
5/3/2018,1.05,0.83,8.38,33.74,25.36,100.93,20.06,70.75,23.36,1
5/4/2018,12.97,2.4,8.21,33.13,24.92,100.98,16.69,78.95,23.89,1
5/5/2018,2.41,1.86,7.61,32.37,24.76,101.01,21.08,78.82,23.9,1
5/6/2018,0.16,1.74,6.75,31.82,25.07,101,19.73,76.66,23.44,1
5/7/2018,2.47,1.82,8.9,33.63,24.73,100.81,16.4,78,24.24,1
5/8/2018,0.24,2.3,7.33,32.82,25.49,100.7,19.17,77.66,24.08,1
5/9/2018,8.31,1.98,9.99,34.77,24.78,100.82,16.12,76.11,24.01,1
5/10/2018,7.97,1.25,6.89,32.38,25.49,100.89,20.73,80.37,24.72,1
5/11/2018,2.66,1.38,8.41,33.56,25.15,100.83,19.81,75.27,24.09,1
5/12/2018,0.22,1.77,10.21,36.01,25.8,100.78,21.41,69.14,23.26,1
5/13/2018,2.11,1.65,7.08,32.47,25.39,100.82,20.14,76.49,24.18,1
5/14/2018,0.05,1.31,9.56,34.58,25.02,100.76,18.88,69.63,23.39,1
5/15/2018,0.36,1.26,7.5,33.04,25.54,100.65,20.45,73,23.79,1
5/16/2018,15.87,1.28,6.84,32.63,25.79,100.62,20.52,76.13,23.99,1
5/17/2018,15.98,1.26,8.61,33.89,25.28,100.6,21.16,75.69,24.28,1
5/18/2018,6.56,0.88,5.3,31.07,25.77,100.58,17.31,80.65,24.85,1
5/19/2018,7.64,0.99,7.38,32.89,25.51,100.54,19.95,76.71,24.32,1
5/20/2018,5.6,0.84,6.85,32.31,25.46,100.6,17.78,77.75,24.32,1
5/21/2018,10.01,1.24,5.88,31,25.12,100.64,18.68,81.96,24.68,1
5/22/2018,3.93,0.75,5.25,30.5,25.25,100.78,15.51,82.56,24.17,1
5/23/2018,6.97,1.38,8.33,32.43,24.1,100.75,20.06,81.25,24.28,1
5/24/2018,20.45,1.65,6.31,31.24,24.93,100.73,17.99,84.95,24.77,1
5/25/2018,0.26,1.16,8.55,32.98,24.43,100.64,20.71,79.9,24.38,1
5/26/2018,5.51,0.93,7.1,32.59,25.49,100.73,15.19,77.21,24.48,1
5/27/2018,1.24,1.49,6.65,32.02,25.37,100.76,22.02,82.32,25.06,1
5/28/2018,8.56,1.03,6.7,32.17,25.47,100.78,21.82,81.54,24.75,1
5/29/2018,18.3,1.36,4.67,30.21,25.54,100.82,19.09,84.05,24.62,1
5/30/2018,3.36,1.48,7.23,31.6,24.37,100.79,20.76,82.7,24.73,1
5/31/2018,3.88,0.76,6.63,32.28,25.65,100.81,19.66,81.14,24.49,1
6/1/2018,11.89,1.13,4.63,29.76,25.13,100.83,19.27,86.98,25.04,1
6/2/2018,19.7,1.97,4.61,29.56,24.95,100.69,13.03,90.3,25.2,1
6/3/2018,10.72,1.42,4.56,28.98,24.42,100.56,11.58,89.44,24.65,1
6/4/2018,8.29,2.25,4.27,28.97,24.7,100.57,14.34,88.6,24.47,1
6/5/2018,30.69,1.96,7.29,31.44,24.15,100.69,18.65,85.65,24.64,1
6/6/2018,3.56,2.14,7.71,32.14,24.43,100.68,17.14,85.58,25.24,1
6/7/2018,25.5,2.43,5.32,30.03,24.71,100.69,14.6,88.68,24.92,1
6/8/2018,29.87,2.77,5.34,29.29,23.95,100.68,14.75,89.14,24.12,1
6/9/2018,15.95,3.1,6.18,29.94,23.76,100.69,13.55,88.1,24.28,1
6/10/2018,17.98,2.47,5.41,29.9,24.49,100.81,15.31,88.05,24.63,1
6/11/2018,14.62,2.47,3.79,28.52,24.73,100.9,17.18,92.01,24.88,1
6/12/2018,1.32,1.89,5.64,29.5,23.86,100.93,17.17,87.14,24,1
6/13/2018,2.03,2.1,7.76,31.46,23.7,100.78,11.64,86.95,24.86,1
6/14/2018,0.14,2.35,6.86,31.59,24.73,100.65,21.17,85.22,24.79,1
6/15/2018,6.51,2.25,5.93,30.17,24.24,100.62,15.38,88.84,24.69,1
6/16/2018,20.72,2.9,3.51,28.62,25.11,100.58,14.2,92.15,25.21,1
6/17/2018,36.16,3.11,4.26,29.42,25.16,100.44,15.45,91.39,25.35,1
6/18/2018,18,2.99,3.27,28.13,24.86,100.42,14.65,92.87,25.12,1
6/19/2018,7.69,2.91,4.21,29.06,24.85,100.6,14.05,91.44,25.04,1
6/20/2018,9.59,2.61,4.49,29.44,24.95,100.73,20.46,92,25.55,1
6/21/2018,5.13,1.98,4.39,29.45,25.06,100.79,22.39,91.58,25.51,1
6/22/2018,0.53,1.75,5.99,30.13,24.14,100.72,21.79,88.9,25.04,1
6/23/2018,1.13,1.53,6.23,30.57,24.34,100.66,22.41,88.15,25.08,1
6/24/2018,0.41,2,7.17,31.14,23.97,100.66,21.85,86.13,24.97,1
6/25/2018,8.55,2.09,5.64,30.14,24.5,100.67,20.32,89.39,25.08,1
6/26/2018,27.66,1.66,5.29,29.49,24.2,100.75,16.68,90.23,24.81,1
6/27/2018,1.05,1.52,5.59,28.78,23.19,100.85,19.58,88.71,23.91,1
6/28/2018,0.62,1.15,7.55,31.02,23.47,100.75,21.23,84.62,24.27,1
6/29/2018,0.58,1.59,7.1,31.4,24.3,100.58,24.27,85.03,24.81,1
6/30/2018,1.92,1.86,6.82,31.45,24.63,100.59,23.86,85.61,24.84,1
7/1/2018,3.31,2.09,4.65,29.9,25.25,100.67,23.35,89.98,25.4,1
7/2/2018,3.69,2.64,4.46,29.38,24.92,100.69,21.83,91.09,25.19,1
7/3/2018,13.91,2.66,6.65,30.7,24.05,100.64,20.49,88.2,24.89,1
7/4/2018,19.77,3.46,5.12,29.46,24.34,100.64,21.45,90,24.83,1
7/5/2018,6.99,3.34,5.53,29.47,23.94,100.61,17.38,88.94,24.22,1
7/6/2018,34.84,3.36,5.34,29.19,23.85,100.5,13.51,92.25,24.77,1
7/7/2018,18.65,2.36,3.69,28.25,24.56,100.45,16.06,92.08,24.72,1
7/8/2018,7.79,1.84,5.28,29.13,23.85,100.45,16.7,87.92,24.21,1
7/9/2018,10.87,2.48,5.14,29.83,24.69,100.48,18.95,88.32,24.68,1
7/10/2018,27.08,2.18,4.84,29.07,24.23,100.48,19.08,90.12,24.85,1
7/11/2018,18.28,2.73,4.05,28.2,24.15,100.47,13.61,91.1,24.44,1
7/12/2018,2.93,3.41,5.57,29.35,23.78,100.45,13.67,89.14,23.98,1
7/13/2018,2.73,2.87,5.32,28.86,23.54,100.42,12.76,91.05,24.29,1
7/14/2018,1.57,3.2,4.65,28.65,24,100.47,10.76,90.74,24.23,1
7/15/2018,0.84,3.07,5.6,28.79,23.19,100.55,8.99,88.78,23.72,1
7/16/2018,6.48,2.65,5.05,29.18,24.13,100.48,13.58,88.6,24.18,1
7/17/2018,4.63,3.11,5.49,28.98,23.49,100.25,11.62,90.46,24.32,1
7/18/2018,3.34,3.37,4.63,29.43,24.8,100.23,7.39,92.32,25.24,1
7/19/2018,10.14,3.38,4.12,29.04,24.92,100.47,14.83,92.17,25.29,1
7/20/2018,1.32,2.56,4.62,29.78,25.16,100.6,14.71,90.98,25.5,1
7/21/2018,1.16,2.41,4.5,29.28,24.78,100.64,17.37,91.54,25.27,1
7/22/2018,0.02,3.09,5.12,30.11,24.99,100.61,14.27,89.1,24.95,1
7/23/2018,0,2.61,4.84,29.63,24.79,100.57,14.36,89.83,25.04,0
7/24/2018,0.05,2.41,4.5,29.51,25.01,100.62,17.18,90.9,25.33,1
7/25/2018,0.29,2.77,5.45,29.69,24.24,100.66,16.36,90.06,24.99,1
7/26/2018,0.51,2.44,6.81,31.28,24.47,100.65,19.59,87.24,25.01,1
7/27/2018,0.05,3.12,5.19,30.06,24.87,100.62,17.67,89.37,25.08,1
7/28/2018,1.2,2.71,6.68,30.7,24.02,100.6,15.65,88.11,24.86,1
7/29/2018,0.75,2.27,3.49,28.24,24.75,100.62,10.22,92.02,24.93,1
7/30/2018,2.65,1.97,4.88,28.85,23.97,100.68,17.51,92.09,24.85,1
7/31/2018,0.03,2.03,6.42,30.13,23.71,100.72,18.98,86.39,24.31,1
8/1/2018,0.25,2.56,6.58,30.35,23.77,100.76,22.76,85.78,23.97,1
8/2/2018,1.92,2.85,4.94,28.74,23.8,100.71,19.45,90.18,24.33,1
8/3/2018,0.22,2.97,5.47,29.65,24.18,100.67,16.16,87.49,24.01,1
8/4/2018,1.98,2.81,6.07,30.58,24.51,100.58,17.88,86.08,24.27,1
8/5/2018,6.1,2.54,3.7,27.94,24.24,100.59,16.06,91.43,24.32,1
8/6/2018,0.82,2.37,4.58,28.52,23.94,100.59,14.01,91.25,24.27,1
8/7/2018,1.99,2.28,4.64,28.33,23.69,100.49,15.4,90.13,23.87,1
8/8/2018,1.57,2.21,4.9,28.55,23.65,100.46,14.63,90.18,24.13,1
8/9/2018,3.56,2.64,4.93,28.31,23.38,100.61,10.89,89.03,23.47,1
8/10/2018,3.94,3.06,6.56,29.61,23.05,100.65,15.73,88.64,23.86,1
8/11/2018,0.46,3.1,5.56,29.52,23.96,100.58,11.99,87.73,23.98,1
8/12/2018,1.26,3.62,5.69,29.79,24.1,100.53,14.32,88.33,24.17,1
8/13/2018,0.42,3.31,6.69,30.61,23.92,100.59,10.77,86.81,24.14,1
8/14/2018,1.02,2.82,4.9,29.3,24.4,100.62,10.92,89.2,24.36,1
8/15/2018,0.03,2.9,5.92,30.26,24.34,100.68,14.68,88.11,24.54,1
8/16/2018,0.01,3.34,6.89,30.43,23.54,100.49,13.49,84.64,23.78,1
8/17/2018,0.17,3.14,6.13,30.26,24.13,100.26,15.57,86.79,24.42,1
8/18/2018,0.52,3.5,5.42,30.52,25.1,100.38,8.58,87.58,24.86,1
8/19/2018,3.9,2.82,4.89,29.62,24.73,100.61,11.04,88.49,24.69,1
8/20/2018,4.43,2.58,5.92,30.27,24.35,100.7,16.78,87.13,24.31,1
8/21/2018,1.5,2.53,6.25,29.99,23.74,100.56,20.32,88.33,24.45,1
8/22/2018,0.47,2.44,6.94,31.49,24.55,100.48,17.72,84.95,24.54,1
8/23/2018,0.08,2.92,5.19,29.83,24.64,100.63,18.03,89.14,24.8,1
8/24/2018,0.15,2.55,5.81,30.34,24.53,100.68,14.94,87.54,24.68,1
8/25/2018,0.44,2.37,6.05,30.27,24.22,100.63,13.61,86.85,24.3,1
8/26/2018,0.9,2.48,6.69,30.71,24.02,100.57,14.9,84.93,23.9,1
8/27/2018,0.59,2.46,5.55,29.63,24.08,100.74,14.7,84.99,23.53,1
8/28/2018,0.85,2.46,8.45,31.82,23.37,100.78,20.71,83.76,23.79,1
8/29/2018,1.59,2.87,7.63,30.98,23.35,100.72,18.96,83.95,23.79,1
8/30/2018,0.03,3.2,6.97,31.32,24.35,100.65,19.69,83.4,23.9,1
8/31/2018,0,2.91,8.18,32.24,24.06,100.78,23,81.02,23.79,0
9/1/2018,0.01,2.01,9.62,33.05,23.43,100.84,21.78,78.63,23.58,1
9/2/2018,0.24,1.83,7.45,31.76,24.31,100.65,21.96,82.04,24.29,1
9/3/2018,1.14,2.44,4.71,29.4,24.69,100.73,13.43,87.1,24.26,1
9/4/2018,0.46,2.41,6.36,29.83,23.47,100.82,17.58,85.6,23.47,1
9/5/2018,3.45,2.56,9.25,32.13,22.88,100.76,20.02,80.44,23.29,1
9/6/2018,5.59,2.34,9.34,32.99,23.65,100.57,22.72,78.48,23.43,1
9/7/2018,9.43,1.64,6.16,30.47,24.31,100.5,19.05,85.33,24.44,1
9/8/2018,24.18,1.77,4,28.79,24.79,100.59,15.92,89.63,24.6,1
9/9/2018,0,1.73,7.63,31.42,23.79,100.76,21.58,84.22,24.1,0
9/10/2018,0.83,1.7,6.67,30.76,24.09,100.96,18.97,85.24,24.27,1
9/11/2018,42.23,1.61,6.4,30.71,24.31,100.85,19.35,84.64,24.4,1
9/12/2018,1.26,2.03,5.1,29.76,24.66,100.7,12.5,88.02,24.48,1
9/13/2018,15.29,2.2,6.36,30.04,23.68,100.6,15.57,88.37,24.34,1
9/14/2018,8.7,2.9,5.62,29.02,23.4,100.65,15.49,88.81,23.54,1
9/15/2018,3.35,2.81,6.84,30.44,23.6,100.48,16.36,86.78,24.02,1
9/16/2018,3.32,2.83,4.53,28.58,24.05,100.35,17.35,90.29,24.41,1
9/17/2018,21.25,3.19,5.19,29.72,24.53,100.46,10.07,89.47,24.36,1
9/18/2018,0.77,2.62,4.39,28.93,24.54,100.72,14.75,89.63,24.29,1
9/19/2018,0,1.86,6.76,30.17,23.41,100.78,20.49,85.37,23.84,0
9/20/2018,3.86,1.71,6.05,30.36,24.31,100.71,21.68,88.14,24.54,1
9/21/2018,5.49,1.66,6.69,30.78,24.09,100.82,22.04,85.92,24.5,1
9/22/2018,6.5,1.5,5.15,29.43,24.28,100.97,19.79,89.02,24.31,1
9/23/2018,4.38,1.27,6.75,30.58,23.83,101.02,19.08,85.43,24.35,1
9/24/2018,0.06,0.71,5.42,30.23,24.81,100.97,18.28,84.97,24.17,1
9/25/2018,3.03,1.83,7.65,31.13,23.48,100.81,19.59,84.93,24.06,1
9/26/2018,0.05,1.46,10.22,33.18,22.96,100.71,23.04,80.93,23.91,1
9/27/2018,0.07,1.15,8.26,32.27,24.01,100.64,23.42,81.92,24.65,1
9/28/2018,0.35,1.23,6.34,31.62,25.28,100.6,19.64,82.93,25.31,1
9/29/2018,6.1,1.27,4.8,30.4,25.6,100.62,22.04,87.79,25.52,1
9/30/2018,52.94,1.47,6.29,30.78,24.49,100.66,15.41,88.28,25.23,1
10/1/2018,2.06,1.46,4.91,28.99,24.08,100.79,13.15,91.52,24.7,1
10/2/2018,0.68,1.35,5.93,29.79,23.86,100.85,19.98,88.72,24.09,1
10/3/2018,17.94,1.34,4.36,28.32,23.96,100.87,18.69,90.55,24.48,1
10/4/2018,0.99,1.33,5.99,30.63,24.64,100.86,18.71,86.63,24.57,1
10/5/2018,4.62,1.5,4.54,28.72,24.18,100.93,14.86,91.57,24.57,1
10/6/2018,3.15,1.56,7.15,31.3,24.15,100.93,19.57,84.6,24.35,1
10/7/2018,5.72,1.36,7.81,31.88,24.07,100.94,17.07,81.66,24,1
10/8/2018,1.91,1.28,8.31,32.31,24,100.86,22.15,80.36,23.85,1
10/9/2018,4.51,1.14,8.8,32.48,23.68,100.85,22.57,80.42,23.79,1
10/10/2018,0.67,1.28,9.1,32.67,23.57,100.86,22.72,81.91,24.36,1
10/11/2018,0.01,2.13,8.02,32.81,24.79,100.92,23.36,79.81,24.16,1
10/12/2018,0.06,2.15,9.2,32.79,23.59,101,22.63,78.44,23.91,1
10/13/2018,3.09,1.19,7.75,32.68,24.93,101,21.79,82.24,24.82,1
10/14/2018,7.49,1.5,7.11,31.93,24.82,101,19.99,84.5,24.81,1
10/15/2018,5.17,1.51,6.51,31.11,24.6,101.03,17.68,85.83,24.58,1
10/16/2018,0.46,1.45,6.02,30.19,24.17,101,20.09,86.94,24.54,1
10/17/2018,0.01,1.01,7.28,31.17,23.89,100.87,17.95,84.23,24.47,1
10/18/2018,4.03,1.26,4.93,30.13,25.2,100.78,18.52,85.99,24.97,1
10/19/2018,35.21,1.89,5.56,29.97,24.41,100.93,16.92,88.4,24.58,1
10/20/2018,8.4,2.18,5.37,29.34,23.97,100.97,11.65,90.02,24.62,1
10/21/2018,0.15,1.69,6.77,30.74,23.97,101.07,19.6,85.47,24.41,1
10/22/2018,0.08,1.04,5.8,30.42,24.62,101.04,20.85,85.15,24.32,1
10/23/2018,1.42,1.18,8.45,32.4,23.95,101,21.12,80.3,23.49,1
10/24/2018,36.85,1.1,4.27,28.33,24.06,101.05,12.64,89.56,23.99,1
10/25/2018,1.19,1.25,6.11,29.48,23.37,101.09,20.04,87.99,24.25,1
10/26/2018,0.01,1.53,7.35,31.92,24.57,101.11,20.66,83.15,23.98,1
10/27/2018,4.82,1.59,8.7,32,23.3,101.03,23,82.57,24.36,1
10/28/2018,5.18,1.7,7.08,31.35,24.27,100.98,20.97,83.54,24.27,1
10/29/2018,0,2.27,8.91,32.24,23.33,100.86,21.34,81.3,23.68,0
10/30/2018,0,2.59,7.98,30.81,22.83,100.87,22.23,77.89,21.77,0
10/31/2018,0,2.83,9.37,29.91,20.54,100.98,23.5,78.54,20.31,0
11/1/2018,0,2.49,9.55,30.34,20.79,100.93,23.5,78.1,20.59,0
11/2/2018,0,1.85,9.82,31.53,21.71,100.98,22.63,76.74,21.09,0
11/3/2018,0.45,1.68,10.41,32.13,21.72,101.06,22.47,80.36,22.9,1
11/4/2018,1.94,1.44,7.4,31.93,24.53,100.98,20.42,84.17,24.37,1
11/5/2018,0.21,1.72,8.46,32.89,24.43,100.85,20.18,79.54,23.73,1
11/6/2018,0.25,2.17,9.67,33.33,23.66,100.85,20.59,78.09,23.74,1
11/7/2018,0.83,2.67,8.3,31.98,23.68,100.87,13.91,82.31,23.95,1
11/8/2018,0.21,1.58,5.9,30.34,24.44,100.84,19.2,86.11,24.22,1
11/9/2018,0.09,1.39,7.88,31.85,23.97,100.8,17.71,83.33,24.26,1
11/10/2018,0.05,0.71,6.37,31.29,24.92,100.88,19.33,75.94,23.19,1
11/11/2018,0.19,1.12,9.08,32.64,23.56,100.91,20.33,76.51,23.3,1
11/12/2018,0.26,1.1,8.71,33.42,24.71,100.82,20.39,77.18,23.61,1
11/13/2018,1.89,1.15,7.72,32.04,24.32,100.7,19.54,80.54,23.87,1
11/14/2018,7.82,1.46,8.56,32.04,23.48,100.79,17.25,83.75,24.3,1
11/15/2018,0.13,1.66,9.51,33.08,23.57,100.88,17.92,80.63,23.97,1
11/16/2018,0.26,1.53,8.85,33.22,24.37,100.95,20.18,81.24,24.1,1
11/17/2018,1.06,1.37,6.78,30.89,24.11,100.96,19.75,84.49,24.17,1
11/18/2018,0.42,1.19,9.2,33.14,23.94,100.96,15.64,76.66,23.29,1
11/19/2018,3.05,2.05,8.19,31.42,23.23,101.02,12.15,80.45,23.15,1
11/20/2018,0.04,2.43,9.46,33.35,23.89,101.05,18.74,77.39,22.9,1
11/21/2018,0.15,1.22,11.2,34.57,23.37,100.98,21.17,72.4,21.86,1
11/22/2018,0,1.68,12.12,34.62,22.5,101,20.15,72.19,21.58,0
11/23/2018,0,2.13,11.02,34.42,23.4,101.03,18.84,70.5,22.02,0
11/24/2018,0.08,2.67,9.21,33.41,24.2,100.95,19.22,68.55,21.43,1
11/25/2018,0.42,3.08,7.1,31.65,24.55,100.86,14.8,74.76,22.15,1
11/26/2018,0.5,4.79,6.01,29.71,23.7,100.78,8.69,81.69,22.33,1
11/27/2018,0.19,2.69,7.86,31.42,23.56,101.01,9.7,80.71,23.02,1
11/28/2018,0.18,1.08,10.02,33.35,23.33,101.1,17.77,77.04,23.15,1
11/29/2018,0.02,1.45,10.08,34.43,24.35,101.12,18.24,72.94,22.83,1
11/30/2018,0.02,1.65,10.6,34.37,23.77,101.09,18.94,70.94,22.36,1
12/1/2018,0.38,1.45,10.81,35.1,24.29,100.94,19.9,70.28,22.35,1
12/2/2018,0,1.33,10.13,34.84,24.71,100.86,19.42,72.75,23.01,0
12/3/2018,0.08,1.82,12.53,36.39,23.86,100.87,19.85,66.95,21.76,1
12/4/2018,0.01,1.96,9.94,35.45,25.51,100.87,19.56,71.67,23.32,1
12/5/2018,0.02,1.43,12.02,36.24,24.22,100.81,18.79,67.34,21.25,1
12/6/2018,0.04,1.81,13.05,36.3,23.25,100.71,20.14,65.17,21.44,1
12/7/2018,4.63,1.41,5.9,31.16,25.26,100.85,17.14,79.34,23.64,1
12/8/2018,0.03,1.65,10.4,34.65,24.25,100.9,16.09,72.04,21.95,1
12/9/2018,0.39,1.01,9.55,33.6,24.05,100.93,18.4,69.57,22.09,1
12/10/2018,0.25,1.72,10.35,34.8,24.45,100.89,15.13,69.67,22.61,1
12/11/2018,0.54,1.98,10.2,35.24,25.04,100.94,15.32,69.53,22.61,1
12/12/2018,0,2.22,11.33,36.61,25.28,101.01,19.05,64.75,21.74,0
12/13/2018,0,3.84,11.03,35.63,24.6,101.12,16.63,60.84,20.72,0
12/14/2018,0,3.8,11.5,35.96,24.46,101.12,19.78,63.58,21.25,0
12/15/2018,11.24,3.29,7.69,33.5,25.81,101.11,16.38,70.69,22.51,1
12/16/2018,2.83,3.41,9.19,33.49,24.3,101.18,18.87,74.93,22.71,1
12/17/2018,0,2.95,9.34,34.12,24.78,101.2,18.58,67.9,21.56,0
12/18/2018,0,3.06,11.58,35.28,23.7,101.14,20.58,61.93,20.13,0
12/19/2018,0.01,2.07,11.96,35.73,23.77,101.17,20.51,64.05,20.87,1
12/20/2018,0,1.17,11.78,35.86,24.08,101.04,19.27,67.2,22.04,0
12/21/2018,0,1.41,11.95,36.04,24.09,100.91,16.75,68.87,22.45,0
12/22/2018,0.84,1.66,11.34,35.66,24.32,100.9,15.83,68.88,22.33,1
12/23/2018,1.1,2.2,13.25,36.39,23.14,100.87,17.54,63.99,20.37,1
12/24/2018,1.46,2.45,11.27,35.85,24.58,100.8,17.06,65,21.17,1
12/25/2018,3.78,1.52,10.32,34.8,24.48,100.78,17.88,69.35,22.37,1
12/26/2018,0.83,0.97,5.68,31.04,25.36,100.76,12.88,75.67,22.9,1
12/27/2018,5.53,1.86,6.2,30.43,24.23,100.75,16.16,79.41,22.57,1
12/28/2018,4.52,2.59,8.23,31.62,23.39,100.86,17.32,76.37,21.87,1
12/29/2018,0.69,2.23,9.24,33.01,23.77,101.01,16.61,72.21,21.66,1
12/30/2018,0.75,2.96,9.68,33.32,23.64,101.14,14.37,68.46,20.92,1
12/31/2018,0,3.77,10.39,34.15,23.76,101.23,18,59,18.5,0
1/1/2019,0.01,3.94,4.82,27.92,23.1,101.34,16.81,61.57,17.12,1
1/2/2019,0.24,3.79,5.37,28.18,22.81,101.28,10.1,65.8,17.62,1
1/3/2019,3.76,3.51,8.71,31.14,22.43,101.21,12.92,68.58,19.38,1
1/4/2019,8.09,2.56,9.36,32.25,22.89,101.21,12.83,77.97,22.11,1
1/5/2019,0,2.35,10.54,33.36,22.82,101.18,18.75,74.23,21.65,0
1/6/2019,0.01,2,12.8,35.27,22.47,101.13,20.08,71.19,22.07,1
1/7/2019,0,1.39,11.69,35.81,24.12,101.1,19.15,65.27,20.5,0
1/8/2019,0.3,2.12,12.88,35.47,22.59,101.11,19.46,65.89,20.52,1
1/9/2019,0,1.82,11.68,35.24,23.56,101.13,19.48,65.84,20.89,0
1/10/2019,0,1.65,10.36,34.77,24.41,101.08,18.04,67.6,21.57,0
1/11/2019,0,1.61,11.72,35.35,23.63,101.08,19.19,61.61,20.18,0
1/12/2019,0.01,1.7,12.04,36.13,24.09,101.03,15.1,58.85,20.05,1
1/13/2019,0,1.55,11.32,35.72,24.4,100.99,17.81,57.74,19.56,0
1/14/2019,0,1.86,13.54,36.27,22.73,100.91,20.7,53.7,17.81,0
1/15/2019,0.35,2.09,13.5,36.44,22.94,100.93,20.62,52.6,16.89,1
1/16/2019,6.26,1.57,10.48,34.5,24.02,100.98,13.44,69.14,21.39,1
1/17/2019,0.02,2.41,11.58,35.12,23.54,100.97,19.66,64.66,20.47,1
1/18/2019,0.02,3,11.67,35.21,23.54,101.03,19.62,59.07,19.2,1
1/19/2019,0,2.86,13.86,36.27,22.41,100.97,20.57,53.56,17.51,0
1/20/2019,0,1.81,13.66,36.64,22.98,100.98,19.84,56.42,18.88,0
1/21/2019,0,2.09,10.65,35.36,24.71,101.05,16.66,56.75,19.36,0
1/22/2019,0,3.04,11.87,35.96,24.09,101.17,20.7,53.55,18.36,0
1/23/2019,0,2.97,12.78,35.1,22.32,101.19,19.49,50.6,16.06,0
1/24/2019,0,2.45,13.99,34.99,21,101.2,22.51,47.69,14.19,0
1/25/2019,0,1.75,14.18,34.3,20.12,101.28,21.8,52.41,15.16,0
1/26/2019,0,2.85,15.76,35.18,19.42,101.25,20.15,49.9,14.97,0
1/27/2019,0,3.6,12.37,34.36,21.99,101.27,22.64,50.13,15.24,0
1/28/2019,0,2.65,15.18,35.48,20.3,101.18,18.78,48.39,14.5,0
1/29/2019,0,1.24,13.15,35.27,22.12,101.15,20.6,52.95,17.11,0
1/30/2019,0,1.47,12.82,36.46,23.64,101.14,20.44,54.96,18.26,0
1/31/2019,0,1.9,13.81,36.26,22.45,101.19,18.87,52.43,16.82,0
2/1/2019,0,1.96,13.65,36.51,22.86,101.18,20.56,48.18,15.39,0
2/2/2019,0.02,1.4,13.44,36.99,23.55,101.07,16.98,50.94,17.55,1
2/3/2019,0.05,1.64,14.05,38.04,23.99,101.1,19.15,53.68,19.18,1
2/4/2019,0,2.19,13.27,37.54,24.27,101.14,16.94,58.69,20.63,0
2/5/2019,0,2.36,12.75,37.41,24.66,101.12,17.58,56.76,20.25,0
2/6/2019,0,2.9,13.55,37.24,23.69,101.03,18.23,55.77,19.14,0
2/7/2019,0,2.29,14.47,37.79,23.32,101.05,21.55,56.99,19.83,0
2/8/2019,0,2.19,14.85,38.96,24.11,101,20.49,55.45,19.44,0
2/9/2019,0,2.51,14.52,38.92,24.4,101.03,19.89,55.34,19.02,0
2/10/2019,0,2.94,14.98,37.98,23,101.24,21.04,55.52,18.62,0
2/11/2019,0.02,1.86,15.91,38.4,22.49,101.32,23.95,48.83,16.17,1
2/12/2019,0.58,2.09,12.02,36.8,24.78,101.39,17.65,50.83,18.57,1
2/13/2019,0,1.94,13.7,37.7,24,101.34,22.48,45.48,15.34,0
2/14/2019,0,1.71,15.18,37.76,22.58,101.16,22.37,51.06,17.02,0
2/15/2019,0,1.83,14.23,37.47,23.24,101.21,22.77,50.49,16.79,0
2/16/2019,0.21,2.01,14.74,37.35,22.61,101.19,22.98,48.79,15.87,1
2/17/2019,0,2.84,13.59,37,23.41,101.09,21.52,54.79,18.46,0
2/18/2019,0,2.87,13.95,37.48,23.53,101.04,20.15,54.04,18.44,0
2/19/2019,0,2.88,14.26,37.92,23.66,101.13,21.84,54.42,19.06,0
2/20/2019,0,2.8,13.18,37.59,24.41,101.26,19.63,55.21,19.74,0
2/21/2019,0.02,2.29,13.53,38.22,24.69,101.16,20.55,54.54,20.23,1
2/22/2019,0.3,2.84,12.74,38.4,25.66,101.03,18.01,54.36,20.18,1
2/23/2019,1.23,2.47,13.11,37.73,24.62,100.96,18.19,56.89,20.1,1
2/24/2019,0.35,2.83,13.95,38.21,24.26,100.92,20.79,51.06,18.73,1
2/25/2019,0,3.86,13.57,38.59,25.02,100.96,20.16,49.62,17.94,0
2/26/2019,0,3.39,13.62,38.38,24.76,100.93,17.63,50.89,17.7,0
2/27/2019,0,1.39,15.49,38.89,23.4,100.8,23.93,48.3,17.04,0
2/28/2019,0.1,2.61,14.1,38.29,24.19,100.83,21.7,49.62,17.8,1
3/1/2019,0.01,2.03,14.03,38.51,24.48,100.92,19.26,49.61,18.24,1
3/2/2019,0,2.47,14.17,38.36,24.19,100.82,22,47.62,17.15,0
3/3/2019,0.01,2.6,15.14,38.34,23.2,100.76,20.96,47.29,16.98,1
3/4/2019,0,3.44,14.11,38.53,24.42,100.76,21.81,49.28,17.97,0
3/5/2019,0,2.86,15.85,38.73,22.88,100.87,23.45,45.88,14.94,0
3/6/2019,0,2.48,17.14,39.73,22.59,100.93,24.24,48.8,15.94,0
3/7/2019,0,2.48,17.31,40.09,22.78,100.88,24.31,50.58,18.13,0
3/8/2019,0,2.86,14.67,39.93,25.26,100.91,20.7,51.37,19.18,0
3/9/2019,0,2.63,14.5,39.61,25.11,100.9,21.77,49.71,18.74,0
3/10/2019,0,3,14.37,39.9,25.53,100.95,23.06,50.92,19.4,0
3/11/2019,0,2.39,15.36,40.89,25.53,100.89,22.71,45.86,17.85,0
3/12/2019,0,2.83,14.35,39.95,25.6,100.93,20.64,47.37,18.62,0
3/13/2019,0,2.84,13.62,40.13,26.51,100.98,19.38,44.3,17.8,0
3/14/2019,0.01,3.16,13.24,39.27,26.03,101.13,19.17,46.97,18.55,1
3/15/2019,0.52,2.49,11.76,38.54,26.78,101.11,18.83,49.56,19.57,1
3/16/2019,0.67,2.35,12.32,38.5,26.18,101.1,17.62,48.88,19.28,1
3/17/2019,0.05,2.35,12.58,39.55,26.97,101.02,19.74,47.19,19.29,1
3/18/2019,0.07,2.67,13.06,39.86,26.8,100.95,21.03,47.27,18.61,1
3/19/2019,0.01,3.19,12.52,38.86,26.34,100.91,22.06,49.64,19.33,1
3/20/2019,0.07,2.39,12.57,38.5,25.93,100.87,20.94,48.82,19.26,1
3/21/2019,0.16,2.95,13,39.88,26.88,100.83,20.31,47.98,19.64,1
3/22/2019,1.32,2.74,13.32,40.61,27.29,100.76,20.32,52.1,21.01,1
3/23/2019,13.49,2.51,8.21,35.6,27.39,100.8,18.21,68.55,23.9,1
3/24/2019,1.31,2.8,9.22,35.72,26.5,100.83,18.19,69.78,23.29,1
3/25/2019,1.85,1.92,9.58,34.7,25.12,100.98,11.89,68.55,21.93,1
3/26/2019,0.97,1.95,12.8,38.29,25.49,101.01,20.26,59.55,21.15,1
3/27/2019,2.89,1.97,11.65,37.3,25.65,101.05,22.6,62.97,21.9,1
3/28/2019,0.37,2.26,12.85,37.55,24.7,100.94,22.33,60.56,21.25,1
3/29/2019,0,2.54,12.8,38.44,25.64,100.73,19.55,59,21.43,0
3/30/2019,0.22,2.23,10.01,36.23,26.22,100.75,22,61.11,22.07,1
3/31/2019,1.55,2.11,9.72,35.97,26.25,100.91,17.79,61.33,22.06,1
4/1/2019,5.06,2.21,9.33,35.91,26.58,100.98,18.28,60.39,21.92,1
4/2/2019,0.82,2.1,12.03,36.56,24.53,100.99,24.08,60.41,20.21,1
4/3/2019,0.15,2.21,11.79,36.87,25.08,101,22.22,59.04,21.21,1
4/4/2019,3.42,1.41,6.4,32.98,26.58,101,15.25,68.56,22.93,1
4/5/2019,8.34,1.94,10.36,35.01,24.65,100.98,19.51,70.35,22.85,1
4/6/2019,0.85,2,12.63,37.42,24.79,100.9,19.29,59.88,21.35,1
4/7/2019,0.87,2.26,12.25,37.09,24.84,100.9,19.93,61.94,22.15,1
4/8/2019,0.15,1.89,12.05,38.25,26.2,100.76,20.28,58.81,22.06,1
4/9/2019,0.51,2.17,12.68,39.18,26.5,100.74,19.89,54.52,21.33,1
4/10/2019,0.02,1.57,11.93,39.26,27.33,100.73,21.19,51.29,20.77,1
4/11/2019,0.39,2.25,11.8,39.84,28.04,100.59,22.48,51.67,21.26,1
4/12/2019,1.54,2.62,10.26,37.78,27.52,100.64,19.51,56.43,22.14,1
4/13/2019,5.89,1.93,6.88,34.29,27.41,100.77,21.49,69.71,24.02,1
4/14/2019,0.22,2.05,13.08,39.53,26.45,100.81,22.15,59.12,21.37,1
4/15/2019,0.03,1.89,12.07,39.05,26.98,100.82,20.13,54.51,20.72,1
4/16/2019,0.65,2.02,12.8,39.37,26.57,100.76,21.12,53.41,21.49,1
4/17/2019,3.41,1.9,5.06,33.17,28.11,100.8,19.52,70.52,24.51,1
4/18/2019,3.24,1.76,5.64,32.93,27.29,100.72,19.99,75.79,24.97,1
4/19/2019,1.1,2.27,11.49,37.06,25.57,100.6,21.71,65.51,22.11,1
4/20/2019,0.16,2.2,9.85,36.32,26.47,100.47,21.06,66.44,23.72,1
4/21/2019,1.34,2.05,9.45,36.71,27.26,100.42,20.32,65.42,24,1
4/22/2019,0.18,2.57,10.83,38.28,27.45,100.51,23.33,54.6,21.23,1
4/23/2019,0,1.97,13.69,40.01,26.32,100.63,22.73,52.14,21.32,0
4/24/2019,0.04,1.44,8.71,37.56,28.85,100.65,20.95,54.97,22.5,1
4/25/2019,0.13,1.87,10.13,38.66,28.53,100.61,20.78,52.44,22.23,1
4/26/2019,0.34,2.17,8.07,37.01,28.94,100.6,20.57,53.99,21.97,1
4/27/2019,0.65,2.96,10.67,37.66,26.99,100.74,21.68,59.49,22.2,1
4/28/2019,2.38,2.64,10.94,38.36,27.42,100.84,16.96,59.31,22.04,1
4/29/2019,16.47,1.85,8.69,35.4,26.71,100.76,24.51,67.05,23.73,1
4/30/2019,1.02,2.41,6.82,33.58,26.76,100.75,21.04,72.59,24.23,1
5/1/2019,2.06,1.42,11.08,37.54,26.46,100.67,20.31,66.08,23.18,1
5/2/2019,0.33,1.9,11.15,37.48,26.33,100.68,21.14,64.03,23.04,1
5/3/2019,6.12,1.61,6.98,34.13,27.15,100.81,21.3,71.93,24.28,1
5/4/2019,22.17,1.9,6.9,33.53,26.63,100.84,19.31,79.08,25.07,1
5/5/2019,0.43,2.19,10.31,36.69,26.38,100.67,22.03,70.47,24.37,1
5/6/2019,0.26,2.46,8.28,35.73,27.45,100.54,21.75,69.86,24.33,1
5/7/2019,0.64,2.2,10.7,37.46,26.76,100.4,22.19,66.97,23.67,1
5/8/2019,2.51,2.83,7.11,34.67,27.56,100.4,19.17,72.05,24.66,1
5/9/2019,15.27,2.08,5.97,32.79,26.82,100.5,10.34,80.95,25.32,1
5/10/2019,12.96,2.2,6.53,32.35,25.82,100.71,14.31,82.81,25.11,1
5/11/2019,22.49,1.98,9.51,34.93,25.42,100.72,11.5,76.94,24.45,1
5/12/2019,12.67,2.24,6.12,32.01,25.89,100.68,10.45,84.54,25.41,1
5/13/2019,3.14,2.59,8.16,33.67,25.51,100.62,18.48,79.29,24.69,1
5/14/2019,13.2,2.44,7.34,33.14,25.8,100.67,19.55,82.28,25.36,1
5/15/2019,9.84,2.11,5.73,31.92,26.19,100.77,19.6,84.63,25.56,1
5/16/2019,23.68,2.22,5.66,31.18,25.52,100.81,19.17,87.28,25.65,1
5/17/2019,0.24,2.07,6.15,31.65,25.5,100.69,22.78,84.91,25.38,1
5/18/2019,0.03,2.58,7.41,33.37,25.96,100.62,22.52,81.7,25.38,1
5/19/2019,3.09,2.15,6.75,32.76,26.01,100.7,22.75,82.6,25.54,1
5/20/2019,10.06,2.02,5.59,31.75,26.16,100.73,24.1,86.71,25.81,1
5/21/2019,3.8,2.04,6.39,32.46,26.07,100.69,21.11,84.33,25.52,1
5/22/2019,14.37,1.54,6.27,31.74,25.47,100.78,18.08,86.12,25.58,1
5/23/2019,3.74,1.96,7.82,32.44,24.62,100.83,20.47,82.76,24.76,1
5/24/2019,21.97,1.7,6.44,31.64,25.2,100.77,22.67,85.69,25.34,1
5/25/2019,2.64,2.4,7.04,32.36,25.32,100.62,19.61,86.08,25.66,1
5/26/2019,6.95,2.36,5.93,31.47,25.54,100.61,20.94,86.8,25.47,1
5/27/2019,9.1,2.25,5.55,30.9,25.35,100.6,17.78,89.38,25.86,1
5/28/2019,5.46,1.83,5.73,31.34,25.61,100.6,20.55,88.2,25.73,1
5/29/2019,2.28,0.85,5.77,31.44,25.67,100.64,15.67,81.44,24.94,1
5/30/2019,1.89,0.58,6.65,31.9,25.25,100.68,20.23,80.23,24.65,1
5/31/2019,2.77,0.9,8.16,33.08,24.92,100.66,22.18,75.43,24.36,1
6/1/2019,0.33,1.08,6.38,32.6,26.22,100.66,22.44,77.98,25.04,1
6/2/2019,5.35,1.23,4.96,31.17,26.21,100.68,21.55,83.59,25.46,1
6/3/2019,4.86,0.97,5.62,31.26,25.64,100.68,20.31,85.5,25.57,1
6/4/2019,11.34,0.91,6.68,32.27,25.59,100.67,21.75,82.97,25.31,1
6/5/2019,14,1.28,5.9,31.56,25.66,100.66,21.8,84.44,25.3,1
6/6/2019,23.88,1.48,5.59,31.18,25.59,100.75,18.14,85.63,25.04,1
6/7/2019,14.59,2.92,6.03,30.8,24.77,100.81,18.1,87.55,24.98,1
6/8/2019,22.74,2.2,6.45,31.46,25.01,100.75,17.04,89.19,25.7,1
6/9/2019,40.47,2.56,5.12,30.54,25.42,100.66,16.76,90.12,25.95,1
6/10/2019,7.41,2.29,4.16,29.94,25.78,100.62,21.92,90.4,25.81,1
6/11/2019,19.09,2.54,4.66,30.28,25.62,100.68,19.36,89.34,25.7,1
6/12/2019,26.92,2.22,6.46,31.72,25.26,100.65,21.31,88.18,26.02,1
6/13/2019,0.15,2.05,5.49,30.96,25.47,100.67,20.01,89.43,26.09,1
6/14/2019,2.03,2.16,3.75,29.51,25.76,100.65,22.46,91.82,25.96,1
6/15/2019,4.9,2.15,7.05,31.93,24.88,100.65,20.64,88.78,25.95,1
6/16/2019,5.67,2.45,5.33,30.74,25.41,100.67,13.86,90.6,26.04,1
6/17/2019,27,2.6,4.21,29.36,25.15,100.72,14.75,91.16,25.49,1
6/18/2019,19.03,2.4,4.94,29.69,24.75,100.7,18.14,90.95,25.31,1
6/19/2019,17.51,1.72,4.81,29.86,25.05,100.67,20.6,89.31,25.27,1
6/20/2019,5.52,1.46,7.48,32.01,24.53,100.63,21.47,84.21,25.34,1
6/21/2019,4.3,1.91,5.14,30.88,25.74,100.57,21.78,90.12,26.05,1
6/22/2019,13.58,1.4,6.83,31.89,25.06,100.45,21.83,87.04,25.76,1
6/23/2019,11.65,2.27,5.52,30.73,25.21,100.51,22.32,90.01,25.76,1
6/24/2019,14.84,2.43,5.33,30.33,25,100.67,17.36,91.01,25.76,1
6/25/2019,10.9,2.24,5.42,30.96,25.54,100.76,19.05,90.36,26.04,1
6/26/2019,15.58,2.77,4.13,29.48,25.35,100.71,20.04,92.48,25.63,1
6/27/2019,17.5,2.68,3.14,28.26,25.12,100.6,15.1,92.62,25.17,1
6/28/2019,13.39,2.91,5.52,30.21,24.69,100.57,13.4,90.27,25.27,1
6/29/2019,13.78,2.15,5.38,30.25,24.87,100.62,16.67,89,25.23,1
6/30/2019,3.99,2.57,5.6,30.23,24.63,100.62,14.15,86.93,24.54,1
7/1/2019,10.09,2.74,4.22,28.42,24.2,100.63,15.38,90.73,24.35,1
7/2/2019,24.75,2.19,5.21,28.89,23.68,100.62,14.23,88.05,23.79,1
7/3/2019,65.96,2.42,3.86,27.31,23.45,100.71,11.62,92.62,23.87,1
7/4/2019,29.7,2.49,4.62,28.21,23.59,100.81,13.08,92.4,24.32,1
7/5/2019,1.3,1.99,6.78,30.57,23.79,100.73,17.68,89.24,25.01,1
7/6/2019,0.12,2.08,6.77,31.01,24.24,100.66,20.63,87.39,24.94,1
7/7/2019,0.08,1.69,6.69,30.65,23.96,100.68,22.68,88.35,25.09,1
7/8/2019,0.52,1.89,6.9,29.98,23.08,100.86,21.18,87.55,23.82,1
7/9/2019,0.45,2.35,6.8,31.09,24.29,100.8,24.41,87.82,25.04,1
7/10/2019,2.91,2.14,5.88,30.43,24.55,100.79,24.37,88.4,25.07,1
7/11/2019,0.33,1.73,6.37,30.32,23.95,100.94,24.27,89,25.07,1
7/12/2019,0.32,2.18,6.79,30.63,23.84,100.86,24.81,88.27,24.92,1
7/13/2019,2.46,2.36,6.98,31.23,24.25,100.76,23.13,87.87,25.16,1
7/14/2019,9,1.88,5.74,29.98,24.24,100.63,24.6,90.24,25.2,1
7/15/2019,9.72,1.89,5.59,30.33,24.74,100.53,20.71,89.95,25.34,1
7/16/2019,4.6,2.75,4.91,29.94,25.03,100.5,19.16,92.29,25.83,1
7/17/2019,7.24,2.77,3.68,28.75,25.07,100.42,18.75,93.01,25.45,1
7/18/2019,30.05,2.26,3.51,28.05,24.54,100.41,21.33,93.45,25.21,1
7/19/2019,1.69,2.59,4.35,29.4,25.05,100.48,20.09,92.6,25.59,1
7/20/2019,1.79,2.33,5.22,29.96,24.74,100.6,16.23,90.84,25.37,1
7/21/2019,0.02,1.71,6.45,31.02,24.57,100.64,18.18,88.26,25.34,1
7/22/2019,0.05,2.14,4.17,29.69,25.52,100.65,18.88,86.8,24.87,1
7/23/2019,1,2.48,6.49,31.08,24.59,100.67,22.72,87.76,25.05,1
7/24/2019,10.47,2.35,5.08,29.89,24.81,100.75,20.15,89.39,25.1,1
7/25/2019,1.32,2.16,5.23,29.29,24.06,100.91,17.22,88.87,24.3,1
7/26/2019,0.83,1.78,7.32,30.72,23.4,100.81,20.99,86.92,24.45,1
7/27/2019,1.58,1.5,6.05,30.11,24.06,100.72,19.17,87.83,24.69,1
7/28/2019,3.97,1.66,6.24,30.34,24.1,100.75,18.05,87.34,24.62,1
7/29/2019,0.78,2.49,4.28,28.73,24.45,100.77,17.3,90.79,24.75,1
7/30/2019,0.45,2.5,7.24,31.25,24.01,100.6,22.58,86.53,24.76,1
7/31/2019,0.17,2.57,6.86,31.22,24.36,100.55,12.66,85.88,24.68,1
8/1/2019,1.38,2.91,6.78,30.79,24.01,100.66,13.11,86.45,24.3,1
8/2/2019,81.34,3.33,4.86,28.77,23.91,100.72,10.76,89.57,24.12,1
8/3/2019,1.78,3.27,6.78,30.61,23.83,100.58,10.66,87.68,24.59,1
8/4/2019,3.14,3.21,5.1,29.68,24.58,100.48,11.18,90.09,24.97,1
8/5/2019,5.69,3.15,5.78,30.27,24.49,100.51,14.22,88.66,24.72,1
8/6/2019,1.79,3.02,5.14,29.72,24.58,100.56,11.9,89.73,24.7,1
8/7/2019,5.71,3.04,5.62,29.63,24.01,100.46,16.09,89.82,24.49,1
8/8/2019,62.01,2.79,4.05,28.59,24.54,100.34,13.13,92.72,25.02,1
8/9/2019,20.47,2.53,4.92,29.42,24.5,100.19,16.07,92.49,25.53,1
8/10/2019,8.71,3.07,4.76,29.5,24.74,100.38,11.71,90.64,25.12,1
8/11/2019,4.73,2.66,4.49,29.2,24.71,100.54,12.25,91.41,25.15,1
8/12/2019,7.29,2.97,4.43,29.34,24.91,100.65,16.39,92.1,25.6,1
8/13/2019,0.05,2.46,5.23,30.29,25.06,100.75,19.26,90.51,25.7,1
8/14/2019,0.06,2.09,5.09,30,24.91,100.74,20.45,90.45,25.52,1
8/15/2019,1.05,2.82,5.75,30.89,25.14,100.67,23.03,90.36,25.73,1
8/16/2019,6.22,3.16,3.99,29.43,25.44,100.65,18.2,92.98,25.92,1
8/17/2019,0.56,3.12,4.92,29.94,25.02,100.78,16.8,91.43,25.57,1
8/18/2019,0,2.03,6.91,30.9,23.99,100.87,23.36,88.28,25.12,0
8/19/2019,0.39,2.05,7.44,31.51,24.07,100.69,23.72,87.73,25.45,1
8/20/2019,4.59,2.19,5.65,30.75,25.1,100.58,18.54,90.82,25.75,1
8/21/2019,0.23,2.3,5.9,30.59,24.69,100.64,22.29,90.78,25.56,1
8/22/2019,0.55,2.04,4.84,29.44,24.6,100.77,18.72,90.45,24.96,1
8/23/2019,0.26,1.92,4.79,29.18,24.39,100.81,18.26,90.46,24.87,1
8/24/2019,0.18,2.13,6.81,30.86,24.05,100.67,17.22,87.43,24.87,1
8/25/2019,0.67,2.57,5.23,29.44,24.21,100.68,16.23,89.48,24.66,1
8/26/2019,0.28,2.19,6.1,30.23,24.13,100.66,15.39,87.98,24.67,1
8/27/2019,0.28,2.29,6.62,30.89,24.27,100.59,19.66,87.14,24.89,1
8/28/2019,6.28,2.26,6.18,30.7,24.52,100.54,17.79,88.3,25.01,1
8/29/2019,36.81,2.94,3.74,28.41,24.67,100.39,12.21,92.84,25.03,1
8/30/2019,0.72,4.22,4.63,29,24.37,100.3,11.99,91.11,24.82,1
8/31/2019,0.46,3.09,4.35,29.48,25.13,100.49,15.03,91.23,25.31,1
9/1/2019,1.01,2.91,5.67,30.44,24.77,100.63,20.07,88.91,24.97,1
9/2/2019,4.15,2.99,4,28.45,24.45,100.54,9.83,92.3,24.74,1
9/3/2019,4.77,3.83,4.77,28.23,23.46,100.5,9.88,90.95,24.05,1
9/4/2019,45.4,4.09,4.55,28.02,23.47,100.57,11.2,91.52,24.02,1
9/5/2019,0.37,3.19,6.44,30.25,23.81,100.6,13.53,89.7,24.55,1
9/6/2019,0.12,2.89,6.6,30.56,23.96,100.63,17.48,87.61,24.34,1
9/7/2019,0.98,2.62,6.38,30.41,24.03,100.71,13.95,88.5,24.7,1
9/8/2019,0.46,2.75,4.9,29.98,25.08,100.77,16.26,90.38,25.25,1
9/9/2019,1.58,2.52,3.48,27.78,24.3,100.79,19.98,91.8,24.53,1
9/10/2019,0.47,2.41,5.85,30.04,24.19,100.87,17.9,88.12,24.6,1
9/11/2019,0.01,1.33,6.88,30.41,23.53,101.06,20.37,84.61,24.21,1
9/12/2019,0.09,1.62,7.67,31.8,24.13,100.93,21.91,82.95,24.5,1
9/13/2019,2.01,2.02,4.73,29.52,24.79,100.75,12.94,89.22,24.9,1
9/14/2019,19.85,1.95,4.79,29.04,24.25,100.71,15.06,90.64,24.71,1
9/15/2019,3.31,1.91,6.54,30.24,23.7,100.65,14.12,86.79,24.06,1
9/16/2019,25.22,3.17,5.78,30.23,24.45,100.44,15.93,91.25,25.27,1
9/17/2019,30.61,3.21,4.87,29.71,24.84,100.57,13.36,90.45,25.05,1
9/18/2019,2.66,2.41,5.06,29.22,24.16,100.75,11.81,90.73,24.71,1
9/19/2019,0.39,2.56,5.35,29.59,24.24,100.83,17.01,90.21,24.7,1
9/20/2019,0.25,1.71,6.71,30.36,23.65,100.81,14,88.06,24.55,1
9/21/2019,10.52,1.71,3.9,28.57,24.67,100.83,15.92,91.79,24.72,1
9/22/2019,4.16,1.43,6.93,30.73,23.8,100.96,16.31,85.83,24.12,1
9/23/2019,6.08,1.04,6.53,30.27,23.74,101.1,18.55,85.87,24.26,1
9/24/2019,3.07,1.92,8.1,31.7,23.6,101.06,22.08,84.53,24.3,1
9/25/2019,0.76,2.19,7.51,32.11,24.6,101.08,21.28,81.97,24.27,1
9/26/2019,46.9,1.94,6.18,31.14,24.96,101.1,19.22,87.87,25.53,1
9/27/2019,6.35,2.01,6.31,31.24,24.93,101.09,22.77,86.23,24.91,1
9/28/2019,27.42,1.76,6.19,30.96,24.77,101.04,21.33,88.5,25.26,1
9/29/2019,13,1,6.82,31.84,25.02,101.02,21.6,80.8,24.59,1
9/30/2019,1.21,1.19,6.7,31.52,24.82,100.91,16.83,84.54,24.88,1
10/1/2019,2.12,2.08,5.26,29.74,24.48,100.94,20.49,88.93,24.87,1
10/2/2019,0.4,1.49,6.54,30.53,23.99,100.96,20.16,87.07,24.51,1
10/3/2019,2.33,1.43,6.14,30.24,24.1,100.94,21.15,87.38,24.66,1
10/4/2019,6.18,1.35,6.41,30.31,23.9,100.9,18.91,87.57,24.56,1
10/5/2019,0.42,0.84,5.38,29.73,24.35,100.87,20.44,86.89,24.43,1
10/6/2019,1.58,0.88,4.66,28.84,24.18,100.96,16.32,87.55,24.06,1
10/7/2019,3.62,0.87,7.88,31.18,23.3,100.92,21.46,83.28,23.88,1
10/8/2019,4.4,1.34,4.63,28.49,23.86,100.96,16.37,87.33,23.98,1
10/9/2019,1.55,0.78,7.66,30.99,23.33,100.91,14.75,83.24,24.06,1
10/10/2019,1.02,1.02,2.89,26.5,23.61,100.94,19.98,91.52,23.96,1
10/11/2019,0.32,0.98,9.25,32.1,22.85,100.85,21.49,82.54,23.97,1
10/12/2019,1.54,1.23,6.27,30.89,24.62,100.82,18.34,81.88,24.02,1
10/13/2019,13.63,1.19,4.68,29.33,24.65,100.89,21.05,87.97,24.52,1
10/14/2019,2.23,1.61,7.99,31.96,23.97,100.96,22.01,84.17,24.65,1
10/15/2019,9.14,0.9,5.26,30.18,24.92,100.95,20.88,84.79,24.57,1
10/16/2019,4.4,0.96,5.09,30.29,25.2,100.91,21.53,88.68,25.24,1
10/17/2019,6.61,1.3,6.23,31.24,25.01,100.84,19.5,87.15,25.36,1
10/18/2019,1.45,1.36,5.98,31.28,25.3,100.91,18.4,88.4,25.55,1
10/19/2019,0.85,0.87,3.36,28.73,25.37,101.02,18.16,90.95,25.11,1
10/20/2019,2.59,1.53,5.51,30.31,24.8,100.97,18.8,88.3,24.79,1
10/21/2019,2.47,1.62,7.79,31.92,24.13,100.82,22.53,83.25,24.28,1
10/22/2019,1.88,1.46,9.41,32.38,22.97,100.72,23.2,80.68,23.63,1
10/23/2019,1.92,1.37,6.89,31.42,24.53,100.74,21.81,86.06,25.08,1
10/24/2019,3.51,1.39,7.09,31.86,24.77,100.83,20.76,84.5,25.22,1
10/25/2019,1.72,1.12,7.97,32.56,24.59,100.88,22.49,82,24.53,1
10/26/2019,2.46,1.43,8.01,32.19,24.18,100.85,21.7,83.25,24.58,1
10/27/2019,5.57,1.46,7.42,32.01,24.59,100.8,19.73,83.95,24.98,1
10/28/2019,5.63,0.48,5.37,30.65,25.28,100.84,20.38,84.7,24.63,1
10/29/2019,1.08,1.42,6.94,31.94,25,100.83,21.81,81.71,24.2,1
10/30/2019,0.01,1.71,6.42,31.14,24.72,100.71,21.9,82.37,24.24,1
10/31/2019,0.48,2.48,3.85,27.49,23.64,100.57,13.25,86.31,23.01,1
11/1/2019,0.93,1.59,7,30.07,23.07,100.72,16.69,88.42,24.19,1
11/2/2019,0.12,1.31,6.02,29.92,23.9,100.83,15.32,87.05,24.18,1
11/3/2019,4.34,0.9,5.18,28.89,23.71,100.89,18.36,87.91,23.97,1
11/4/2019,2.24,0.87,7.7,31.2,23.5,100.9,18.62,82.49,23.91,1
11/5/2019,0.31,1.22,8.06,31.88,23.82,100.77,20,79.56,23.5,1
11/6/2019,1.49,0.95,7.91,31.58,23.67,100.69,17.8,83.53,24.11,1
11/7/2019,0.79,1.1,7.42,31.93,24.51,100.78,15.52,82.28,24.33,1
11/8/2019,0.78,2.34,8.07,31.02,22.95,101.01,16.37,81.84,23.05,1
11/9/2019,0.17,2.06,8.35,30.3,21.95,101.04,16.68,80.1,21.21,1
11/10/2019,0,2.03,8.41,29.46,21.05,100.87,20.58,76.38,19.77,0
11/11/2019,0.77,2.3,4.5,26.24,21.74,100.74,14.03,86.73,21.08,1
11/12/2019,0.23,1.44,8.66,30.43,21.77,100.85,12.49,83.16,22.37,1
11/13/2019,0.75,1.17,8.34,30.73,22.39,101.01,12.62,84.87,23.38,1
11/14/2019,0.67,2.22,7.87,31.13,23.26,101,20.65,81.87,22.75,1
11/15/2019,0.08,2.03,10.41,30.43,20.02,100.99,21.89,75.61,20.81,1
11/16/2019,0.58,1.24,9.51,31.8,22.29,100.95,19.8,74.92,21.62,1
11/17/2019,0.56,0.89,9.25,31.99,22.74,100.94,18.84,80.35,23.24,1
11/18/2019,0.42,1.21,8.12,31.98,23.86,100.95,17.79,80.78,23.73,1
11/19/2019,0.02,2.18,9.02,32,22.98,100.97,20.78,78.39,22.1,1
11/20/2019,0,2.52,11.56,31.23,19.67,101.03,20.88,76.01,20.2,0
11/21/2019,0,2.43,10.01,31.8,21.79,101.05,21.52,75.41,21.16,0
11/22/2019,0,2.19,10.55,31.9,21.35,101.06,22.24,75.66,21.27,0
11/23/2019,0,1.91,11.98,33.06,21.08,101.03,22.4,73.57,20.92,0
11/24/2019,5.91,1.46,10.51,33.02,22.51,100.98,20.45,78.84,23.06,1
11/25/2019,7.39,2.44,8.99,32.1,23.11,101.06,19.21,78.64,22.7,1
11/26/2019,0.02,2,9.82,33.1,23.28,100.94,20.82,75.92,22.85,1
11/27/2019,0,2.36,9.88,33.5,23.62,100.9,18.14,76.69,23.45,0
11/28/2019,0,3.16,10.07,33.64,23.57,100.93,17.73,75.6,23.05,0
11/29/2019,0.78,2.78,9.57,33.55,23.98,100.95,19.57,75.67,23.15,1
11/30/2019,0.28,2.83,10.05,34.18,24.13,100.96,20.73,72.99,22.74,1
12/1/2019,0,2.4,9.15,31.82,22.67,100.98,20.49,71.81,20.92,0
12/2/2019,0,3.16,10.87,32.84,21.97,101.04,20.16,69.11,20.45,0
12/3/2019,0,3.8,7.63,29.6,21.97,101.19,18.15,65.6,17.84,0
12/4/2019,0,3.25,11,31.26,20.26,101.23,19.68,64.01,16.9,0
12/5/2019,0,3.16,11.56,31.1,19.54,101.32,20.63,64.63,16.67,0
12/6/2019,0,3.81,11.98,30.43,18.45,101.37,21.72,62.36,15.42,0
12/7/2019,0,3.81,12.8,30.28,17.48,101.35,21.39,62.03,15.06,0
12/8/2019,0,3.47,13.42,30.84,17.42,101.39,19.24,62.7,15.05,0
12/9/2019,0,2.75,14.09,31.93,17.84,101.29,21.92,65.15,16.44,0
12/10/2019,0,2.28,13.4,32.43,19.03,101.12,21.53,65.58,17.14,0
12/11/2019,0,1.86,14.33,32.85,18.52,101.08,21.54,67.06,17.73,0
12/12/2019,0,2.32,13.76,33.69,19.93,101.08,19.29,65.83,18.46,0
12/13/2019,0,2.17,12.66,33.43,20.77,101.19,20.69,66.72,19.05,0
12/14/2019,0,2.92,13.35,35.02,21.67,101.18,21.08,64.45,19.74,0
12/15/2019,0,2.48,12.53,35.32,22.79,101.03,20.65,64.28,20.54,0
12/16/2019,0,2.03,12.5,35.36,22.86,100.97,19.44,65.87,20.93,0
12/17/2019,0,2.16,12.02,35.76,23.74,101,19.09,62.87,20.31,0
12/18/2019,0,1.24,9.09,32.61,23.52,101.09,17.04,69.82,21.13,0
12/19/2019,0,1.66,10.68,34.62,23.94,101.03,15.93,67.97,21.39,0
12/20/2019,0,1.73,12.11,35.79,23.68,100.93,17.05,65.04,20.36,0
12/21/2019,0,1.48,13.95,35.77,21.82,100.98,21.54,62.72,18.87,0
12/22/2019,0.07,1.63,14.29,36.12,21.83,100.97,19.34,64.09,19.7,1
12/23/2019,0.27,1.32,12.56,35.58,23.02,100.99,17.64,65.76,20.78,1
12/24/2019,0,1.81,12.41,36,23.59,101.04,18.48,65.79,20.95,0
12/25/2019,0,1.48,13.24,35.87,22.63,100.98,19.49,58.14,17.67,0
12/26/2019,0,1.45,14.28,36.17,21.89,100.99,19.76,65.06,19.93,0
12/27/2019,0,2.09,12.89,35.04,22.15,101,16.87,63.4,19.18,0
12/28/2019,0,2.34,14.66,34.52,19.86,101.06,20.56,57.46,16.47,0
12/29/2019,0,1.74,14.36,35.94,21.58,101.01,21.12,58.14,17.89,0
12/30/2019,0,1.85,14.53,36.44,21.91,101.1,20.09,60.26,19.4,0
12/31/2019,0,3.31,11.9,36.65,24.75,101.23,16.46,55.75,19.11,0
1/1/2020,0,3.57,14.17,36.44,22.27,101.34,21.45,53.32,17.67,0
1/2/2020,0,3.09,13.5,36.65,23.15,101.36,20.4,56.16,19.1,0
1/3/2020,0,2.76,11.87,36.16,24.29,101.26,17,56.49,19.57,0
1/4/2020,0,2.49,12.95,35.17,22.22,101.13,20.11,55.05,17.16,0
1/5/2020,0,2.44,14.04,35.19,21.15,101.11,21.66,54.73,16.41,0
1/6/2020,0,1.47,15.93,36.54,20.61,101.09,22.02,53.96,16.88,0
1/7/2020,0,0.86,12.55,36.38,23.83,100.98,17.69,56.75,19.63,0
1/8/2020,0,1.61,11.92,37.45,25.53,100.94,16.6,54.53,19.83,0
1/9/2020,0.34,1.81,12.37,37.94,25.57,100.87,20.95,51.22,18.79,1
1/10/2020,0.28,1.72,13.29,37.31,24.02,100.85,19.18,56.35,19.13,1
1/11/2020,0.28,1.6,11.43,36.21,24.78,100.84,14.11,59.69,20.57,1
1/12/2020,1.27,1.8,9.31,34.46,25.15,100.85,14.48,62.94,20.84,1
1/13/2020,6.3,1.63,10.67,33.83,23.16,100.89,20.33,62.39,18.68,1
1/14/2020,0,1.74,13.62,35.36,21.74,101.02,21.45,54.41,16.07,0
1/15/2020,0,0.89,13.55,35.24,21.69,101.03,20.79,55.15,16.92,0
1/16/2020,0,0.95,14.97,35.92,20.95,101.03,18.66,53.29,16.75,0
1/17/2020,0,1.52,13.79,36.52,22.73,101.07,18.51,50.71,16.71,0
1/18/2020,0,1.58,13.65,36.13,22.48,101.03,18.88,51.81,16.78,0
1/19/2020,0,1.45,13.96,36.44,22.48,101.09,17.24,51.23,16.74,0
1/20/2020,0,1.4,15.02,37.52,22.5,101.13,20.07,47.96,16.55,0
1/21/2020,0,1.03,13.5,37.52,24.02,101.23,20.04,47.57,16.93,0
1/22/2020,0.29,1.36,14.22,37.97,23.75,101.14,20.47,52.55,18.7,1
1/23/2020,0.25,1.88,13.76,37.73,23.97,101.03,20.4,54.45,18.73,1
1/24/2020,0,1.82,14.76,37.76,23,101.06,20.91,47.5,15.54,0
1/25/2020,0,2.66,15.38,37.37,21.99,100.93,18.99,55.7,18.22,0
1/26/2020,0,1.94,14.77,37.95,23.18,100.85,20.06,53.12,17.7,0
1/27/2020,0,2.65,14.28,37.45,23.17,100.84,20.41,53.2,17.71,0
1/28/2020,0,2.24,14.75,37.09,22.34,100.94,21.08,52.14,16.96,0
1/29/2020,1.47,1.3,13.5,36.59,23.09,101.07,18.62,54.32,18.45,1
1/30/2020,11.08,2.03,7.4,31.29,23.89,101.11,16.89,69.97,20.68,1
1/31/2020,5.02,2.06,12,32.8,20.8,101.19,8.06,65.73,18.49,1
2/1/2020,0,1.67,13.2,34.69,21.49,101.16,19.8,56.65,16.89,0
2/2/2020,0,1.68,13.7,34.79,21.09,101.31,21.59,53.96,15.65,0
2/3/2020,0,1.72,14.87,35.34,20.47,101.19,21.65,51.46,15.34,0
2/4/2020,0,1.43,14.02,35.06,21.04,101.09,20.41,58.73,18.36,0
2/5/2020,0,1.71,13.94,36.01,22.07,101.06,21.63,52.55,16.3,0
2/6/2020,0,0.97,14.91,35.84,20.93,101.14,20.52,50.12,15.27,0
2/7/2020,0,1.97,17.49,37.24,19.75,101.17,21.58,45.49,13.35,0
2/8/2020,0.68,1.95,16.22,36.95,20.73,101.2,21.28,48.05,15.75,1
2/9/2020,0.01,3.75,9,33.61,24.61,101.22,20.08,47.41,16.47,1
2/10/2020,0,3.1,10.39,34.63,24.24,101.24,15.81,49.67,17,0
2/11/2020,0,2.24,13.5,37.23,23.73,101.19,18.77,50.51,18.12,0
2/12/2020,0.01,2.4,14.08,38.57,24.49,101.1,21.87,51.17,18.78,1
2/13/2020,0,2.48,14.47,38.71,24.24,101.02,22.27,51.27,18.79,0
2/14/2020,0,2.86,14.67,39.18,24.51,100.88,19.96,53.25,19.38,0
2/15/2020,0,2.45,13.92,39.16,25.24,100.96,22.22,53.25,19.45,0
2/16/2020,0,1.77,14.37,39.34,24.97,101.07,21.78,49.96,18.51,0
2/17/2020,1.04,2.54,10.9,37.02,26.12,101.2,13.21,52.02,19.6,1
2/18/2020,0,4.07,13.55,37.53,23.98,101.27,22.12,43.32,15.65,0
2/19/2020,0,3.8,14.7,37.19,22.49,101.3,24.11,41.82,13.77,0
2/20/2020,0,3.14,15.3,37.04,21.74,101.25,23.94,43.02,14.12,0
2/21/2020,0,4.02,14.44,37.72,23.28,101.38,22.03,44.34,15.83,0
2/22/2020,0,4.07,14.3,37.17,22.87,101.44,24.79,42.94,14.82,0
2/23/2020,0,4.19,14.2,37.32,23.12,101.34,23.31,38.75,12.84,0
2/24/2020,0,2.42,15.61,37.29,21.68,101.15,24.6,37.81,12.2,0
2/25/2020,0,1.13,15.27,37.8,22.53,101.01,22.95,41.57,13.8,0
2/26/2020,0.06,1.76,14.41,38.23,23.82,101.03,21.19,47.31,17.23,1
2/27/2020,0.3,1.8,13.16,37.83,24.67,100.95,20.53,45.86,16.95,1
2/28/2020,0.04,1.76,13.26,37.57,24.31,100.94,18.1,41.38,14.96,1
2/29/2020,0,1.88,14.48,38.27,23.79,100.84,20.83,43.8,16.52,0
3/1/2020,0.18,2.1,13.25,38.37,25.12,100.89,19.89,48.87,18.88,1
3/2/2020,4.55,2.42,12.1,37.36,25.26,100.89,19.22,57.02,20.89,1
3/3/2020,0.05,2.37,12.79,38.74,25.95,100.87,19.82,49.24,18.97,1
3/4/2020,0.42,2.49,11.73,37.26,25.53,100.9,19.99,53.62,20.16,1
3/5/2020,0.37,3.24,12.32,37.85,25.53,100.93,15.65,53.31,20.17,1
3/6/2020,0.12,2.65,12.15,37.32,25.17,101.06,18.23,57.84,21.03,1
3/7/2020,0,1.72,12.04,37.86,25.82,101.02,20.45,51.1,19.64,0
3/8/2020,0,1.48,13.36,40.76,27.4,100.73,18.1,49.34,20.43,0
3/9/2020,0.02,2.44,12.32,39.98,27.66,100.59,19.07,51.73,21.22,1
3/10/2020,1.36,2.48,14.43,41.03,26.6,100.63,22.29,52.08,20.91,1
3/11/2020,0.48,3.43,10.78,38.42,27.64,100.87,18.86,53.65,21.15,1
3/12/2020,0.79,3.06,13.07,39.49,26.42,101.01,22.7,50.31,19.91,1
3/13/2020,0.03,2.62,14.07,40.07,26,101.03,23.35,51.39,20.38,1
3/14/2020,0.31,3.23,13.26,40.15,26.89,100.9,21.37,50.2,20.28,1
3/15/2020,1.61,3.32,14.29,39.94,25.65,100.94,21.81,49.92,19.18,1
3/16/2020,6.31,2,11.59,37.12,25.53,101.05,20.51,59.78,21.46,1
3/17/2020,1.16,1.7,11.46,37.17,25.71,101.08,20.68,58.51,21.1,1
3/18/2020,0.83,2.4,12.44,37.06,24.62,100.97,18.4,56.14,20.18,1
3/19/2020,0.29,3.11,12.27,38.95,26.68,100.91,20.52,49.47,19.25,1
3/20/2020,3.77,2.75,12.06,36.36,24.3,101.01,21.06,55.77,19.3,1
3/21/2020,2.37,2,14.53,37.13,22.6,101.03,25.09,59.07,19.66,1
3/22/2020,7.24,1.6,11.62,35.81,24.19,100.98,21.1,63.27,21.17,1
3/23/2020,1.63,2.07,12.03,36.66,24.63,100.88,22.06,62.45,21.41,1
3/24/2020,0.22,2.64,12.06,37.08,25.02,100.78,19.7,58.1,20.69,1
3/25/2020,0.02,2.72,13.63,38.11,24.48,100.71,20.04,56.14,20.45,1
3/26/2020,0,2.52,14.32,39.06,24.74,100.82,21.77,52.92,20.05,0
3/27/2020,0,1.71,13.26,39.4,26.14,100.84,20.83,50.75,20.46,0
3/28/2020,0,2.52,11.14,38.86,27.72,100.74,19.23,52.45,21.18,0
3/29/2020,0.01,3.06,10.95,38.87,27.92,100.69,19.38,50.09,20.53,1
3/30/2020,0,2.87,14.11,40.26,26.15,100.75,21.13,45.58,18.71,0
3/31/2020,0,2.05,13.67,40.5,26.83,100.72,20.83,48.95,20.36,0
4/1/2020,0.69,2.83,12.18,40.17,27.99,100.74,17.04,48.31,20.56,1
4/2/2020,3.26,3.05,11.93,38.94,27.01,100.81,18.14,53.62,21.03,1
4/3/2020,3.5,2.43,12.99,38.93,25.94,100.88,21.39,56.42,21.28,1
4/4/2020,0.67,2.28,13.19,39.11,25.92,100.9,21.52,55.03,20.98,1
4/5/2020,0.06,2.69,12.42,39.37,26.95,100.92,21.66,52.49,20.91,1
4/6/2020,3.16,2.32,12.19,39.02,26.83,100.87,18.41,53.78,21.14,1
4/7/2020,14.17,1.83,6.45,33.04,26.59,100.86,16.26,72.92,24.18,1
4/8/2020,0.1,2.28,10.53,36.31,25.78,100.9,15.33,63.55,22.49,1
4/9/2020,1.27,1.5,4.34,30.67,26.33,101.02,16.74,77.57,23.95,1
4/10/2020,4.42,1.43,6.24,31.93,25.69,101.08,17.18,75.19,24.04,1
4/11/2020,0.13,1.28,11.26,36.46,25.2,101.02,16.38,64.74,22.91,1
4/12/2020,2.21,2.08,9.82,35.5,25.68,100.93,17.82,62.04,21.97,1
4/13/2020,30.46,1.65,3.88,29.77,25.89,100.97,13.06,83.12,24.51,1
4/14/2020,0.96,1.66,9.65,33.99,24.34,101.01,20.28,71.28,23.02,1
4/15/2020,7.02,1.02,5.91,31.36,25.45,101.05,15.83,78.47,23.59,1
4/16/2020,5.23,2,7.68,31.97,24.29,100.94,16.87,76.96,23.36,1
4/17/2020,4.02,1.64,4.79,30.11,25.32,100.96,17.45,82.8,24.23,1
4/18/2020,0,1.14,11.68,36.43,24.75,100.98,20.97,65.09,22.17,0
4/19/2020,0,2.01,11.61,37.29,25.68,100.87,21.06,64.82,22.94,0
4/20/2020,0.01,2.09,11.68,37.41,25.73,100.86,22.72,63.47,22.84,1
4/21/2020,0.18,2.25,12.48,38.22,25.74,100.8,23.29,61.63,22.26,1
4/22/2020,1.23,2.12,9.85,35.7,25.85,100.79,20.98,69.02,23.54,1
4/23/2020,1.59,1.89,8.81,35.32,26.51,100.82,19.58,69.54,23.87,1
4/24/2020,6.83,1.47,5.11,31.6,26.49,100.88,17.06,81.98,25.09,1
4/25/2020,10.65,1.64,10.04,35.76,25.72,100.86,19.82,71.7,23.71,1
4/26/2020,35.63,1.3,6.09,31.83,25.74,100.93,23.41,80.91,24.58,1
4/27/2020,5.28,1.4,7.67,33.12,25.45,101,22.98,76.92,23.76,1
4/28/2020,3.26,1.87,8.55,33.32,24.77,100.93,22.23,76.2,23.5,1
4/29/2020,0.02,1.18,10,35.5,25.5,100.84,17.57,69.92,23.58,1
4/30/2020,0.85,1.29,9.12,34.72,25.6,100.87,21.67,70.97,23.84,1
5/1/2020,0.46,1.43,9.94,35.88,25.94,100.76,22.96,69.97,23.82,1
5/2/2020,0.06,1.83,11.99,37.13,25.14,100.66,21.38,65.3,22.91,1
5/3/2020,5.73,1.67,8.5,35.17,26.67,100.69,20.8,73.59,24.92,1
5/4/2020,2.04,1.61,8.91,35.52,26.61,100.77,19.62,73.45,24.98,1
5/5/2020,0.53,1.79,8.35,35.09,26.74,100.67,22.69,73.27,25.06,1
5/6/2020,1.35,2.18,6.93,33.95,27.02,100.66,19.26,77.4,25.43,1
5/7/2020,0.12,1.97,9.01,35.48,26.47,100.57,20.2,73.47,25.07,1
5/8/2020,0.56,2.55,10.59,37.53,26.94,100.56,21.87,71.19,24.98,1
5/9/2020,0.01,1.85,9.18,36.26,27.08,100.63,22.05,71.97,24.8,1
5/10/2020,0,1.77,9.52,36.5,26.98,100.67,20.49,70.29,24.45,0
5/11/2020,0.21,1.98,7.33,34.67,27.34,100.78,19.41,70.37,24.04,1
5/12/2020,0.34,1.09,6.84,33.88,27.04,100.71,22.4,73.17,24.5,1
5/13/2020,3.67,1.61,11.82,37.76,25.94,100.67,16.41,67.46,23.78,1
5/14/2020,1.39,1.73,8.65,35.31,26.66,100.69,21.27,69.75,24.24,1
5/15/2020,2.01,1.92,7.54,34.39,26.85,100.51,20.14,73.95,24.64,1
5/16/2020,0.19,1.22,6.87,33.56,26.69,100.47,20.91,75.07,24.92,1
5/17/2020,2.75,1.92,5.64,32.81,27.17,100.46,18.31,78.23,25.13,1
5/18/2020,0.04,1.36,9.58,35.03,25.45,100.44,22.28,67.9,22.77,1
5/19/2020,0.79,1.82,10.95,37.39,26.44,100.51,21.09,70.06,24.26,1
5/20/2020,0.58,1.97,10.51,36.89,26.38,100.55,17.06,69.03,24.03,1
5/21/2020,0,2.09,8.76,35.4,26.64,100.58,21.49,70.81,24.44,0
5/22/2020,0.81,1.73,7.06,34.2,27.14,100.56,22.74,73.87,24.8,1
5/23/2020,14.86,2.67,6.42,33.35,26.93,100.66,15.39,82.13,25.8,1
5/24/2020,40.1,2,8.39,33.92,25.53,100.85,18.97,81.35,25.11,1
5/25/2020,0.54,2.08,8.35,34.27,25.92,100.92,21.45,77.84,24.79,1
5/26/2020,0.59,1.48,8.78,34.66,25.88,100.9,24.78,74.5,24.58,1
5/27/2020,1.24,2.03,7.78,33.87,26.09,100.83,21.37,78.02,25.09,1
5/28/2020,2.26,1.32,4.34,30.45,26.11,100.85,20.35,85.11,25.33,1
5/29/2020,1.92,1.63,7.44,33.18,25.74,100.86,13.22,78.61,24.72,1
5/30/2020,3.82,1.33,5.43,31.15,25.72,101,21.59,83.57,24.97,1
5/31/2020,3.33,0.84,7.96,33.61,25.65,100.97,20.6,74.61,24.25,1
6/1/2020,24.39,1.04,5.99,31.9,25.91,100.91,20.68,83.59,25.36,1
6/2/2020,37.84,1.81,5.68,31.09,25.41,100.88,18.26,86.11,25.13,1
6/3/2020,1.53,1.64,7.94,32.75,24.81,100.77,23.06,81.04,24.54,1
6/4/2020,5.19,1.72,6.56,31.83,25.27,100.74,18.4,83.58,24.91,1
6/5/2020,11.9,1.92,5.66,30.71,25.05,100.75,20.98,87.62,25.34,1
6/6/2020,25.15,2.26,4.24,29.67,25.43,100.75,20.48,90.9,25.47,1
6/7/2020,9.24,1.58,5.75,30.3,24.55,100.69,22.02,86.75,24.63,1
6/8/2020,4.24,1.77,7.1,31.12,24.02,100.65,25.66,85.51,24.91,1
6/9/2020,1.19,2,7.26,32.84,25.58,100.62,22.58,82.55,25.34,1
6/10/2020,0.17,1.57,5.23,30.35,25.12,100.69,17,88.29,25.19,1
6/11/2020,0.59,1.22,5.9,31.02,25.12,100.61,20.88,83.12,24.42,1
6/12/2020,3.44,2.07,4.8,30.04,25.24,100.47,21.5,86.69,24.77,1
6/13/2020,3.51,2.28,7.25,32.08,24.83,100.42,18.59,85.02,25.17,1
6/14/2020,220.4,2.41,4.52,29.95,25.43,100.54,16.59,91.15,25.8,1
6/15/2020,274.47,2.72,3.03,28.69,25.66,100.77,16.14,94.77,26.12,1
6/16/2020,1.09,1.75,4.75,29.74,24.99,100.82,20.36,90.22,25.16,1
6/17/2020,5.68,1.28,6.36,30.85,24.49,100.77,20.93,86.88,25.04,1
6/18/2020,13.17,1.47,6.45,31.35,24.9,100.73,22.93,84.42,25.17,1
6/19/2020,1.54,0.73,6.94,32.07,25.13,100.7,21.97,84.91,25.27,1
6/20/2020,3.2,2.22,3.52,28.93,25.41,100.67,20.58,91.06,25.42,1
6/21/2020,1.88,1.28,6.83,31.53,24.7,100.55,21.98,85.91,25.21,1
6/22/2020,1.7,1.99,6.06,30.99,24.93,100.56,20.94,88.23,25.5,1
6/23/2020,1.3,1.71,6.57,31.56,24.99,100.65,23.62,86.7,25.44,1
6/24/2020,9.5,1.58,5.36,30.53,25.17,100.62,23.77,89.29,25.72,1
6/25/2020,7.22,2,4.73,29.73,25,100.62,20.24,91.24,25.56,1
6/26/2020,7.99,1.62,4.95,29.47,24.52,100.67,21.42,90.08,25.02,1
6/27/2020,5.26,2.67,5.65,30.66,25.01,100.62,22.08,88.57,25.28,1
6/28/2020,5.16,2.64,4.36,29.21,24.85,100.65,21.87,90.08,24.85,1
6/29/2020,14.49,3.06,4.76,29.38,24.62,100.62,16.39,90.69,24.94,1
6/30/2020,1.19,2.45,4.61,28.44,23.83,100.71,13.26,90.12,23.98,1
7/1/2020,2.27,1.53,6.28,29.35,23.07,100.67,12.48,85.9,23.44,1
7/2/2020,7.45,2.29,7.79,31.39,23.6,100.56,17.74,86.92,24.66,1
7/3/2020,4.27,2.52,4.26,28.64,24.38,100.71,16.3,91.8,24.78,1
7/4/2020,0.73,1.55,5.93,30.03,24.1,100.81,18.06,85.55,24.12,1
7/5/2020,0.33,1.46,7.61,31.72,24.11,100.61,21.63,81.49,24.2,1
7/6/2020,1.37,2.53,5.28,30.26,24.98,100.53,17.04,89.37,25.3,1
7/7/2020,1.59,2.14,5.75,30.28,24.53,100.75,19.34,88.84,25.02,1
7/8/2020,3.02,1.65,6.25,30.41,24.16,100.75,22.85,88,24.86,1
7/9/2020,1.21,1.79,8.44,32.4,23.96,100.58,22.32,83.79,24.65,1
7/10/2020,6.92,2.17,4.7,29.59,24.89,100.65,22.88,89.61,25.1,1
7/11/2020,1.01,1.88,7.38,31.8,24.42,100.62,21.54,85.79,24.84,1
7/12/2020,1.61,1.85,7.42,31.62,24.2,100.58,18.1,85.44,24.67,1
7/13/2020,2.36,2.19,5.35,29.79,24.44,100.65,22.15,89.23,24.87,1
7/14/2020,4.08,1.44,7.8,31.55,23.75,100.65,24.71,83.45,24.56,1
7/15/2020,13.07,1.34,4.33,29.85,25.52,100.57,20.03,87.77,25.15,1
7/16/2020,1.8,1.14,7.24,31.95,24.71,100.54,22.5,83.28,24.79,1
7/17/2020,0.14,1.93,6.59,31.57,24.98,100.63,23.55,87.21,25.5,1
7/18/2020,0.74,1.66,6.24,31.12,24.88,100.72,21.9,86.05,25.1,1
7/19/2020,2.04,1.27,6.6,31.67,25.07,100.6,23.66,84.05,25.02,1
7/20/2020,2.63,1.57,4.59,29.91,25.32,100.59,20.2,89.16,25.44,1
7/21/2020,3.61,1.3,5.27,30.02,24.75,100.72,20.78,88.86,24.89,1
7/22/2020,1.17,1.08,7.32,31.75,24.43,100.69,21.66,83.28,24.68,1
7/23/2020,1.63,1.53,5.98,31.09,25.11,100.65,23.95,85.65,25.05,1
7/24/2020,16.48,1.33,4.54,29.39,24.85,100.71,18.34,88.51,24.91,1
7/25/2020,6.95,1.49,6.35,30.63,24.28,100.7,23.16,84.52,24.5,1
7/26/2020,23.07,1.6,6.21,30.84,24.63,100.66,22.28,87,25.09,1
7/27/2020,33.7,1.81,6.24,30.98,24.74,100.56,24.24,87.57,25.22,1
7/28/2020,1,1.56,7.63,32.24,24.61,100.57,22.63,84.98,25.17,1
7/29/2020,4.55,1.72,5.38,30.31,24.93,100.65,21.55,89.84,25.41,1
7/30/2020,2.22,2.01,3.94,28.89,24.95,100.58,21.86,90.76,25.23,1
7/31/2020,13.66,2.56,4.48,29.39,24.91,100.39,17.51,92.21,25.33,1
8/1/2020,34.37,3.74,4.66,29.68,25.02,100.33,10.18,91.71,25.12,1
8/2/2020,16.61,3.86,3.54,28.58,25.04,100.32,12.44,92.8,25.23,1
8/3/2020,12.23,3.31,3.14,28.47,25.33,100.4,10.37,92.83,25.46,1
8/4/2020,0.73,2.9,4.37,29.1,24.73,100.49,16.17,90.88,25.01,1
8/5/2020,1.64,1.6,5.05,29.38,24.33,100.59,17.67,90.2,24.84,1
8/6/2020,8.85,1.86,5.12,29.51,24.39,100.61,20.18,90.58,25.01,1
8/7/2020,26.06,1.95,4.79,29.28,24.49,100.5,17.34,91.19,25.12,1
8/8/2020,3.9,2.11,6.09,30.25,24.16,100.56,14.96,89.75,24.94,1
8/9/2020,2.84,2.34,6.04,29.87,23.83,100.6,15.18,90.33,24.95,1
8/10/2020,7.46,3.07,5.17,30.23,25.06,100.68,15.34,91.23,25.52,1
8/11/2020,1.09,2.56,7.05,31.11,24.06,100.69,20.65,87.13,24.92,1
8/12/2020,3.38,2.34,4.36,29.65,25.29,100.75,18.94,91.13,25.51,1
8/13/2020,6.62,2.42,4.35,28.8,24.45,100.73,15.66,91.57,24.95,1
8/14/2020,9.29,1.66,4.18,28.57,24.39,100.74,17.46,91.22,24.6,1
8/15/2020,9.77,1.52,6.38,29.62,23.24,100.74,20.08,85.66,23.66,1
8/16/2020,0.1,1.28,7.23,31.09,23.86,100.69,20.59,83.33,24.26,1
8/17/2020,0.08,1.22,6.43,30.76,24.33,100.63,22.15,85.91,24.71,1
8/18/2020,1.76,1.79,6.38,31.4,25.02,100.61,22.71,84.69,24.58,1
8/19/2020,0.7,2.06,7.08,30.53,23.45,100.62,18.75,81.29,23.15,1
8/20/2020,2.36,1.55,7.43,31.22,23.79,100.67,18.28,85.08,24.42,1
8/21/2020,11.45,1.24,8.4,32.37,23.97,100.77,21.42,81.26,24.13,1
8/22/2020,10.44,1.87,7.32,31.91,24.59,100.74,22.26,85.04,25.01,1
8/23/2020,0.45,2.23,6.65,31.33,24.68,100.76,22.85,87.01,25.18,1
8/24/2020,0.02,1.62,5.63,30.79,25.16,100.81,22.74,87.15,25.18,1
8/25/2020,0,1.5,8.25,32.4,24.15,100.73,24.48,83.55,24.81,0
8/26/2020,0.01,1.88,7.85,32.41,24.56,100.63,22.79,84.19,25.22,1
8/27/2020,0.03,2.21,5.91,31.27,25.36,100.52,22.83,87.25,25.5,1
8/28/2020,0.3,2.1,6.32,31.04,24.72,100.43,20.63,87.83,25.49,1
8/29/2020,0.42,2.05,7.16,31.7,24.54,100.46,20.5,85.73,25.17,1
8/30/2020,0.18,2.15,7.28,31.77,24.49,100.47,24.17,86.64,25.34,1
8/31/2020,1.03,2.16,6.83,31.69,24.86,100.53,20.65,86.59,25.44,1
9/1/2020,4.82,1.68,7.79,32.37,24.58,100.6,16.33,83.25,25,1
9/2/2020,6.16,1.39,5.65,30.44,24.79,100.67,18.63,85.27,24.8,1
9/3/2020,0.43,1.14,8.19,32.64,24.45,100.67,20,80.31,24.65,1
9/4/2020,0.14,2.14,6.54,31.99,25.45,100.62,18.97,85.6,25.47,1
9/5/2020,0.39,1.51,8.09,32.45,24.36,100.61,20.74,83.81,24.93,1
9/6/2020,0.82,1.78,5.65,30.78,25.13,100.62,21.27,87.78,25.46,1
9/7/2020,1.13,1.78,2.55,27.89,25.34,100.74,18.58,88.08,24.64,1
9/8/2020,0.13,1.3,6.92,31.43,24.51,100.78,22.1,84.65,24.78,1
9/9/2020,0.23,1.37,7.95,32.53,24.58,100.71,19.48,82.97,24.73,1
9/10/2020,0.23,1.19,6.94,31.23,24.29,100.54,19.61,83.99,24.43,1
9/11/2020,0.92,1.37,7.11,31.52,24.41,100.67,19.84,84.31,24.61,1
9/12/2020,6.64,1.45,6.64,31.3,24.66,100.79,20.19,85.7,24.95,1
9/13/2020,4.38,1.78,5.19,30.21,25.02,100.8,19.13,88.1,25.1,1
9/14/2020,4.81,1.79,5.55,30.2,24.65,100.75,14.42,88,24.64,1
9/15/2020,6.92,1.98,5.8,29.99,24.19,100.73,18.62,87.84,24.4,1
9/16/2020,1.76,2.08,7.89,31.62,23.73,100.64,18.88,84.8,24.51,1
9/17/2020,52.25,2.05,4.55,29.56,25.01,100.46,19.52,89.44,25.15,1
9/18/2020,51.83,3.14,3.51,28.22,24.71,100.25,11.26,92.16,24.86,1
9/19/2020,45.62,3.54,3.3,28.18,24.88,100.55,9.44,94.27,25.31,1
9/20/2020,7.71,2.39,4.45,28.93,24.48,100.84,15.94,90.86,24.79,1
9/21/2020,0.61,1.53,6.44,30.4,23.96,100.77,19.68,88.17,24.7,1
9/22/2020,4.66,0.77,5.94,30.6,24.66,100.72,16.34,88.48,24.74,1
9/23/2020,2.39,2.24,6.53,30.89,24.36,100.74,20.35,90.11,25.46,1
9/24/2020,1.28,1.74,5.74,29.93,24.19,100.86,18.61,89.35,24.86,1
9/25/2020,5.41,1.49,6.03,30.27,24.24,100.84,19.88,87.47,24.51,1
9/26/2020,2.81,1.96,5.62,29.31,23.69,100.75,17.23,91.89,24.76,1
9/27/2020,39.4,2.48,4.54,28.34,23.8,100.54,11.05,91.62,24.38,1
9/28/2020,21.95,3.05,4.87,29.48,24.61,100.47,13.22,90.91,24.88,1
9/29/2020,3.52,2.14,5.2,29.27,24.07,100.68,15.71,91.6,24.83,1
9/30/2020,1.53,1.71,6.52,30.55,24.03,100.57,17.78,88.57,24.94,1
10/1/2020,6.13,1.56,5.11,29.59,24.48,100.54,17.18,90.81,25.1,1
10/2/2020,12.48,1.2,6.11,30.63,24.52,100.54,15.74,89.17,25.12,1
10/3/2020,2.86,1.66,4.44,29.24,24.8,100.68,15.11,91.23,25.26,1
10/4/2020,5.28,1.58,5.12,29.76,24.64,100.75,20.22,89.66,24.98,1
10/5/2020,37.31,1.79,5.16,29.86,24.7,100.68,11.65,89.1,24.77,1
10/6/2020,1.78,1.58,7.05,30.74,23.69,100.63,16.78,88.08,24.82,1
10/7/2020,11.57,1.93,5.61,29.94,24.33,100.44,12.57,89.4,24.74,1
10/8/2020,17.03,2.36,5.13,30.33,25.2,100.38,15.3,90.46,25.37,1
10/9/2020,17.57,0.89,4.64,29.12,24.48,100.52,13.77,90.9,25,1
10/10/2020,56,1.97,4.93,29.61,24.68,100.46,9.46,91.31,25.03,1
10/11/2020,18.11,2.53,5.41,29.45,24.04,100.32,12.79,91.7,24.93,1
10/12/2020,33.57,2.26,3.34,27.41,24.07,100.35,16.52,91.5,24,1
10/13/2020,38.32,1.82,4.65,28.91,24.26,100.35,13.52,90.23,24.44,1
10/14/2020,34.08,2.57,5.74,29.91,24.17,100.36,13.85,91.43,25.2,1
10/15/2020,12.48,3.74,3.52,28.01,24.49,100.33,13.94,94.25,24.95,1
10/16/2020,35.36,3.05,3.31,27.5,24.19,100.31,11.74,94.8,24.85,1
10/17/2020,20.41,3.2,3.6,28.12,24.52,100.36,13.39,94.41,24.97,1
10/18/2020,40.13,3.23,2.76,27.65,24.89,100.58,11.42,94.6,25.11,1
10/19/2020,8.75,1.87,4.96,29.09,24.13,100.66,15.92,92.46,25.1,1
10/20/2020,15.2,1.59,3.94,28.59,24.65,100.7,15.7,91.22,24.8,1
10/21/2020,7.32,1.46,3.79,28.05,24.26,100.71,16.01,92.97,24.82,1
10/22/2020,21.79,1.13,5.88,30.22,24.34,100.72,17.11,83.67,23.84,1
10/23/2020,6.6,1.54,6.39,30.3,23.91,100.75,20.81,87.3,24.48,1
10/24/2020,0.08,2.3,6.42,29.66,23.24,100.82,19.27,88.76,24,1
10/25/2020,0.55,1.33,6.61,29.35,22.74,100.84,17.8,88.32,23.79,1
10/26/2020,0.62,1.64,7.67,29.85,22.18,100.8,20.36,86.17,23.23,1
10/27/2020,0.59,1.66,6.67,29.38,22.71,100.66,17.01,87.62,23.45,1
10/28/2020,5.79,1.98,4.42,27.68,23.26,100.55,10.71,92.34,23.67,1
10/29/2020,6.7,1.74,5.22,28.19,22.97,100.71,12.42,91.92,24.2,1
10/30/2020,7.33,0.94,6.43,30.13,23.7,100.9,18.45,85.22,23.99,1
10/31/2020,15.06,0.99,6.48,30.56,24.08,100.88,16.87,86.68,24.91,1
11/1/2020,6.74,1.44,5.44,30.37,24.93,100.84,18.58,89.71,25.13,1
11/2/2020,0.14,2.29,6.49,30.22,23.73,100.93,19.53,86.07,23.62,1
11/3/2020,0.08,1.87,7.27,30,22.73,101.02,21.55,86.05,23.32,1
11/4/2020,0.22,1.15,7.93,30.49,22.56,100.97,18.75,84.37,23.61,1
11/5/2020,0,1.38,8.31,31.16,22.85,100.9,19.86,83,23.93,0
11/6/2020,0.7,1.7,6.21,30.15,23.94,100.91,18.65,86.72,24.35,1
11/7/2020,3.78,1.51,5.7,29.98,24.28,100.95,13.28,90.45,25.11,1
11/8/2020,7.32,2.52,5.53,29.09,23.56,101.01,18,87.86,23.46,1
11/9/2020,0.43,2.5,6.27,29.43,23.16,100.87,17.76,87.91,23.47,1
11/10/2020,0.21,3.98,6.82,28.35,21.53,100.74,17.83,87.34,22.33,1
11/11/2020,6.43,2.47,6.59,28.09,21.5,100.79,6.85,90.6,22.99,1
11/12/2020,0.9,1.57,7.95,30.72,22.77,100.95,13.53,87.13,24.36,1
11/13/2020,0.18,2.18,6.14,29.71,23.57,100.89,20.34,85.95,23.59,1
11/14/2020,0,2.36,7.26,29.8,22.54,100.83,21.84,84.88,22.62,0
11/15/2020,0,1.57,8.64,31.08,22.44,100.9,21.3,83.99,23.31,0
11/16/2020,1.13,1.17,7.55,31.3,23.75,100.9,19.58,85.37,24.65,1
11/17/2020,0.91,1.69,7.42,31.39,23.97,100.82,21.49,85.02,24.62,1
11/18/2020,4.24,0.94,5.98,30.91,24.93,100.75,21.3,83.64,24.58,1
11/19/2020,43.97,0.69,5.41,30.68,25.27,100.75,18.55,82.9,24.6,1
11/20/2020,2.47,1,6,30.58,24.58,100.77,16.36,86.35,24.96,1
11/21/2020,4.43,0.95,6.16,30.78,24.62,100.82,16.1,86.78,25.1,1
11/22/2020,2.33,1.48,5.42,29.99,24.57,100.94,17.9,87.56,24.5,1
11/23/2020,8.16,2.13,5.29,28.76,23.47,100.99,20.76,88.95,23.78,1
11/24/2020,0.02,2.2,7.94,30.45,22.51,100.97,21.38,85.68,23.52,1
11/25/2020,0.09,2.22,7.11,30.25,23.14,100.97,20.35,84.46,23.47,1
11/26/2020,0.03,2.47,7.98,29.74,21.76,101.03,19.11,85.63,22.89,1
11/27/2020,0.11,2.65,7.83,30.18,22.35,101.07,19.47,86.33,23.28,1
11/28/2020,0.66,2.51,8.28,30.41,22.13,100.99,19.21,88.1,23.89,1
11/29/2020,2.06,3.41,5.11,28.51,23.4,101,12.61,89.87,23.35,1
11/30/2020,0.86,4.1,6.07,27.96,21.89,101.02,15.39,88.69,22.46,1
12/1/2020,2.58,3.11,5.58,28.03,22.45,101.07,13.91,90.52,23.17,1
12/2/2020,0.22,3.08,6.38,29.28,22.9,101.05,15.96,87.16,23.03,1
12/3/2020,0.01,3.02,7.79,28.02,20.23,101.06,21.5,83.97,20.75,1
12/4/2020,0,2.96,8.19,27.53,19.34,101.09,21.31,81.36,19.49,0
12/5/2020,0,2.95,8.27,27.9,19.63,101.14,20.93,83.13,20.17,0
12/6/2020,0,2.79,8.81,28.66,19.85,101.13,20.63,84.5,20.87,0
12/7/2020,0,2.6,7.79,28.88,21.09,101.11,18.58,85.83,22.1,0
12/8/2020,0,2.6,7.14,30,22.86,101.08,19.54,84,22.64,0
12/9/2020,0,2.22,7.64,29.88,22.24,100.94,20.42,84.1,22.44,0
12/10/2020,0.01,1.99,6.99,29.09,22.1,100.92,16.36,86.23,22.68,1
12/11/2020,1.5,1.79,7.03,30.07,23.04,100.89,14.07,86.44,23.58,1
12/12/2020,4.6,1.24,5.78,29.86,24.08,100.8,15.72,86.77,24.14,1
12/13/2020,1.24,0.76,6.46,29.99,23.53,100.77,16.19,86.06,24,1
12/14/2020,1.65,0.97,5.94,30.09,24.15,100.81,16.22,86.9,24.35,1
12/15/2020,2.77,1.52,6.54,30.9,24.36,100.96,15.23,86.11,24.35,1
12/16/2020,1.26,2.94,7.11,30.6,23.49,101.01,18.74,84.93,23.55,1
12/17/2020,0.35,2.91,6.61,29.85,23.24,100.96,13.57,84.72,23.1,1
12/18/2020,0.02,3.04,7.95,30.62,22.67,100.97,19.04,82.26,22.66,1
12/19/2020,0,3.37,6.47,28.6,22.13,101.07,17.9,80.48,21.16,0
12/20/2020,0,3.27,8.16,29.14,20.98,101.14,15.4,78.79,19.86,0
12/21/2020,0,3.63,9.04,28.35,19.31,101.07,18.52,77.02,18.68,0
12/22/2020,0.09,3.18,8.35,26.22,17.87,100.97,16.55,78.34,18.05,1
12/23/2020,1.94,3.1,6.79,27.32,20.53,100.79,13.68,85.03,20.63,1
12/24/2020,9.24,2.57,8.32,30.37,22.05,100.78,12.11,86.51,23.16,1
12/25/2020,35.62,1.99,6.8,30.3,23.5,100.87,16.03,87.65,24.01,1
12/26/2020,0.05,1.65,7.84,30.74,22.9,100.92,14.73,81.9,23.13,1
12/27/2020,0,1.73,9.16,31.4,22.24,100.88,19.81,80.89,22.68,0
12/28/2020,0,1.18,9.16,31.37,22.21,100.82,17.53,80.57,22.54,0
12/29/2020,0,1.46,9.09,31.28,22.19,100.82,17.98,80.23,22.53,0
12/30/2020,3.83,2.81,7.91,30.5,22.59,100.96,18.41,79.42,21.62,1
12/31/2020,0.75,3.62,6.34,27.42,21.08,101.16,13.24,79.23,19.44,1
1/1/2021,4.3,3.64,5.44,25.15,19.71,101.23,17.43,80.48,18.34,1
1/2/2021,0,3.21,7.15,26.65,19.5,101.16,13.64,78.07,18.27,0
1/3/2021,0,2.77,10.37,30.17,19.8,101.03,19.2,78.35,20.1,0
1/4/2021,3.09,2.99,9.79,31.08,21.29,101,20.79,78.39,21.45,1
1/5/2021,2.02,2.75,5.65,28.42,22.77,101.01,15.43,85.08,22.38,1
1/6/2021,0,2.44,9.52,31.5,21.98,100.91,18.89,78.94,22.11,0
1/7/2021,0.08,2.98,9.19,31.81,22.62,100.84,19.45,74.61,21.33,1
1/8/2021,0.24,3.23,9.52,30.85,21.33,100.89,19.95,76.08,20.71,1
1/9/2021,0,3.68,9.12,29,19.88,101.03,20.18,71.79,18.17,0
1/10/2021,0,3.32,10.43,29.8,19.37,101.07,21.31,71.18,17.85,0
1/11/2021,0,3.61,11.36,30.21,18.85,101.17,21.31,70.09,17.74,0
1/12/2021,0,4.15,9.2,27.95,18.75,101.27,22.01,65.28,15.18,0
1/13/2021,0,2.64,11.97,28.24,16.27,101.2,22.23,68.43,15.08,0
1/14/2021,0,2.04,13.87,30.75,16.88,101.07,21.75,70.14,17.02,0
1/15/2021,0,1.54,11.74,31.21,19.47,100.93,21.93,71.23,18.2,0
1/16/2021,0,1.22,12.07,31.45,19.38,100.94,19.15,71.49,18.59,0
1/17/2021,0,3.14,11.96,31.63,19.67,101.11,19.57,67.98,17.75,0
1/18/2021,0,3.65,11.18,30.04,18.86,101.23,21.97,66.54,16.59,0
1/19/2021,0,2.67,12.97,29.95,16.98,101.15,18.31,64.88,15.58,0
1/20/2021,0,1.42,12.93,31.36,18.43,101.04,17.54,65.56,17.9,0
1/21/2021,0,1.14,10.53,32.42,21.89,100.9,18.32,68.62,20.25,0
1/22/2021,0.01,0.77,9.39,32.37,22.98,100.84,14.54,73.21,21.59,1
1/23/2021,0.09,2.2,8.98,32.28,23.3,100.9,15.08,75.32,21.88,1
1/24/2021,0.48,1.3,10.96,33.27,22.31,100.97,15.43,74.94,21.97,1
1/25/2021,0.4,1.41,11.06,34.17,23.11,100.91,15.41,73.8,22.42,1
1/26/2021,0,1.9,11.75,34.44,22.69,100.89,18.35,68.74,20.54,0
1/27/2021,0,1.95,13.57,35.02,21.45,100.89,18.7,66.19,20.03,0
1/28/2021,0.64,2.55,11.2,34.97,23.77,101,17.93,67.57,20.96,1
1/29/2021,0.19,3.3,11.27,32.17,20.9,101.14,20.52,59.74,16.77,1
1/30/2021,0,3.15,13.15,33.55,20.4,101.12,21.45,56.46,15.6,0
1/31/2021,0,1.46,13.93,34.41,20.48,101.1,21.52,62.93,18.83,0
2/1/2021,0,1.96,12.47,35.18,22.71,101.1,20.85,62.59,19.22,0
2/2/2021,0,2.11,12.44,34.38,21.94,101.13,20.89,60.29,17.92,0
2/3/2021,0,2.49,14.93,35.35,20.42,101.1,22.21,58.89,17.32,0
2/4/2021,0,2.55,13.65,35.01,21.36,101.16,21.58,59.07,17.63,0
2/5/2021,0.09,2.04,13.74,34.9,21.16,101.05,21.64,59.81,18.62,1
2/6/2021,0.28,1.84,13.82,35.59,21.77,100.93,19.84,60.32,18.41,1
2/7/2021,4.15,1.17,12.52,35.15,22.63,100.93,17.43,64.65,20.35,1
2/8/2021,1.64,1.94,10.87,34.61,23.74,100.92,16.26,66.06,20.7,1
2/9/2021,1.23,1.36,11.07,34.78,23.71,100.81,19.03,68.08,21.7,1
2/10/2021,0.71,1.98,5.91,29.65,23.74,100.88,14.43,75.34,21.2,1
2/11/2021,2.48,1.87,12.69,34.21,21.52,100.94,16.96,66.73,19.68,1
2/12/2021,0,1.46,12.73,34.94,22.21,101.04,22.96,57.68,17.48,0
2/13/2021,0,1.12,13.61,34.43,20.82,101.1,21.2,60.81,17.95,0
2/14/2021,0.2,1.68,11.63,34,22.37,101.12,16.79,64.69,19.19,1
2/15/2021,0,1.73,13.29,34.18,20.89,101.02,18.2,62.46,18.15,0
2/16/2021,0,2.04,14.24,34.77,20.53,100.97,20.55,62.04,18.19,0
2/17/2021,0,2.55,14.55,35.05,20.5,101.11,20.86,59.08,17.2,0
2/18/2021,0,3.49,14.32,34.97,20.65,101.29,23.49,51.02,15.07,0
2/19/2021,0,3.9,14.78,34.98,20.2,101.3,24.79,50,15.31,0
2/20/2021,0,2.75,15.19,34.81,19.62,101.23,24.86,49.18,13.97,0
2/21/2021,0,1.52,14.99,35.42,20.43,101.1,23.92,51.74,15.3,0
2/22/2021,0,1.59,15.55,35.41,19.86,101.03,21.49,57.1,16.94,0
2/23/2021,0,1.89,15.23,36.45,21.22,100.93,21.85,58.46,18.18,0
2/24/2021,0,2.34,14.07,36.42,22.35,100.83,19.67,60.9,19.5,0
2/25/2021,0,1.68,15.34,38.52,23.18,100.62,19.43,59.34,20.43,0
2/26/2021,0,1.65,14.55,38.83,24.28,100.48,19.96,56.86,20.18,0
2/27/2021,0,2.5,14.28,38.66,24.38,100.56,19.57,55.39,19.45,0
2/28/2021,0.02,3.39,13.3,37.64,24.34,100.76,20,55.62,19.67,1
3/1/2021,0.44,3.18,12.91,37.82,24.91,100.99,20.41,56.97,20.59,1
3/2/2021,0.26,2.32,11.09,36.83,25.74,100.99,20.36,55.91,20.19,1
3/3/2021,0.68,2.65,13.07,38.49,25.42,100.97,15.53,52.01,19.07,1
3/4/2021,0,2.11,13.46,38.31,24.85,101.01,22.85,53.35,19.42,0
3/5/2021,0,3.03,15.54,39.33,23.79,101.04,24.9,53.06,17.85,0
3/6/2021,0,2.07,16.3,38.83,22.53,101.08,24.98,51.72,17.51,0
3/7/2021,0.01,2.42,15.74,39.22,23.48,100.99,24.24,50.26,18.28,1
3/8/2021,0.7,1.99,14.02,38.73,24.71,101.05,21.62,49.38,18.22,1
3/9/2021,0.93,1.87,13.57,38.36,24.79,101.04,20.84,47.9,17.75,1
3/10/2021,1.16,1.52,13.14,38.65,25.51,101,23,46.51,17.69,1
3/11/2021,0.03,2.65,13.77,39.52,25.75,101,22.51,46.5,17.84,1
3/12/2021,0.18,2.37,13.77,39.65,25.88,101.04,24.19,46.11,17.54,1
3/13/2021,1.2,2.05,13.85,39.34,25.49,100.99,23.05,44.39,16.9,1
3/14/2021,0.01,1.56,13.77,38.38,24.61,100.85,22.13,47.18,17.27,1
3/15/2021,0,2.12,13.93,38.64,24.71,100.82,20.4,48.9,17.87,0
3/16/2021,0,2.37,13.35,38.43,25.08,100.77,19.71,50.53,18.93,0
3/17/2021,0,2.53,12.56,38.01,25.45,100.74,19.87,48.83,18.56,0
3/18/2021,0,3.01,13.54,39.48,25.94,100.67,20.01,44.98,17.93,0
3/19/2021,0,2.58,13.54,39.77,26.23,100.62,21.75,47.63,19.19,0
3/20/2021,0.13,1.83,8.58,36.27,27.69,100.55,17.89,53.03,20.6,1
3/21/2021,0.6,2.11,10.35,37.31,26.96,100.6,18.02,52.71,20.82,1
3/22/2021,1.42,3.52,11.44,38.02,26.58,100.82,19.71,51.24,19.48,1
3/23/2021,0,3.93,11.79,38.26,26.47,100.9,24.33,48.72,19.34,0
3/24/2021,0.12,2.43,12.99,39.39,26.4,100.72,23.51,49.32,19.8,1
3/25/2021,2.25,2.3,12.01,38.81,26.8,100.72,17.95,55.78,21.26,1
3/26/2021,0,2.32,13.09,39.52,26.43,100.67,20.43,50.67,20.25,0
3/27/2021,0,2.67,12.39,39.8,27.41,100.61,21.83,49.11,20.29,0
3/28/2021,0.02,2.73,13.46,40.25,26.79,100.58,23.15,48.08,19.68,1
3/29/2021,0,2.68,13.34,40.52,27.18,100.5,20.77,48.68,20.23,0
3/30/2021,0,3.56,12.95,40.26,27.31,100.4,21.61,50.96,20.74,0
3/31/2021,0,3.19,14.54,41.82,27.28,100.31,22.67,44.26,18.48,0
4/1/2021,0,3.1,14.47,41.16,26.69,100.35,22.79,50.24,20.34,0
4/2/2021,1.67,2.77,14.17,41.74,27.57,100.45,21.6,50.08,20.87,1
4/3/2021,10.62,1.87,6.04,34.05,28.01,100.55,14.32,68.02,23.87,1
4/4/2021,2.45,2.7,9.25,34.45,25.2,100.67,18.33,70.21,23.12,1
4/5/2021,1.91,1.49,10.1,35.57,25.47,100.81,18.6,67.51,22.88,1
4/6/2021,0.09,1.79,11.37,36.77,25.4,100.87,19.46,60.95,21.75,1
4/7/2021,3,1.27,10.71,36.43,25.72,100.9,21.95,63.34,22.13,1
4/8/2021,2.23,1.63,8.42,34.67,26.25,100.79,18.11,65.49,22.17,1
4/9/2021,7.83,1.51,10.3,35.17,24.87,100.79,14.58,68.81,22.73,1
4/10/2021,3.79,1.79,10.24,35.25,25.01,100.91,19.38,68.65,22.85,1
4/11/2021,3.8,1.92,10.5,36.47,25.97,101,20.71,65.59,22.42,1
4/12/2021,0.97,2.18,10.45,36.15,25.7,101.02,21.17,65.23,22.39,1
4/13/2021,3.12,1.56,3.54,29.35,25.81,101.02,18.53,77.29,22.89,1
4/14/2021,6.42,1.87,8.75,33.43,24.68,100.91,16.07,75.52,23.41,1
4/15/2021,1.21,1.83,8.64,34.11,25.47,100.81,22.24,71.15,22.79,1
4/16/2021,0.64,2.49,10.06,35.17,25.11,100.78,20.2,70.76,23.22,1
4/17/2021,0.99,1.78,12.62,37.5,24.88,100.9,21.02,62.3,21.76,1
4/18/2021,16.21,2.03,6.33,32.34,26.01,100.92,19,77.67,24.3,1
4/19/2021,4.04,1.49,6.98,32.74,25.76,100.8,14.31,74.38,22.9,1
4/20/2021,2.52,2.26,9.35,34.11,24.76,100.72,21.57,74.13,23.37,1
4/21/2021,1.45,2.03,8.63,33.85,25.22,100.76,22.39,74.42,23.73,1
4/22/2021,13.41,1.86,9.28,34.91,25.63,100.69,19.81,75.9,24.08,1
4/23/2021,3.17,2.89,8.58,34.25,25.67,100.65,17.5,73.95,23.16,1
4/24/2021,2.91,2.47,9.98,34.74,24.76,100.7,22.33,74.81,23.44,1
4/25/2021,10.73,2.4,8.34,33.54,25.2,100.74,20.63,77.64,24.22,1
4/26/2021,0.46,2.23,7.65,33.04,25.39,100.69,23.06,77.11,24.04,1
4/27/2021,1.68,1.6,6.47,32.28,25.81,100.85,16.3,77.37,23.92,1
4/28/2021,0.23,2.72,10.15,35.49,25.34,100.96,19.81,69.51,23.01,1
4/29/2021,1.76,2.23,9.77,34.17,24.4,100.89,21.05,73.78,23.47,1
4/30/2021,2,1.87,8.41,33.42,25.01,100.86,18.75,74.46,23.56,1
5/1/2021,1.95,0.88,5.99,31.6,25.61,100.91,20.01,77.89,24.16,1
5/2/2021,0.95,1.27,6.12,31.78,25.66,100.89,19.73,75.96,24.02,1
5/3/2021,1.93,1.8,10.12,35.08,24.96,100.71,20.4,72.26,23.81,1
5/4/2021,0.29,1.71,11.4,37.71,26.31,100.59,23.73,65.81,23.35,1
5/5/2021,13.49,1.86,8.8,35.15,26.35,100.64,22.13,75.89,24.29,1
5/6/2021,14.01,1.69,5.53,31.61,26.08,100.9,17.82,84.29,25.2,1
5/7/2021,13.86,1.23,6.88,31.81,24.93,100.92,18.61,80.02,24.28,1
5/8/2021,0.74,1.19,9.93,35.19,25.26,100.76,20.07,72.15,23.93,1
5/9/2021,26.46,1.23,6.02,31.77,25.75,100.7,20.39,82.45,25.03,1
5/10/2021,0.68,1.62,6.53,32.07,25.54,100.69,20.61,81.3,24.82,1
5/11/2021,1.73,1.35,9.76,34.85,25.09,100.62,22.31,75.95,24.68,1
5/12/2021,10.21,1.45,5.89,31.7,25.81,100.58,18.76,83.85,25.36,1
5/13/2021,0.01,1.59,6.88,32.3,25.42,100.53,20.56,79.77,24.73,1
5/14/2021,1.06,1.73,6.19,31.61,25.42,100.53,19.79,80.63,24.67,1
5/15/2021,4.95,1.49,6.13,31.96,25.83,100.6,18.97,83.75,25.32,1
5/16/2021,2.18,1.63,8.71,34.45,25.74,100.59,24.12,78.25,25.05,1
5/17/2021,36.36,1.65,6.35,32.11,25.76,100.66,19.06,83.62,25.42,1
5/18/2021,4.72,1.89,7.45,32.99,25.54,100.68,20.1,81.27,25.06,1
5/19/2021,3.22,2.11,6.01,31.78,25.77,100.63,21.89,86.01,25.72,1
5/20/2021,23.13,2.15,5.75,31.74,25.99,100.68,22.02,85.38,25.47,1
5/21/2021,20.87,2.2,6.08,31.01,24.93,100.67,23.62,88.88,25.65,1
5/22/2021,4.45,2.52,4.04,29.32,25.28,100.59,17.52,91.01,25.43,1
5/23/2021,9.8,2.31,5.07,30.17,25.1,100.57,17.87,88.88,25.1,1
5/24/2021,7.25,2.31,3.67,28.73,25.06,100.61,10.22,91.76,25.16,1
5/25/2021,8.04,2.01,5.22,30.03,24.81,100.7,9.76,89.49,24.89,1
5/26/2021,17.89,2.21,4.07,28.72,24.65,100.62,14.44,92.55,25.19,1
5/27/2021,10.97,2.16,4.65,29.15,24.5,100.65,15.35,91.57,25.3,1
5/28/2021,1.92,1.76,6.37,31.43,25.06,100.75,23.23,86.55,25.49,1
5/29/2021,0.31,2.11,7.93,32.38,24.45,100.76,24.84,84.21,25.11,1
5/30/2021,0.03,1.99,7.69,32.86,25.17,100.65,23.8,83.72,25.4,1
5/31/2021,0,1.72,7.52,32.75,25.23,100.52,23.22,82.89,25.53,0
6/1/2021,0,1.75,6.8,32.74,25.94,100.54,24.32,83.05,25.67,0
6/2/2021,0.02,2.25,5.97,31.59,25.62,100.55,22.1,86.24,25.76,1
6/3/2021,0.12,2.17,6.18,31.81,25.63,100.68,22.22,84.58,25.29,1
6/4/2021,0.3,1.55,7.75,32.96,25.21,100.65,23.77,82.25,25.27,1
6/5/2021,2.18,2.41,6.39,32.46,26.07,100.63,21.14,84.61,25.53,1
6/6/2021,2.78,2.35,6.46,31.49,25.03,100.64,16.96,87.81,25.39,1
6/7/2021,12,2.66,3.69,28.62,24.93,100.75,17.12,90.67,24.95,1
6/8/2021,14.78,3.08,5.42,29.94,24.52,100.75,11.68,88.94,24.81,1
6/9/2021,5.31,2.43,4.59,29.29,24.7,100.71,15.13,90.3,24.88,1
6/10/2021,4.55,2.52,5.33,29.51,24.18,100.6,12.85,89.65,24.35,1
6/11/2021,21.58,2.76,5.13,29.21,24.08,100.56,17.03,88.6,24.14,1
6/12/2021,14.15,3.26,6.6,30.07,23.47,100.64,12.22,86.65,23.64,1
6/13/2021,23.79,2.62,6.17,29.72,23.55,100.74,18.92,88.01,24.08,1
6/14/2021,1.83,2.51,7.63,31.86,24.23,100.69,18.36,85.18,24.69,1
6/15/2021,5.2,2.34,4.96,29.26,24.3,100.7,17.5,90.2,24.69,1
6/16/2021,0.95,1.76,6.71,30.06,23.35,100.82,19.07,85.84,24.03,1
6/17/2021,0.61,1.67,6.65,30.87,24.22,100.9,21.91,84.88,24.29,1
6/18/2021,0,1.69,8.29,32.02,23.73,100.89,24.85,82.74,24.48,0
6/19/2021,0.45,2.03,6.2,31.02,24.82,100.83,24.55,86.11,25.01,1
6/20/2021,1.4,2.18,6.56,31.38,24.82,100.7,24.52,87.03,25.28,1
6/21/2021,2.01,2.9,5.73,30.57,24.84,100.68,20.7,86.26,24.69,1
6/22/2021,3.37,3.13,6.9,31.23,24.33,100.73,17.52,86.81,24.88,1
6/23/2021,1.19,2.43,6.74,31.09,24.35,100.8,18.81,86.14,24.69,1
6/24/2021,0.15,1.96,6.88,31.15,24.27,100.69,22.18,85.65,24.65,1
6/25/2021,0.46,2.21,7.1,31.56,24.46,100.6,22.06,85.63,25.01,1
6/26/2021,0.35,2.36,6.54,31.29,24.75,100.73,23.01,86.11,24.87,1
6/27/2021,0.01,2.15,7.71,32.13,24.42,100.84,25.33,83.26,24.76,1
6/28/2021,0.16,2.11,8.04,32.68,24.64,100.74,23.74,82.16,24.69,1
6/29/2021,0.71,2.31,7.96,32.52,24.56,100.67,23.63,84.21,25.01,1
6/30/2021,0.7,2.22,6.85,30.85,24,100.75,22,85.21,24.35,1
7/1/2021,0.53,2.2,9.39,33.05,23.66,100.72,21.06,80.86,24.12,1
7/2/2021,0.17,2.2,8.26,33.13,24.87,100.74,24.53,80.89,24.74,1
7/3/2021,0.01,1.03,8.71,33.64,24.93,100.61,25.46,76.51,24.5,1
7/4/2021,0.1,1.84,6.3,32.05,25.75,100.54,23.86,81.58,24.78,1
7/5/2021,2.26,2.79,7.19,31.46,24.27,100.54,15.6,83,24.08,1
7/6/2021,26.5,2.31,6.38,30.14,23.76,100.5,15.35,87.83,24.31,1
7/7/2021,17.38,2.8,5.27,29.36,24.09,100.54,18.05,88.88,24.48,1
7/8/2021,42.71,2.75,4.27,28.97,24.7,100.57,15.15,90.64,24.76,1
7/9/2021,36.66,2.43,3.62,27.83,24.21,100.59,17.58,92.92,24.56,1
7/10/2021,2.21,2.42,6.35,30.6,24.25,100.58,19.01,88.06,24.72,1
7/11/2021,1,1.09,7.82,32.1,24.28,100.72,21.92,82.14,24.14,1
7/12/2021,0.48,1.88,5.31,30.1,24.79,100.75,20.26,87.24,24.87,1
7/13/2021,6.55,1.25,6.58,30.97,24.39,100.65,20.23,85.56,24.79,1
7/14/2021,16.23,1.55,3.24,28.06,24.82,100.6,17.64,91.76,24.89,1
7/15/2021,10.88,1.55,5.96,30.02,24.06,100.7,18.02,88.14,24.45,1
7/16/2021,0.56,1.74,7.54,31.03,23.49,100.79,18.29,84.53,24.31,1
7/17/2021,6.12,2.07,7.51,31.82,24.31,100.63,23.42,85.08,24.99,1
7/18/2021,6.84,2.49,6.04,30.49,24.45,100.55,15.91,88.16,24.81,1
7/19/2021,1.45,3.14,5.78,30.17,24.39,100.66,16.18,85.32,24.09,1
7/20/2021,4.48,3.07,7.77,31.67,23.9,100.75,16.7,84.57,24.27,1
7/21/2021,13.28,3,4.39,29.26,24.87,100.69,15.59,88.55,24.49,1
7/22/2021,11.35,2.55,6.61,30.67,24.06,100.63,19.73,87.84,24.91,1
7/23/2021,1.42,2.67,5.06,30.02,24.96,100.6,11.35,87.25,24.76,1
7/24/2021,1.91,3.18,5.05,29.44,24.39,100.59,10.24,87.25,24.32,1
7/25/2021,2.33,3.26,6.27,30.14,23.87,100.63,13.59,87.3,24.31,1
7/26/2021,9.53,2.68,5.69,29.78,24.09,100.54,17.9,89.75,24.95,1
7/27/2021,21.29,3.06,6.94,31.28,24.34,100.5,17.82,87.18,24.83,1
7/28/2021,20.25,2.68,7.02,30.78,23.76,100.46,12.45,89.86,24.96,1
7/29/2021,20.89,2.95,5.66,30.48,24.82,100.57,14.27,90.56,25.47,1
7/30/2021,12.58,3.15,4.83,29.91,25.08,100.68,17.74,89.79,25.13,1
7/31/2021,1.38,2.83,6.71,31.24,24.53,100.7,20.65,85.51,24.57,1
8/1/2021,6.26,2.95,5.95,30.56,24.61,100.58,21.25,86.33,24.59,1
8/2/2021,4.49,3.05,6.51,30.73,24.22,100.57,18.3,87.96,24.81,1
8/3/2021,0.29,2.97,5.31,29.95,24.64,100.64,17.7,89.05,24.87,1
8/4/2021,0.12,2.71,5.17,29.97,24.8,100.69,17.89,89.37,25.08,1
8/5/2021,1.22,3.06,6.09,29.86,23.77,100.7,20.24,87.63,24.52,1
8/6/2021,1.08,3.26,6.78,30.46,23.68,100.75,18.35,87.35,24.48,1
8/7/2021,0.01,2.6,6.8,31.54,24.74,100.74,21.13,86.94,25.17,1
8/8/2021,0.05,1.78,6.8,31.55,24.75,100.71,21.12,87.63,25.77,1
8/9/2021,0.43,1.86,6.32,31.75,25.43,100.58,21.52,86.53,25.71,1
8/10/2021,2.74,2.96,5.88,31.57,25.69,100.49,19.74,89.45,26.12,1
8/11/2021,3.44,2.74,4.84,30.86,26.02,100.73,19.68,88.98,25.83,1
8/12/2021,17.66,2.22,5.25,30.11,24.86,100.94,21.64,90.03,25.47,1
8/13/2021,7.51,2.68,6.13,30.43,24.3,100.75,19.23,87.87,24.81,1
8/14/2021,1.07,1.96,5.18,29.81,24.63,100.65,18.3,88.4,24.66,1
8/15/2021,0.77,1.6,5.37,29.47,24.1,100.88,10.64,88.08,24,1
8/16/2021,0.05,1,10.12,32.77,22.65,101.04,23.97,75.68,23.21,1
8/17/2021,1.77,0.82,7.18,31.62,24.44,100.94,21.28,79.68,24.17,1
8/18/2021,13.07,0.78,5.34,30.61,25.27,100.73,21.31,83.73,24.83,1
8/19/2021,6.02,2.56,6.06,30.7,24.64,100.71,22.42,84.41,24.2,1
8/20/2021,7.05,1.53,7.61,32.18,24.57,100.78,22.32,81.47,24.07,1
8/21/2021,15.18,1.53,7.86,32.01,24.15,100.8,24.93,82.67,24.34,1
8/22/2021,2.06,2.28,6.41,31.01,24.6,100.68,23.22,86.08,24.83,1
8/23/2021,7,2.57,5.97,30.44,24.47,100.66,19.16,88.8,25.01,1
8/24/2021,44.57,2.45,5.93,30.29,24.36,100.58,20.69,89.67,25.01,1
8/25/2021,61.88,2.32,4.42,28.64,24.22,100.61,19.48,91.6,24.66,1
8/26/2021,7.02,2.52,5.76,29.56,23.8,100.61,15.58,90.95,24.69,1
8/27/2021,3.4,2.44,3.75,28.16,24.41,100.63,18.34,91.99,24.64,1
8/28/2021,0.57,1.23,6.13,29.99,23.86,100.63,18.82,86.1,24.25,1
8/29/2021,0.84,1.87,4.48,28.37,23.89,100.62,20.49,89.61,24.16,1
8/30/2021,26.39,1.02,6.23,30.69,24.46,100.68,19.87,85.66,24.37,1
8/31/2021,17.05,0.85,6.04,30.54,24.5,100.72,19.24,85.07,24.52,1
9/1/2021,14.58,1.48,5.07,29.79,24.72,100.69,19.94,89.2,24.92,1
9/2/2021,11.76,1.94,6.6,30.6,24,100.64,20.1,88.3,24.88,1
9/3/2021,8.1,1.45,4.04,28.27,24.23,100.61,18.76,92.6,24.79,1
9/4/2021,6.6,2.44,5.2,28.83,23.63,100.75,16.03,89.65,23.86,1
9/5/2021,0.43,1.86,7.18,30.47,23.29,100.75,16,84.45,23.67,1
9/6/2021,8.82,0.93,6.29,30.49,24.2,100.77,18.39,85.65,24.37,1
9/7/2021,12.26,2.16,3.72,28.37,24.65,100.63,17.09,92.6,24.87,1
9/8/2021,24.36,3.14,5.2,28.77,23.57,100.5,14.39,92.54,24.83,1
9/9/2021,6.41,2.97,3.33,28.59,25.26,100.6,13.91,93.38,25.37,1
9/10/2021,4.81,2.32,4.22,29.13,24.91,100.68,15.43,91.95,25.27,1
9/11/2021,2.58,2.38,4.44,28.8,24.36,100.59,13.42,92.44,24.97,1
9/12/2021,0.91,2.85,6.57,30.63,24.06,100.4,17.69,87.41,24.39,1
9/13/2021,7.95,2.48,3.9,27.65,23.75,100.5,18.85,91.07,24.16,1
9/14/2021,39.75,1.44,6.11,29.37,23.26,100.74,16.36,90,24.25,1
9/15/2021,46.01,2.43,4.97,29.1,24.13,100.84,15.83,90.42,24.58,1
9/16/2021,1.42,1.92,6.46,30.13,23.67,100.82,22.33,88.51,24.56,1
9/17/2021,3.91,0.61,6.81,30.91,24.1,100.8,19.8,82.54,24.2,1
9/18/2021,3.29,1.14,5.78,30.04,24.26,100.76,20.18,86.74,24.88,1
9/19/2021,40.17,2.09,3.36,27.79,24.43,100.73,10.95,93.71,25.02,1
9/20/2021,3.09,2.16,6.14,29.4,23.26,100.71,12.55,89.8,24.26,1
9/21/2021,18.27,1.69,6.6,30.39,23.79,100.65,17,88.64,24.55,1
9/22/2021,6.18,2.42,4.92,29.26,24.34,100.65,17.2,91.41,24.91,1
9/23/2021,7.75,1.8,3.94,28.17,24.23,100.74,14.57,93.36,24.85,1
9/24/2021,12.67,2.07,4.96,28.57,23.61,100.7,13.25,92.09,24.69,1
9/25/2021,7.43,1.95,5.05,29.2,24.15,100.67,14.07,90.98,24.73,1
9/26/2021,0.81,0.6,6.24,30.15,23.91,100.68,19.23,84.83,24.03,1
9/27/2021,1.85,1.25,5.68,30.04,24.36,100.7,18.95,88.06,25.01,1
9/28/2021,18.32,1.03,4.11,28.53,24.42,100.75,19.25,90.47,24.47,1
9/29/2021,5.81,0.89,8.1,32.01,23.91,100.65,19.79,83.88,24.62,1
9/30/2021,2.98,1.56,4.14,29.4,25.26,100.69,15.37,90.82,25.4,1
10/1/2021,3.15,1.86,6.42,30.37,23.95,100.79,20.45,87.74,24.5,1
10/2/2021,34.22,1.93,3.44,28.14,24.7,100.84,8.44,93.63,25.15,1
10/3/2021,0.94,0.79,6.2,29.85,23.65,100.72,18.84,85.27,24.13,1
10/4/2021,1.01,0.95,7.13,31.45,24.32,100.6,15.58,83.4,24.51,1
10/5/2021,10.56,0.88,4.4,29.73,25.33,100.53,19.12,87.18,24.79,1
10/6/2021,31.26,1.37,5.91,30.09,24.18,100.36,15.51,86.33,24.36,1
10/7/2021,2.89,1.88,4.5,28.7,24.2,100.32,15.49,91.57,24.82,1
10/8/2021,19.2,2.16,4.2,29.41,25.21,100.33,15.18,91.53,25.26,1
10/9/2021,5.27,2.72,4.76,29.2,24.44,100.49,12.26,92.55,25.23,1
10/10/2021,6.99,2.54,6.14,30.38,24.24,100.44,16.56,90.98,25.26,1
10/11/2021,12.53,2.36,3.82,28.68,24.86,100.41,15.49,93.64,25.45,1
10/12/2021,18.9,2.76,2.89,27.67,24.78,100.43,14.69,93.79,24.8,1
10/13/2021,12.28,2.3,4.55,29.26,24.71,100.27,16.21,93.31,25.28,1
10/14/2021,15.39,2.64,4.2,28.78,24.58,100.38,15.2,93.51,25.35,1
10/15/2021,2.4,2.12,4.9,29.85,24.95,100.5,15.37,90.41,25.21,1
10/16/2021,4.99,1.19,5.97,30.27,24.3,100.68,15.12,83.06,23.59,1
10/17/2021,14.14,2.15,4.36,27.33,22.97,100.74,10.26,92.35,23.54,1
10/18/2021,0.35,1.69,8.9,30.05,21.15,100.88,16.99,88.77,23.52,1
10/19/2021,0.32,1.31,7.01,30.61,23.6,101.12,18.99,88.23,24.86,1
10/20/2021,7.04,0.71,5.43,30.45,25.02,101.12,18,87.06,25.1,1
10/21/2021,11.52,1.58,5.73,30.51,24.78,101.03,19.73,85.26,24.38,1
10/22/2021,2.24,1.34,5.61,29.65,24.04,101.05,17.98,89.24,24.66,1
10/23/2021,4.14,0.95,2.61,27.08,24.47,101.12,15.32,91.75,24.24,1
10/24/2021,0.18,2.49,7.01,30.49,23.48,101.02,17.64,86.92,24.13,1
10/25/2021,0.25,2.36,4.88,28.36,23.48,100.91,19.17,90.63,23.98,1
10/26/2021,0,2.17,7.15,31.27,24.12,100.78,20.46,86.72,24.65,0
10/27/2021,0.99,2.82,4.86,29.17,24.31,100.7,13.35,89.9,24.44,1
10/28/2021,1.99,2.25,5.42,29.99,24.57,100.83,16.79,89.64,25.02,1
10/29/2021,0.66,1.1,7.09,31.1,24.01,101.05,17.75,86.85,24.8,1
10/30/2021,12.67,1.16,6.19,30.84,24.65,101.07,17.38,88.04,25.04,1
10/31/2021,2.09,1.36,5.15,29.75,24.6,101.04,18.17,89.35,25,1
11/1/2021,6.83,0.77,5.36,30.24,24.88,100.98,17.52,87.19,25.02,1
11/2/2021,7.25,1.36,6.33,30.98,24.65,100.96,19.8,86.59,24.86,1
11/3/2021,7.99,1.32,6.86,31.44,24.58,100.92,19.86,84.23,24.68,1
11/4/2021,1.19,1.12,6.2,30.84,24.64,100.9,17.11,88.36,24.72,1
11/5/2021,23.02,1.09,6.25,30.81,24.56,100.78,18.58,87.11,24.73,1
11/6/2021,11.65,1.36,7.18,30.65,23.47,100.62,17.25,89.09,24.93,1
11/7/2021,4.79,1.11,6.66,30.7,24.04,100.6,17.42,87.75,25.2,1
11/8/2021,11.44,1.23,5.91,30.82,24.91,100.7,15.61,87.32,25.42,1
11/9/2021,3.51,2.09,4.49,29.9,25.41,100.86,16.16,91.5,25.63,1
11/10/2021,8.76,2.59,5.15,29.29,24.14,100.93,14.95,90.23,24.65,1
11/11/2021,6.39,3.08,5.06,28.82,23.76,100.85,12.69,90.69,24.22,1
11/12/2021,8.05,2.61,4.45,28.36,23.91,100.89,15.84,91.98,24.32,1
11/13/2021,20.08,2.07,5.77,30.08,24.31,100.85,16.92,88.99,24.81,1
11/14/2021,14.53,1.43,4.29,28.43,24.14,100.9,12.69,91.84,24.44,1
11/15/2021,10.24,1.78,6.15,30,23.85,100.75,14.77,89.72,24.79,1
11/16/2021,7.14,1.79,4.63,29.01,24.38,100.77,14.94,92.68,25.02,1
11/17/2021,1.85,1.65,6.63,30.74,24.11,100.83,18.01,87.64,24.71,1
11/18/2021,14.61,1.19,6.19,30.9,24.71,100.71,16.2,86.9,24.9,1
11/19/2021,1.7,1.21,6.29,30.5,24.21,100.61,17.76,87.02,24.81,1
11/20/2021,9.52,1.27,5.94,30.36,24.42,100.62,17.45,86.87,24.64,1
11/21/2021,0.53,1.04,7.2,31.38,24.18,100.72,17.49,85.62,24.69,1
11/22/2021,14.69,1.07,4.02,29.24,25.22,100.8,12.99,90.84,25.3,1
11/23/2021,2.89,2.08,5.33,29.18,23.85,100.85,17.34,90.04,24.58,1
11/24/2021,3.54,2.61,6.01,29.16,23.15,100.94,16.1,90.85,24.08,1
11/25/2021,0.98,2.46,5.22,28.85,23.63,100.93,17.04,89.72,23.94,1
11/26/2021,0,2.9,6.16,29.29,23.13,100.9,18.43,87.92,23.47,0
11/27/2021,0.05,2.93,3.91,26.59,22.68,100.92,16.36,89.1,22.78,1
11/28/2021,0.45,3.7,6.37,29.22,22.85,100.81,15.39,88.92,23.65,1
11/29/2021,4.09,2.98,3.78,27.61,23.83,100.72,10.07,93.05,24.43,1
11/30/2021,5.24,2.65,3.04,27.21,24.17,100.81,7.41,94.44,24.54,1
12/1/2021,0,3.09,5.48,27.51,22.03,101.05,11.67,88.02,22.11,0
12/2/2021,0.07,2.82,7.56,27.85,20.29,101.15,18.8,87.23,21.34,1
12/3/2021,0.73,2.9,6.09,26.86,20.77,101.27,18.73,86,20.49,1
12/4/2021,0,3.08,7.57,25.23,17.66,101.29,17.68,83.26,17.99,0
12/5/2021,0,2.92,8.8,26.76,17.96,101.18,20.82,85.5,19.31,0
12/6/2021,0,2.93,8.33,27.98,19.65,101.12,21.43,87.25,21.23,0
12/7/2021,0,2.83,7.45,27.68,20.23,101.19,20.34,84.78,20.58,0
12/8/2021,0.01,2.46,9.05,28.29,19.24,101.18,21.19,86.12,21.07,1
12/9/2021,0.77,2.56,6.67,28.64,21.97,101.18,15.28,87.61,22.63,1
12/10/2021,0.08,3.11,6.99,27.78,20.79,101.19,21.41,84.21,20.7,1
12/11/2021,0,2.71,9.72,28.27,18.55,101.19,20.62,85.68,20.61,0
12/12/2021,0,2.55,8.99,29.16,20.17,101.13,20.04,85.95,21.82,0
12/13/2021,0,3.53,6.75,28.69,21.94,101.06,20.2,82.77,21.3,0
12/14/2021,0,2.84,8.41,29.4,20.99,100.93,20.3,85.46,22.01,0
12/15/2021,0,2.21,8.42,30.21,21.79,100.84,20.37,84.53,22.8,0
12/16/2021,0.23,1.8,7.82,31.07,23.25,100.85,18.29,83.87,23.77,1
12/17/2021,0.48,2.32,6.34,30.21,23.87,100.89,17.03,84.9,23.4,1
12/18/2021,0,3,7.15,28.87,21.72,100.95,19.61,85.49,22.25,0
12/19/2021,0,2.96,6.78,27.34,20.56,101.02,16.22,84.79,20.63,0
12/20/2021,0,2.19,9.15,27.87,18.72,101.13,16.71,80.09,19.25,0
12/21/2021,0.01,0.98,9.8,29.83,20.03,101.09,18.79,76.71,20.68,1
12/22/2021,4.28,0.72,4.92,28.03,23.11,101.03,10.48,86.5,22.66,1
12/23/2021,12.31,0.76,5.41,28.28,22.87,101,8.26,88.46,23.06,1
12/24/2021,9.88,1.33,5.44,28.24,22.8,100.98,12.47,90.15,23.2,1
12/25/2021,0.45,1.5,6.41,28.91,22.5,101.08,14.2,88.11,22.77,1
12/26/2021,0,1.4,8.37,29.96,21.59,101.16,16.27,84.95,22.78,0
12/27/2021,0.38,2.27,7.83,30.24,22.41,101.21,17.67,83.8,22.88,1
12/28/2021,1.23,2.77,8.26,29.94,21.68,101.18,14.57,85.23,22.89,1
12/29/2021,0.52,2.95,8.55,30.4,21.85,101.16,16.84,83.94,22.8,1
12/30/2021,0.07,3.34,8.34,30.09,21.75,101.29,20.19,81.37,21.78,1
12/31/2021,0,3.13,9.5,29.58,20.08,101.31,21.02,79.95,20.62,0
1/1/2022,0,2.84,10.7,30.05,19.35,101.26,19.9,78.86,20.47,0
1/2/2022,0,2.75,10.27,30.48,20.21,101.18,20.78,79.45,21.06,0
1/3/2022,0,2.33,9.42,30.26,20.84,101.11,20.58,80.01,21.41,0
1/4/2022,0,1.98,9.78,30.88,21.1,101.09,21.45,79.82,21.65,0
1/5/2022,0,1.81,8.34,30.49,22.15,101.04,19.71,79.89,21.93,0
1/6/2022,0,1.97,9.16,31.66,22.5,101.07,20.34,78.37,21.96,0
1/7/2022,0.54,1.59,9.53,31.64,22.11,101.14,21.18,78.62,22.02,1
1/8/2022,0.16,2.38,10.9,32.03,21.13,101.13,21.84,73.84,20.2,1
1/9/2022,0,1.6,11.7,31.5,19.8,101.04,21.16,76.25,20.44,0
1/10/2022,0.06,1.06,10.54,32.25,21.71,101.07,19.02,76.84,21.71,1
1/11/2022,0.03,2.03,10.69,32.52,21.83,101.14,20.53,73.6,20.67,1
1/12/2022,0.22,1.77,11.61,30.97,19.36,101.24,21.12,73.92,19.39,1
1/13/2022,0,2.4,10.23,30.8,20.57,101.25,20.24,72.62,19.31,0
1/14/2022,0,2.29,12.25,30.66,18.41,101.26,22.25,68.45,17.59,0
1/15/2022,0,1.97,12.42,31.17,18.75,101.2,21.85,69.16,17.64,0
1/16/2022,0,1.48,13.09,31.79,18.7,101.19,20.91,68.72,17.87,0
1/17/2022,0,1.31,11.45,32.05,20.6,101.13,18.98,69.22,19.51,0
1/18/2022,0,2.37,9.55,31.9,22.35,101.09,20.95,69.08,19.77,0
1/19/2022,0.01,2.94,10.95,32.28,21.33,101,21.83,65.71,18.46,1
1/20/2022,0.12,1.69,12.05,32.66,20.61,100.94,21.8,67.28,18.94,1
1/21/2022,2.15,0.98,12,32.86,20.86,100.96,18.42,73.88,20.98,1
1/22/2022,0.25,1.74,11.27,33.58,22.31,100.82,18.75,72.88,21.43,1
1/23/2022,0.28,1.8,10.16,32.68,22.52,100.85,16.12,75.09,21.83,1
1/24/2022,0.04,0.65,11.4,34.15,22.75,100.8,18,68.29,21.16,1
1/25/2022,0.62,1.28,11.27,33.99,22.72,100.82,15.63,71.41,21.87,1
1/26/2022,0.36,1.31,10.31,33.91,23.6,100.88,18.22,70.98,21.89,1
1/27/2022,0,1.55,12.44,34.93,22.49,100.85,19.75,66.89,20.15,0
1/28/2022,0,0.96,13.58,34.72,21.14,100.88,20.27,61.86,18.99,0
1/29/2022,0,1.12,12.61,35.08,22.47,100.82,17.5,64.72,20.25,0
1/30/2022,0.17,2.11,11.71,34.84,23.13,100.81,14.98,72.07,22.21,1
1/31/2022,0.35,2.62,11.23,34.97,23.74,100.84,17.67,69.46,21.37,1
2/1/2022,0.05,1.87,13.03,35.24,22.21,100.87,17.7,68.46,21.12,1
2/2/2022,0.54,1.8,13.12,35.71,22.59,100.96,18.57,67.14,20.6,1
2/3/2022,0.31,1.18,12.97,35.56,22.59,100.9,20.15,68.63,21.51,1
2/4/2022,1.23,1.63,10.97,35.15,24.18,100.88,17.86,67.49,21.72,1
2/5/2022,0,2.96,12.52,36,23.48,100.96,21,58.26,19.46,0
2/6/2022,0,2.27,13.27,35.92,22.65,101,21.45,59.1,19.5,0
2/7/2022,0,1.75,12.46,36.49,24.03,100.9,21.01,61.91,20.96,0
2/8/2022,0.2,1.79,11.01,35.86,24.85,100.9,20.2,64.9,21.64,1
2/9/2022,1.93,1.21,10.81,35.16,24.35,100.89,16.68,68.07,22.15,1
2/10/2022,2.82,1.82,12.39,36.97,24.58,100.79,19.66,64.08,21.47,1
2/11/2022,2.45,1.32,11.94,36.58,24.64,100.75,17.99,66.67,21.95,1
2/12/2022,3.03,0.97,10.94,35.68,24.74,100.66,18.81,68.72,22.27,1
2/13/2022,1.05,1.61,11.13,35.77,24.64,100.56,20.67,67.11,22.06,1
2/14/2022,6.11,1.45,11.03,35.35,24.32,100.64,18.5,71.56,23.11,1
2/15/2022,10.72,2.47,11.35,35.97,24.62,100.7,18.92,71.58,22.62,1
2/16/2022,1.09,2.43,11.02,35.07,24.05,100.65,15.42,69.81,21.83,1
2/17/2022,0.32,2.41,13.69,36.69,23,100.61,19.91,65.86,21.33,1
2/18/2022,3.51,2.2,13.21,36.76,23.55,100.72,19.96,68.35,22.26,1
2/19/2022,1.1,2.05,12.26,36.09,23.83,100.85,20.27,68.25,22.36,1
2/20/2022,0.05,1.75,11.47,36.27,24.8,100.76,17.67,68.01,22.89,1
2/21/2022,7.61,2.28,9.79,34.99,25.2,100.86,19.17,68.69,22.44,1
2/22/2022,10.81,2.23,10.5,33.36,22.86,101.08,17.6,69.86,20.96,1
2/23/2022,1.45,3.43,13,35.58,22.58,101.16,22.81,59.12,18.69,1
2/24/2022,0.31,3.73,13.37,34.83,21.46,101.22,22.4,56.8,17.56,1
2/25/2022,0,3.44,9.36,31.73,22.37,101.24,18.21,62.19,18.54,0
2/26/2022,0,2.88,13.01,35.43,22.42,101.09,17.66,58.29,18.96,0
2/27/2022,0,2.41,13.12,36.96,23.84,100.99,23.8,57.5,19.9,0
2/28/2022,0,0.96,11.86,36.96,25.1,100.94,23.22,59.91,21.12,0
3/1/2022,0.03,1.28,12.59,37.53,24.94,100.91,23.16,58.56,20.96,1
3/2/2022,7.88,1.19,9.74,34.54,24.8,100.95,18.03,67.21,21.93,1
3/3/2022,0.1,1.11,12.79,37.98,25.19,100.83,20.6,59.5,21,1
3/4/2022,1.7,1.72,13.29,38.03,24.74,100.77,21.2,62.02,21.78,1
3/5/2022,8.69,2.74,9.5,34.3,24.8,100.78,18.38,73.13,23.09,1
3/6/2022,1.37,2.09,9.4,34.4,25,100.79,18.96,71.18,22.79,1
3/7/2022,1.78,1.41,11.7,36.88,25.18,100.82,18.66,65.28,22.03,1
3/8/2022,0.14,1.37,12.62,37.01,24.39,100.81,22.58,58.19,19.66,1
3/9/2022,0,1.05,12.58,36.82,24.24,100.77,20.34,61.49,21.3,0
3/10/2022,1.07,1.49,11.47,36.1,24.63,100.68,17.98,63.69,21.9,1
3/11/2022,0.01,1.57,12.89,37.06,24.17,100.6,19.62,60.78,20.97,1
3/12/2022,0.11,1.52,13.04,37.68,24.64,100.53,17.62,58.3,20.53,1
3/13/2022,0.09,1.97,10.71,36.19,25.48,100.57,20.98,63.33,22.11,1
3/14/2022,1.64,1.69,8.86,34.82,25.96,100.65,19.45,69.28,23.32,1
3/15/2022,1.21,2.13,12.57,37.57,25,100.53,18.69,63.42,22.53,1
3/16/2022,1.95,2.34,9.44,34.64,25.2,100.54,14.75,69.64,22.94,1
3/17/2022,0.09,1.38,10.38,36.04,25.66,100.56,18.13,63.1,22.3,1
3/18/2022,8.51,1.38,7.18,32.94,25.76,100.58,13.11,72.24,23.2,1
3/19/2022,9.33,1.1,10.04,35.94,25.9,100.49,21.52,69.94,23.51,1
3/20/2022,4.28,2.15,11.01,36.08,25.07,100.67,20.84,68.41,22.43,1
3/21/2022,21.93,2.21,9.04,33.42,24.38,100.82,18.96,77.89,23.49,1
3/22/2022,9.27,2.11,6.26,31.4,25.14,100.87,16.11,81.93,24.08,1
3/23/2022,5.02,1.93,10.68,34.67,23.99,100.83,22.06,72.89,22.84,1
3/24/2022,1.22,1.93,9.69,34.7,25.01,100.75,20.79,73.22,23.48,1
3/25/2022,3.1,2.49,11.03,36.19,25.16,100.83,22.31,72.38,23.77,1
3/26/2022,0.44,1.2,10.42,35.61,25.19,100.88,24.99,68.97,23.39,1
3/27/2022,21.27,1.57,8.23,33.49,25.26,100.85,22.01,77.05,24.5,1
3/28/2022,4.04,1.4,4.97,30.68,25.71,100.86,18.61,82.04,24.51,1
3/29/2022,0.86,1.25,8.48,33.16,24.68,100.81,20,74.31,23.32,1
3/30/2022,0.13,1.61,8.17,33.9,25.73,100.77,21.62,72.84,23.07,1
3/31/2022,10.96,1.5,8.8,33.57,24.77,100.68,22.43,72.75,22.87,1
4/1/2022,13.26,2.73,2.79,28.61,25.82,100.69,17.14,88.45,24.85,1
4/2/2022,12.11,2.23,8.37,33.12,24.75,100.94,10.71,78.11,23.69,1
4/3/2022,18.93,3.15,10.42,32.75,22.33,101.03,20.21,75.82,21.81,1
4/4/2022,2.16,3.36,9.32,31.39,22.07,101.14,17.29,76.61,21.5,1
4/5/2022,6.41,2.4,10.49,33.11,22.62,101.1,19.4,74.23,22.57,1
4/6/2022,1.14,1.79,10.49,34.54,24.05,100.97,21.28,71.1,22.9,1
4/7/2022,0.29,1.83,9.29,34.22,24.93,100.9,19.36,71.52,22.53,1
4/8/2022,10.73,1.25,9.92,33.88,23.96,100.86,21.21,73.02,22.36,1
4/9/2022,0.01,1.28,10.43,34.44,24.01,100.71,18.72,70.11,22.56,1
4/10/2022,0.01,1.14,10.19,35.05,24.86,100.69,16.99,71.58,23.11,1
4/11/2022,0.2,2.36,8.85,33.96,25.11,100.68,17.66,75.39,23.86,1
4/12/2022,0,2.38,10.54,35.12,24.58,100.58,20.64,73.48,23.62,0
4/13/2022,0,2.27,10.61,35.48,24.87,100.51,19.52,73.28,23.84,0
4/14/2022,0.02,2.21,9.2,34.73,25.53,100.49,18.47,75.01,24.38,1
4/15/2022,0.03,2.21,8.06,33.81,25.75,100.55,19.2,75.55,24.32,1
4/16/2022,1.17,1.83,6.39,32.36,25.97,100.61,16.48,78.56,24.18,1
4/17/2022,1.67,2.12,11.42,36.08,24.66,100.64,18.41,70.73,23.07,1
4/18/2022,6.95,1.79,8.58,33.27,24.69,100.76,18.65,77.26,24.02,1
4/19/2022,2.07,1.58,11.85,36.27,24.42,100.83,19.6,67.18,21.94,1
4/20/2022,6.93,1.25,9.36,34.14,24.78,100.77,20.1,71.89,22.94,1
4/21/2022,1.92,1.85,9.57,34.27,24.7,100.75,20.23,74.52,23.73,1
4/22/2022,2.55,1.56,6.93,32.03,25.1,100.8,19.35,79.19,24.15,1
4/23/2022,0.04,1.9,11.33,35.53,24.2,100.69,21.12,71.55,23.39,1
4/24/2022,0.04,2.18,6.31,31.93,25.62,100.64,20.46,76.2,23.4,1
4/25/2022,0.33,1.53,9.46,34.02,24.56,100.58,20.45,72.53,23.43,1
4/26/2022,0.09,1.83,9.3,34.77,25.47,100.57,18.71,72.75,24.02,1
4/27/2022,0.02,1.27,9.43,35.52,26.09,100.5,23.8,70.65,24.18,1
4/28/2022,3.1,2.83,7.21,33.88,26.67,100.61,19.02,75.3,24.57,1
4/29/2022,20.28,0.79,8.77,34.24,25.47,100.64,12.77,76.22,24.16,1
4/30/2022,2.77,1.68,9.63,34.63,25,100.47,17.03,75.49,24.04,1
5/1/2022,2.34,2.55,7.26,32.78,25.52,100.46,14.32,78.93,24.32,1
5/2/2022,2.01,2.58,7.4,32.86,25.46,100.53,14.04,79.3,24.51,1
5/3/2022,11.23,1.78,7.68,32.67,24.99,100.71,9.93,80.54,24.32,1
5/4/2022,3.85,1.48,10.55,34.04,23.49,100.77,17.32,76.51,23.5,1
5/5/2022,0.69,1.9,8.04,33.06,25.02,100.62,19.68,77.38,23.96,1
5/6/2022,1.88,2.01,8.01,33.25,25.24,100.57,17.44,80.24,24.65,1
5/7/2022,2.39,1.98,9.19,34.55,25.36,100.6,18,78.12,24.52,1
5/8/2022,6.75,2.36,8.5,33.37,24.87,100.64,18.17,79.67,24.35,1
5/9/2022,2.57,1.9,5.76,31.08,25.32,100.68,17.32,83.62,24.69,1
5/10/2022,2.27,1.96,10.77,35.75,24.98,100.63,17.34,74.65,24.21,1
5/11/2022,4.92,1.77,7.96,33.59,25.63,100.65,17.86,78.2,24.73,1
5/12/2022,3.58,1.89,7.77,33.52,25.75,100.62,16.46,78.9,24.79,1
5/13/2022,0.49,1.96,9.35,34.86,25.51,100.52,20.13,76.93,24.87,1
5/14/2022,0.55,1.92,8.68,34.35,25.67,100.63,21.64,75.8,24.6,1
5/15/2022,1.44,2.38,8.19,34.91,26.72,100.7,22.13,74.47,24.51,1
5/16/2022,17.33,1.89,3.62,29.99,26.37,100.73,18.17,85.21,25.23,1
5/17/2022,4.95,1.03,9.69,34.63,24.94,100.68,17.44,75.33,23.94,1
5/18/2022,7.28,1.63,6.35,31.69,25.34,100.78,19.44,82.69,24.56,1
5/19/2022,38.34,1.65,4.66,29.52,24.86,100.86,12.59,86.9,24.41,1
5/20/2022,1.94,2.21,7.98,31.93,23.95,100.71,20.21,81.11,23.99,1
5/21/2022,2.11,2.37,4.82,29.65,24.83,100.58,18.76,87.15,24.48,1
5/22/2022,4.82,3.17,6.22,30.78,24.56,100.36,13.83,84.52,24.01,1
5/23/2022,19.08,2.24,4.87,28.99,24.12,100.5,6,87.89,23.8,1
5/24/2022,0.31,1.99,10.28,33.77,23.49,100.71,21.95,76.89,23.22,1
5/25/2022,0,2.06,8.84,33.74,24.9,100.69,21.19,77.72,24.01,0
5/26/2022,0.04,2.7,6.58,32.05,25.47,100.58,20.11,79.59,23.77,1
5/27/2022,7.94,2.51,4.38,28.99,24.61,100.46,13.85,86.71,23.94,1
5/28/2022,19.83,3.08,6.95,30.56,23.61,100.48,16.61,83.12,23.52,1
5/29/2022,0.43,2.4,7.99,32.2,24.21,100.5,14.03,81.37,24.09,1
5/30/2022,4.18,1.86,5.48,30.06,24.58,100.5,18.22,85.25,24.54,1
5/31/2022,30.11,1.61,7.87,32.09,24.22,100.42,17.9,85.49,25.19,1
6/1/2022,0.34,1.68,6.39,31.55,25.16,100.48,20.6,85.16,25.37,1
6/2/2022,7.3,1.87,4.91,30.6,25.69,100.56,18.99,88.1,25.54,1
6/3/2022,7.04,2.41,5.02,30.1,25.08,100.67,14.72,89.1,25.13,1
6/4/2022,5.83,1.77,5.67,29.59,23.92,100.79,15.74,88.94,24.35,1
6/5/2022,0.78,1.78,8.81,32.01,23.2,100.64,20.07,84.47,24.38,1
6/6/2022,0.66,1.84,8.17,32.42,24.25,100.54,21.15,83.48,24.9,1
6/7/2022,0.05,1.44,7.41,32.46,25.05,100.56,21.9,81.49,24.79,1
6/8/2022,0.01,1.02,7.69,32.23,24.54,100.63,20.36,79.05,24.14,1
6/9/2022,0.02,0.79,8.65,33.77,25.12,100.59,22.8,74.12,24.03,1
6/10/2022,6.62,0.79,4.77,30.82,26.05,100.62,19.22,83.98,24.88,1
6/11/2022,19.78,1.25,7.16,32.03,24.87,100.65,21.76,81.65,24.56,1
6/12/2022,42,1.76,5.52,30.05,24.53,100.73,22.7,87.51,24.63,1
6/13/2022,0.02,1.23,8.94,32.5,23.56,100.66,21.67,81.13,24.2,1
6/14/2022,0.38,1.54,8.07,32.55,24.48,100.63,21.77,81.7,24.53,1
6/15/2022,1.07,1.64,5.99,30.65,24.66,100.7,20.76,86.31,24.85,1
6/16/2022,0.57,1.14,7.05,31.78,24.73,100.81,20.32,81.63,24.37,1
6/17/2022,0.1,1.6,6.56,31.15,24.59,100.76,21.71,83.6,24.73,1
6/18/2022,9.84,1.4,7.06,31.51,24.45,100.72,21.07,84.07,24.79,1
6/19/2022,42.92,1.7,6.67,31.38,24.71,100.62,20.74,86.52,25.23,1
6/20/2022,57.25,1.51,5.9,30.87,24.97,100.47,20.77,88.97,25.52,1
6/21/2022,8.11,1.77,4.97,29.8,24.83,100.51,19.34,87.1,24.58,1
6/22/2022,13.41,1.92,6.09,30.37,24.28,100.69,20.63,88.12,24.67,1
6/23/2022,5.49,1.58,6.46,30.89,24.43,100.73,19.96,85.44,24.42,1
6/24/2022,22.72,1.91,5.8,29.9,24.1,100.66,19.07,89.74,24.95,1
6/25/2022,0.6,1.71,6.37,30.64,24.27,100.55,20.15,86.98,24.74,1
6/26/2022,1.04,1.53,6.89,31.16,24.27,100.68,21.65,85.72,24.8,1
6/27/2022,3.37,1.25,6.27,30.77,24.5,100.71,21.51,85.94,24.88,1
6/28/2022,0.42,1.4,6.89,31.84,24.95,100.54,20.8,85.53,25.46,1
6/29/2022,2.36,2.01,6.26,31.29,25.03,100.32,20.04,87.49,25.35,1
6/30/2022,1.95,2.78,5.72,30.17,24.45,100.3,19.85,90.03,25.17,1
7/1/2022,2.74,2.53,4.27,28.71,24.44,100.36,16.69,91.96,24.98,1
7/2/2022,27.47,2.7,5.07,29.95,24.88,100.38,11.48,89.63,25.14,1
7/3/2022,16.2,2.15,4.55,29.36,24.81,100.43,15.8,92.51,25.66,1
7/4/2022,9.19,3.05,5.63,30.41,24.78,100.47,19.66,89.58,25.02,1
7/5/2022,0.88,2.54,5.39,30.04,24.65,100.51,18.59,89.68,25.21,1
7/6/2022,13.39,2.29,5.18,30.06,24.88,100.61,20.22,91.7,25.74,1
7/7/2022,12.03,1.97,5.48,30.34,24.86,100.58,20.65,90.27,25.65,1
7/8/2022,3.35,2.6,4.44,29.4,24.96,100.58,17.42,91.48,25.3,1
7/9/2022,7.71,2.05,5.12,29.12,24,100.49,19.24,91.27,24.66,1
7/10/2022,27.43,2.94,5.6,29.78,24.18,100.47,13.9,89.56,24.59,1
7/11/2022,38.28,3.16,4.55,28.65,24.1,100.45,14.14,92.24,24.66,1
7/12/2022,30.64,3.17,2.9,27.45,24.55,100.35,11.33,93.64,24.72,1
7/13/2022,50.43,2.6,5.11,29.09,23.98,100.27,12.31,91.47,24.89,1
7/14/2022,3.61,2.79,6.68,30.2,23.52,100.34,18.49,89.39,24.65,1
7/15/2022,2.66,2.33,6.36,30.52,24.16,100.46,16.65,89.56,25.2,1
7/16/2022,1.31,2.31,5.98,30.76,24.78,100.54,21.83,89.52,25.49,1
7/17/2022,1.45,2.5,5.64,30.16,24.52,100.65,20.43,89.45,25.21,1
7/18/2022,2.95,2.34,6.78,31.01,24.23,100.54,19.83,88.54,25.29,1
7/19/2022,28.95,2.69,6.11,30.82,24.71,100.45,14.34,90.95,25.79,1
7/20/2022,14.57,2.47,5.15,29.26,24.11,100.54,13.72,92.45,25.21,1
7/21/2022,26.17,2.09,4.08,27.79,23.71,100.78,9.81,93.72,24.52,1
7/22/2022,0.17,1.03,9.1,31.56,22.46,100.84,23.26,82.45,24.07,1
7/23/2022,0.63,0.84,5.83,30.81,24.98,100.73,21.17,83.43,24.88,1
7/24/2022,0.97,1.3,6.33,31.17,24.84,100.6,20.92,85.3,24.93,1
7/25/2022,1.99,1.08,6.48,30.42,23.94,100.65,20.28,86.23,24.8,1
7/26/2022,35.94,1.53,4.84,30.1,25.26,100.64,20.44,89.38,25.05,1
7/27/2022,7.87,1.02,6.41,30.88,24.47,100.6,20.32,87.27,24.81,1
7/28/2022,11.3,1.66,6.41,30.9,24.49,100.6,20.84,87.33,25.09,1
7/29/2022,0.43,2.35,7.79,31.75,23.96,100.55,23.83,86.68,25.12,1
7/30/2022,1.38,1.96,6.87,31.2,24.33,100.51,22.8,88.59,25.53,1
7/31/2022,57.03,2.07,4.57,29.71,25.14,100.47,20.13,90.67,25.46,1
8/1/2022,58.44,1.44,3.39,28.58,25.19,100.53,12.7,90.89,24.96,1
8/2/2022,5.2,1.99,5.11,29.37,24.26,100.61,19.92,91.6,25.04,1
8/3/2022,2.49,1.72,5.85,30.19,24.34,100.72,18.64,89.01,24.99,1
8/4/2022,4.38,1.42,6.32,30.49,24.17,100.68,17.66,85.39,24.59,1
8/5/2022,2.57,2.33,4.94,29.4,24.46,100.66,17.72,88.33,24.46,1
8/6/2022,9.29,2.5,4.89,29.14,24.25,100.58,16.73,89.69,24.44,1
8/7/2022,5.15,2.71,3.24,27.12,23.88,100.53,12.47,94.12,24.39,1
8/8/2022,4.25,3.04,4.96,28.25,23.29,100.58,13.34,91.14,23.63,1
8/9/2022,10.3,3.15,5.95,28.44,22.49,100.56,15.01,90.41,23.26,1
8/10/2022,8.47,2.57,5.34,28.51,23.17,100.48,14.46,91.81,24.21,1
8/11/2022,10.97,3,5.12,28.86,23.74,100.58,11.27,91.49,24.46,1
8/12/2022,0.12,2.35,7.75,31.59,23.84,100.68,19.16,86.8,24.74,1
8/13/2022,0.02,1.63,8.11,31.58,23.47,100.68,21.23,86.44,24.84,1
8/14/2022,0.51,1.33,7.05,31.32,24.27,100.68,19.07,82.91,24.6,1
8/15/2022,3.24,2.01,5.89,30.56,24.67,100.66,15.46,87.63,25,1
8/16/2022,5.11,2.5,6.78,30.63,23.85,100.62,15.66,88.35,24.68,1
8/17/2022,10.62,2.47,5.93,29.85,23.92,100.64,18.15,90.95,25.04,1
8/18/2022,1.81,2.6,6.49,30.74,24.25,100.61,20.05,87.55,24.82,1
8/19/2022,6.09,1.87,5.81,30.1,24.29,100.57,17.75,88.98,24.93,1
8/20/2022,0.44,2.7,4.61,29.05,24.44,100.5,14.29,91.18,24.81,1
8/21/2022,1.84,3.05,5.95,30.02,24.07,100.49,19.61,91.56,25.05,1
8/22/2022,3.69,2.45,6.42,30.71,24.29,100.59,21.01,88.88,24.99,1
8/23/2022,4.44,1.81,5.75,30.13,24.38,100.65,20.01,90.04,25.21,1
8/24/2022,32.19,1.6,5.38,30.4,25.02,100.54,18.06,87.98,24.83,1
8/25/2022,35.53,3.08,5.57,30.29,24.72,100.48,14.46,89.75,25.13,1
8/26/2022,27.53,2.61,3.72,28.62,24.9,100.71,16.33,93.22,25.29,1
8/27/2022,0.28,1.16,7.32,31.52,24.2,100.75,19.9,84.21,24.65,1
8/28/2022,5.66,1.23,5.38,30.37,24.99,100.59,20.57,87.19,25.38,1
8/29/2022,15,1.99,5.28,30.1,24.82,100.66,19.21,88.77,25.08,1
8/30/2022,0.02,0.97,5.62,30.75,25.13,100.71,20.07,86.27,25.18,1
8/31/2022,0.92,1.27,4.43,29.19,24.76,100.58,17.47,89.91,25.21,1
9/1/2022,0.25,1.05,6.32,31.32,25,100.63,21.7,82.64,24.83,1
9/2/2022,3.2,1.45,6.55,31.57,25.02,100.63,16.32,86.5,25.46,1
9/3/2022,7.63,1.5,5.68,30.76,25.08,100.6,20.3,88.54,25.46,1
9/4/2022,25.21,2.06,5.6,30.75,25.15,100.72,16.8,89.08,25.52,1
9/5/2022,17.44,1.93,4.19,28.32,24.13,100.77,16.72,92.21,24.76,1
9/6/2022,4.82,1.94,7.34,30.51,23.17,100.7,14.42,88.24,24.46,1
9/7/2022,14.09,1.94,3.99,28.4,24.41,100.78,11.54,89.73,24.15,1
9/8/2022,8.35,2.67,5.44,28.78,23.34,100.84,15.96,90.34,23.96,1
9/9/2022,4.55,1.18,7.6,30.79,23.19,100.89,18.36,86.19,24.42,1
9/10/2022,7.23,2.38,4.21,28.97,24.76,100.78,19.66,92.61,25.38,1
9/11/2022,20.01,2.03,6.47,30.42,23.95,100.73,20.54,89.25,24.84,1
9/12/2022,13.84,1.56,5.27,28.32,23.05,100.76,17.85,90.79,23.81,1
9/13/2022,9.33,1.24,4.04,28.15,24.11,100.84,17.48,90.79,24.22,1
9/14/2022,8.41,2.38,6.06,29.99,23.93,100.88,18.53,90.57,25.03,1
9/15/2022,12.46,2.48,5.3,29.53,24.23,100.8,18.81,91.47,25.04,1
9/16/2022,1.82,2.39,6.17,30.31,24.14,100.6,17.65,90.46,25.12,1
9/17/2022,1.24,1.96,4.69,29.33,24.64,100.66,18.78,91.44,25.13,1
9/18/2022,4.28,2,5.54,29.82,24.28,100.74,17.59,89.35,24.69,1
9/19/2022,9.63,2.17,6.99,29.95,22.96,100.78,16.31,88.71,24.08,1
9/20/2022,2.05,1.94,4.52,28.04,23.52,100.68,15.95,89.3,23.86,1
9/21/2022,12.17,1.64,7.13,30.84,23.71,100.57,14.26,88.29,24.71,1
9/22/2022,20.67,2.41,4.79,29.03,24.24,100.6,15.06,90.98,24.6,1
9/23/2022,1.29,2.21,7.42,30.62,23.2,100.62,14.74,89.06,24.65,1
9/24/2022,1.72,2.07,6.38,30.45,24.07,100.59,15.29,88.92,24.9,1
9/25/2022,13.53,1.96,5.15,29.7,24.55,100.63,13.63,91.83,25.24,1
9/26/2022,7.91,1.39,6.11,29.65,23.54,100.7,14.37,88.9,24.19,1
9/27/2022,1.32,1.99,5.18,28.36,23.18,100.5,14.11,91.66,24.08,1
9/28/2022,3.29,3.66,4.65,28.32,23.67,100.24,11.8,91.38,23.92,1
9/29/2022,4.9,3.32,6.47,30.41,23.94,100.35,15.41,89.07,24.66,1
9/30/2022,8.12,2.79,5.11,29.79,24.68,100.6,11.25,91.91,25.38,1
10/1/2022,5.72,2.19,5.1,29.51,24.41,100.7,16.92,92.07,24.99,1
10/2/2022,3.1,0.97,5.69,29.65,23.96,100.68,11.43,85.98,23.85,1
10/3/2022,19.86,1.52,6.47,30.3,23.83,100.68,16.47,88.84,24.52,1
10/4/2022,16.21,1.39,4.37,28.01,23.64,100.86,18.82,90.24,24.13,1
10/5/2022,8.59,1.67,8.05,31.19,23.14,100.86,19.98,87.06,24.58,1
10/6/2022,26.84,1.37,4.33,28.44,24.11,100.93,17.04,90.22,24.52,1
10/7/2022,11.82,1.08,6.4,30.46,24.06,100.87,17.26,86.12,24.64,1
10/8/2022,7.32,0.75,5.52,30.44,24.92,100.88,13.34,87.34,24.8,1
10/9/2022,3.49,1.04,5.94,29.92,23.98,100.95,15.05,87.71,24.61,1
10/10/2022,5.76,1.31,6.4,30.71,24.31,101.01,17.2,86.52,24.44,1
10/11/2022,19.12,1.81,5.57,29.7,24.13,100.97,18.42,89.21,24.38,1
10/12/2022,0.67,2.12,6.31,29.97,23.66,100.89,19.16,86.4,24.12,1
10/13/2022,1.73,1.68,6.67,30.23,23.56,100.74,19.37,88.22,24.56,1
10/14/2022,0.03,2.93,5.83,28.76,22.93,100.59,16.1,88.6,23.32,1
10/15/2022,0.1,2.67,5.22,27.56,22.34,100.54,15.32,89.9,22.55,1
10/16/2022,0,1.52,8.95,30.1,21.15,100.77,16.84,86.09,22.89,0
10/17/2022,0.03,1.81,7.82,30.96,23.14,100.78,17.98,87.35,24.3,1
10/18/2022,0.04,1.66,5.9,28.86,22.96,100.79,18.51,85.77,23.01,1
10/19/2022,1.67,1.53,7.17,29.85,22.68,100.75,17.03,84.03,23.22,1
10/20/2022,18.71,2.24,3.75,27.5,23.75,100.86,12.21,93.71,24.6,1
10/21/2022,2.46,2.09,6.21,30.69,24.48,100.98,15.2,88.05,24.7,1
10/22/2022,0.44,0.76,6.65,31.2,24.55,101.02,14.16,83.87,24.5,1
10/23/2022,1.69,0.91,6.26,30.9,24.64,100.98,16.85,85.22,24.83,1
10/24/2022,14.1,1.01,5.94,30.87,24.93,100.84,14.44,87.35,25.22,1
10/25/2022,5.28,1.22,6.38,30.5,24.12,100.86,18.03,86.35,24.65,1
10/26/2022,2.08,1.64,6.82,31.11,24.29,100.81,17.95,87.13,24.73,1
10/27/2022,7.77,1.02,4.8,30.09,25.29,100.76,12.96,89.27,25.02,1
10/28/2022,0.87,2.42,6.57,30.56,23.99,100.69,18.2,86.86,24.44,1
10/29/2022,0,2.71,7.55,30,22.45,100.67,20.05,86.22,23.57,0
10/30/2022,0,2.23,6.7,30.85,24.15,100.65,19.67,85.25,24,0
10/31/2022,0,2.31,7.28,30.51,23.23,100.73,19.92,85.13,23.42,0
11/1/2022,0,2.42,7,29.57,22.57,100.85,20.8,83,22,0
11/2/2022,0.02,1.26,9.43,30.02,20.59,100.83,19.77,82.03,21.99,1
11/3/2022,1.17,1.74,5.37,28.34,22.97,100.89,19.5,88.98,23.39,1
11/4/2022,1.32,1.19,5.32,27.74,22.42,101.03,11.7,92.79,23.59,1
11/5/2022,9.34,1.84,4.85,28.33,23.48,101.19,14.29,90.63,23.85,1
11/6/2022,8.41,1.69,7.3,30.1,22.8,101.12,16.4,86.6,23.51,1
11/7/2022,1.54,1.71,7.48,30.68,23.2,101.02,19.11,83.03,23.31,1
11/8/2022,0.33,1.74,7.42,30.98,23.56,100.96,19.01,85.15,24.1,1
11/9/2022,2,2.1,6.08,30.14,24.06,100.98,18.6,87.25,24.17,1
11/10/2022,2.49,2.03,7.59,31.61,24.02,100.91,18.45,83.25,24.19,1
11/11/2022,17.11,1.94,7.15,31.3,24.15,100.87,18.37,85.75,24.62,1
11/12/2022,2.62,1.74,7.02,30.84,23.82,100.8,17.07,87.87,24.48,1
11/13/2022,8.17,1.6,4.89,29.49,24.6,100.8,15.91,90.83,24.98,1
11/14/2022,9.08,1.13,6.12,30.69,24.57,100.83,16.77,87.42,24.88,1
11/15/2022,7.1,1.32,8.81,31.87,23.06,100.81,17.86,86.14,24.53,1
11/16/2022,2.4,0.8,6.13,30.66,24.53,100.73,16.92,86.01,24.71,1
11/17/2022,4.41,0.77,3.94,28.54,24.6,100.71,16.24,89.62,24.69,1
11/18/2022,3.92,1.34,6.63,30.92,24.29,100.73,18.42,87.02,24.81,1
11/19/2022,4.18,2.2,6.45,30.48,24.03,100.68,14.44,86.77,24.3,1
11/20/2022,1.83,2.9,4.15,27.39,23.24,100.56,9.12,90.13,23.2,1
11/21/2022,3.68,2.22,5.66,28.79,23.13,100.45,15.89,90.32,23.87,1
11/22/2022,2.53,1.09,5.94,29.54,23.6,100.5,12.23,88.13,24.26,1
11/23/2022,2.83,2.31,5.3,29.42,24.12,100.58,13.58,92.09,24.88,1
11/24/2022,3.64,2.8,5.25,29.34,24.09,100.81,13.15,90.75,24.57,1
11/25/2022,5.01,1.95,6.74,30.33,23.59,100.93,14.94,89.24,24.53,1
11/26/2022,1.72,1.3,4.8,28.84,24.04,100.86,14.52,90.01,24.31,1
11/27/2022,1.27,1.13,5.7,29.56,23.86,100.78,14.54,87.22,23.97,1
11/28/2022,2.43,1.2,6.61,30,23.39,100.83,16.11,87.51,24.2,1
11/29/2022,19.12,0.87,5.45,29.64,24.19,100.86,14.03,86.25,24.32,1
11/30/2022,0.75,1.17,7.91,31.22,23.31,100.84,17.46,83.57,23.95,1
12/1/2022,0.84,1.74,6.11,30.43,24.32,100.79,19.04,87.06,24.52,1
12/2/2022,1.72,2.18,7.5,30.61,23.11,100.73,16.97,88.21,24.05,1
12/3/2022,1.97,2.2,5.92,28.45,22.53,100.83,16.04,88.42,23,1
12/4/2022,0.38,2.15,5.89,28.72,22.83,100.87,16.57,86.91,23.11,1
12/5/2022,2.34,1.89,7.45,30.59,23.14,100.89,17.06,87.41,23.95,1
12/6/2022,2.95,2.38,7.6,30.34,22.74,100.81,13.06,87.8,24.06,1
12/7/2022,0.35,2.58,4.42,27.94,23.52,100.83,15.04,89.25,23.51,1
12/8/2022,1.49,2.08,7.03,30.52,23.49,100.78,13.98,85.87,24.09,1
12/9/2022,2.38,2.22,7.29,30.47,23.18,100.76,18.61,85.54,23.58,1
12/10/2022,0.1,2.21,8.8,30.41,21.61,100.81,20.11,84.11,22.59,1
12/11/2022,0.07,1.87,7.49,29.9,22.41,100.89,17.07,83.37,22.45,1
12/12/2022,0.28,2.2,8.15,29.57,21.42,100.98,17.25,83.77,21.59,1
12/13/2022,0,2.61,8.35,28.18,19.83,101.05,19.28,82.09,19.83,0
12/14/2022,0,2.79,9.73,28.32,18.59,101.08,19.85,81.23,19.45,0
12/15/2022,0,2.51,9.41,28.98,19.57,100.92,20.11,79.93,19.78,0
12/16/2022,0,2.18,10.05,30.79,20.74,100.79,19.42,82.02,21.61,0
12/17/2022,10.95,3.68,8.29,30.98,22.69,100.86,16.62,83.69,23.22,1
12/18/2022,0.7,5.17,6.45,25.91,19.46,101.08,13.85,77.05,17.93,1
12/19/2022,0,3.46,10.04,27.39,17.35,100.99,18.94,79.2,18.08,0
12/20/2022,0,2.59,10.34,29.44,19.1,100.82,20.79,81.26,20.23,0
12/21/2022,0,2.75,9.31,30.68,21.37,100.78,19.63,80.62,21.58,0
12/22/2022,0.01,2.62,8.44,29.87,21.43,100.81,16.52,79.35,20.92,1
12/23/2022,0,2.3,9.48,29.49,20.01,100.97,19.35,78.5,19.7,0
12/24/2022,0,2.8,9.73,27.98,18.25,101.15,17.96,75.48,17.65,0
12/25/2022,0,2.75,10.92,28.59,17.67,101.28,18.99,73.87,17.19,0
12/26/2022,0,2.53,11.53,29.55,18.02,101.36,19.15,72.74,17.28,0
12/27/2022,0,1.89,8.72,27.1,18.38,101.34,18.14,75.73,17.99,0
12/28/2022,0,2,10.56,29.05,18.49,101.33,18.73,74.74,17.95,0
12/29/2022,0,2.24,11.75,30.93,19.18,101.31,18.59,74.09,19.06,0
12/30/2022,0,3.13,8.61,30.01,21.4,101.38,17.97,73.99,19.86,0
12/31/2022,0,3,9.09,29.3,20.21,101.35,18.39,71.91,18.24,0
1/1/2023,0,3.13,9.55,29.43,19.88,101.29,15.91,71.94,18.49,0
1/2/2023,0,2.75,9.09,30.09,21,101.3,13.86,74.66,19.65,0
1/3/2023,0,3.16,10.77,31.78,21.01,101.24,19.65,72.93,20.08,0
1/4/2023,0,3.37,7.05,29.02,21.97,101.19,17.84,73.06,19.71,0
1/5/2023,0,3.49,8.36,30.28,21.92,101.16,14.1,72.71,19.71,0
1/6/2023,0.18,4.14,7.89,29.69,21.8,101.11,12.73,72.21,19.15,1
1/7/2023,1,3.79,6.78,26.6,19.82,101.06,11.31,76.15,18.26,1
1/8/2023,0.02,2.87,10.72,31.08,20.36,101.04,13.73,74.16,19.58,1
1/9/2023,0.58,1.99,7.46,29.58,22.12,101.08,15.09,79.38,21.66,1
1/10/2023,7.73,1.66,6.54,29.74,23.2,101.02,8.48,86.93,23.18,1
1/11/2023,12.64,2.08,6.65,29.7,23.05,100.93,8.23,86.87,22.99,1
1/12/2023,2.23,2.34,8.83,31.13,22.3,100.91,9.63,83.8,22.95,1
1/13/2023,2.12,1.4,8.49,31.94,23.45,100.94,14.88,79.5,23.1,1
1/14/2023,1.91,1.25,9.31,33.03,23.72,100.76,18.87,77.34,23.35,1
1/15/2023,0,1.61,12.03,34.07,22.04,100.72,19.62,71.34,21.69,0
1/16/2023,0.13,1.53,10.92,33.27,22.35,100.94,19.15,67.51,19.45,1
1/17/2023,0,2.37,12.7,32.81,20.11,101.12,19.97,68.06,18.86,0
1/18/2023,0,3.67,10.91,31.98,21.07,101.21,20.68,64.23,17.92,0
1/19/2023,0,2.86,9.67,30.13,20.46,101.13,20.04,70.05,18.8,0
1/20/2023,0,2.98,12.06,32.8,20.74,101.08,18.96,65.73,18.77,0
1/21/2023,0,2.39,12.89,33.69,20.8,100.94,21.52,68.23,19.86,0
1/22/2023,0,2.08,10.59,33.85,23.26,100.81,19.07,68.36,21.15,0
1/23/2023,0,1.99,10.5,34.69,24.19,100.74,20.21,68.17,21.68,0
1/24/2023,0.08,3.72,10.23,34.64,24.41,100.83,19.47,66.3,21.14,1
1/25/2023,0.01,4.19,9.53,30.49,20.96,101,20.66,61.09,16.68,1
1/26/2023,0,2.15,13.94,33.76,19.82,100.89,19.79,63.19,18.23,0
1/27/2023,0.68,3.03,11.81,34.31,22.5,100.88,19.21,63.06,19.43,1
1/28/2023,0.87,4.28,9.23,31.71,22.48,100.94,19.96,60.47,17.45,1
1/29/2023,0,4.11,11.33,30.86,19.53,101.08,19.12,58.04,15.5,0
1/30/2023,0,3.62,13.28,32.34,19.06,101.11,18.94,56.37,14.77,0
1/31/2023,0,1.95,14.59,34.08,19.49,100.91,21.6,61.54,17.75,0
2/1/2023,0,1.2,11.87,34.46,22.59,100.79,17.92,66.5,20.53,0
2/2/2023,0.01,1.82,11.03,35.3,24.27,100.82,17.32,69.07,22.07,1
2/3/2023,0.19,1.74,11.5,36.12,24.62,100.83,16.03,68.82,21.85,1
2/4/2023,0,1.8,12.49,36.18,23.69,100.77,19.73,64.95,21.01,0
2/5/2023,0.07,1.42,13.05,36.02,22.97,100.79,20.28,65.24,20.75,1
2/6/2023,0.01,1.66,12.25,35.38,23.13,100.79,17.82,65.62,20.96,1
2/7/2023,0.15,2.37,12.89,35.78,22.89,100.82,17.13,66.7,21.29,1
2/8/2023,0,1.67,12.48,36.33,23.85,100.8,18.55,64.61,21.26,0
2/9/2023,0.03,2.23,12.4,36.21,23.81,100.78,17.86,63.9,20.99,1
2/10/2023,0,2.34,14.16,37.03,22.87,100.86,19.97,62.73,20.19,0
2/11/2023,0,1.63,14.47,37.09,22.62,100.86,20.33,61.23,19.7,0
2/12/2023,0.01,1.8,12.13,36.25,24.12,100.9,17.28,64.27,21.4,1
2/13/2023,0.01,3.03,12.59,37.16,24.57,100.91,16.62,63.05,21.23,1
2/14/2023,0,2.26,12.39,36.52,24.13,100.87,16.91,62.13,20.45,0
2/15/2023,5.01,2,11.22,34.97,23.75,100.96,15.3,62.46,19.96,1
2/16/2023,0,3.26,12.98,35.67,22.69,101.07,23.09,53.27,17.42,0
2/17/2023,0,2.19,14.61,36.48,21.87,101.05,23.75,53.86,17.73,0
2/18/2023,0,1.72,11.81,36.49,24.68,100.96,20.92,54.49,18.97,0
2/19/2023,0.09,1.04,11.38,35.85,24.47,100.94,16.47,59,20.21,1
2/20/2023,0.43,2.2,11.25,35.9,24.65,100.94,17.19,57.26,19.34,1
2/21/2023,0,2.66,13.21,36.46,23.25,101.07,22.76,50.76,17.08,0
2/22/2023,0,3.21,13.35,36.28,22.93,101.06,22.05,49.51,16.61,0
2/23/2023,0.1,1.68,13.9,36.98,23.08,100.94,22.94,49.81,17.48,1
2/24/2023,0.12,2.56,13.45,37.54,24.09,100.94,22.37,52.25,17.79,1
2/25/2023,0,4.27,14.18,35.64,21.46,101.26,23.36,46.09,14.68,0
2/26/2023,0,4.81,13.6,35.33,21.73,101.41,23.93,47.57,15.1,0
2/27/2023,0,3.71,14.87,36.26,21.39,101.35,23.2,48.86,16.28,0
2/28/2023,0,3.54,13.41,36.96,23.55,101.22,24.2,49.42,17.74,0
3/1/2023,0,2.76,14.46,38.6,24.14,101.18,23.85,45.46,17,0
3/2/2023,0,3.11,13.45,38.04,24.59,101.2,22.42,46.31,17.01,0
3/3/2023,0,3.19,16.25,38.08,21.83,101.33,22.69,40.16,13.11,0
3/4/2023,0,3.63,14.6,36.8,22.2,101.38,23.4,43.68,13.93,0
3/5/2023,0,3.37,15.16,36.05,20.89,101.36,24.23,42.34,13.06,0
3/6/2023,0,2.66,14.6,36.16,21.56,101.24,24.47,42.57,13.41,0
3/7/2023,0,2.07,15.05,37.11,22.06,101.18,23.4,42.81,13.67,0
3/8/2023,0,1.91,16.37,38.11,21.74,101.15,24.39,40.48,12.1,0
3/9/2023,0.01,2.13,16.18,37.42,21.24,101.08,23.24,48.21,14.72,1
3/10/2023,0,1.73,15.69,37.83,22.14,101,23.29,44.73,14.56,0
3/11/2023,0.02,2.43,15.79,37.98,22.19,101.05,21.76,50.7,16.89,1
3/12/2023,0,2.2,13.49,35.88,22.39,101.08,20.74,54.65,17.79,0
3/13/2023,0,3.3,13.84,36.78,22.94,101.03,23.57,47.32,16.01,0
3/14/2023,0,2.28,14.83,37.44,22.61,100.88,25.4,43.01,14.39,0
3/15/2023,0,2.07,14.14,37.25,23.11,100.94,22.21,49.15,16.63,0
3/16/2023,0,2.23,15.3,38.43,23.13,101.01,21.94,50.73,17.43,0
3/17/2023,0,1.78,15.17,38.87,23.7,100.94,22.95,52.43,19.13,0
3/18/2023,0.02,2.44,13.76,38.94,25.18,100.85,20.9,48.06,18.46,1
3/19/2023,0,2.44,14.4,39.55,25.15,100.76,23.19,51.05,19.74,0
3/20/2023,0,3.08,12.98,39.24,26.26,100.7,20.99,49.14,19.33,0
3/21/2023,0,2.31,10.16,36.65,26.49,100.73,21.49,52.64,19.78,0
3/22/2023,0,2.87,15.3,40.84,25.54,100.55,22.46,51.07,19.84,0
3/23/2023,0,2.71,13.38,39.26,25.88,100.6,22.76,52.63,20.66,0
3/24/2023,0,2.53,14.55,40.92,26.37,100.61,22.88,49.4,19.88,0
3/25/2023,0,3.28,13.39,40.04,26.65,100.72,21.18,51.48,20.39,0
3/26/2023,0,2.64,15.11,40.92,25.81,100.67,24.01,44.59,17.19,0
3/27/2023,0,3.31,14.48,40.75,26.27,100.71,23.68,46.51,18.86,0
3/28/2023,0.58,3.34,12.02,38.22,26.2,100.85,19.95,53.48,20.75,1
3/29/2023,0.2,2,6.74,33.38,26.64,100.94,17.57,63.44,21.46,1
3/30/2023,0.02,1.45,12.98,39.49,26.51,100.72,19.18,48.3,19.45,1
3/31/2023,0.23,2.65,11.95,39.37,27.42,100.72,16.66,48.16,19.81,1
4/1/2023,0,2.8,11.01,38.68,27.67,100.71,18.56,50.62,20.65,0
4/2/2023,0.01,2.44,11.97,39.27,27.3,100.67,21.37,49.4,19.91,1
4/3/2023,0.65,3.36,11.47,38.43,26.96,100.66,20.66,54.59,21.07,1
4/4/2023,0.13,2.39,11.1,37.85,26.75,100.58,22.86,54.66,21.22,1
4/5/2023,0.11,2.53,7.29,34.38,27.09,100.67,19.2,62.08,22.04,1
4/6/2023,0,1.83,12.45,38.85,26.4,100.68,22.14,55.96,21.45,0
4/7/2023,0.12,3.01,11.09,38.67,27.58,100.82,18.31,52.7,21.26,1
4/8/2023,0.23,2.88,13.34,40.55,27.21,100.99,21.75,47.02,19.6,1
4/9/2023,0.22,1.7,13.22,40.44,27.22,100.93,18.78,45.8,19.27,1
4/10/2023,0.27,2.72,10.51,38.27,27.76,100.8,16.75,54.94,21.66,1
4/11/2023,0.03,2.74,6.75,34.79,28.04,100.79,14.75,64.3,22.88,1
4/12/2023,0,2.54,12.97,39.82,26.85,100.64,16.69,55.91,22.04,0
4/13/2023,0,2.83,10.76,39.2,28.44,100.64,16.18,54.27,21.91,0
4/14/2023,0.02,2.6,12.56,40.8,28.24,100.57,20.92,54.07,22.38,1
4/15/2023,3.95,2.08,6.14,35.12,28.98,100.55,16.38,61.69,23.25,1
4/16/2023,9.39,1.21,4.49,31.88,27.39,100.58,14.33,78.18,25.1,1
4/17/2023,2.02,2.01,7.33,33.67,26.34,100.75,15.46,73.06,24.16,1
4/18/2023,0,2.64,9.87,36.14,26.27,100.8,16.43,67.27,23.41,0
4/19/2023,0,2.64,8.43,35.05,26.62,100.53,18.8,68.38,23.84,0
4/20/2023,0,2.93,10.4,37.16,26.76,100.35,21.79,65.9,23.57,0
4/21/2023,0,2.68,8.58,35.78,27.2,100.4,22.14,66.75,23.47,0
4/22/2023,0.01,2.53,8.92,36.02,27.1,100.46,21.71,65.04,23.37,1
4/23/2023,0.04,1.88,10.31,37.12,26.81,100.64,20.91,61.16,22.48,1
4/24/2023,0.37,1.52,14.23,40.15,25.92,100.73,19.36,52.92,20.98,1
4/25/2023,0.56,2.16,12.63,39.83,27.2,100.61,22.91,53.1,21.77,1
4/26/2023,1.56,1.72,10.09,37.7,27.61,100.61,20.16,57.42,22.18,1
4/27/2023,0.56,1.57,12.26,39.27,27.01,100.64,18.84,53.64,21.48,1
4/28/2023,1.25,1.69,11.02,38.75,27.73,100.67,19.84,57.15,22.62,1
4/29/2023,0.4,1.95,8.62,36.29,27.67,100.64,17.62,59.07,22.15,1
4/30/2023,0.14,1.52,11.03,38.21,27.18,100.57,17.08,53.81,21.68,1
5/1/2023,0.5,1.81,9.5,37.7,28.2,100.62,17.79,53.56,21.09,1
5/2/2023,0.15,2.05,13.61,40.45,26.84,100.68,20.47,50.97,21.06,1
5/3/2023,1.04,2.61,11.93,39.91,27.98,100.76,20,53.49,22.03,1
5/4/2023,1.33,2.68,11.51,39.54,28.03,100.6,19.74,53.1,21.82,1
5/5/2023,0,2.87,12.11,40.02,27.91,100.32,22.18,54.26,22.14,0
5/6/2023,0,3.17,14.56,42.54,27.98,100.17,21.86,51.49,22.1,0
5/7/2023,0.04,3.66,12.56,41.95,29.39,100.23,20.84,52.98,22.43,1
5/8/2023,7.28,2.77,8.81,37.34,28.53,100.4,15.65,63.39,23.83,1
5/9/2023,17.39,2.1,9.05,35.67,26.62,100.56,17.05,72.74,24.27,1
5/10/2023,0.97,1.83,10.79,37.18,26.39,100.64,19.57,67.15,23.46,1
5/11/2023,1.91,1.64,7.76,34.61,26.85,100.79,17.24,71.57,24.21,1
5/12/2023,0.82,1.87,7.97,34.44,26.47,100.81,9.81,72.05,24.34,1
5/13/2023,1.01,1.94,8.81,35.68,26.87,100.8,19.83,69.51,24.14,1
5/14/2023,1.49,1.92,5.46,32.6,27.14,100.82,18.7,74.42,24.2,1
5/15/2023,0.32,1.64,12.27,38.34,26.07,100.81,23.63,59.05,21.65,1
5/16/2023,0.07,2.29,11.4,38.6,27.2,100.81,23.58,60.57,22.68,1
5/17/2023,2.85,1.94,10.29,37.61,27.32,100.82,21.64,63.2,23.16,1
5/18/2023,9.66,2.27,10.42,36.85,26.43,100.73,20.22,70.45,24.11,1
5/19/2023,0.38,2.18,12.49,38.38,25.89,100.56,22.13,64.3,23.27,1
5/20/2023,0.17,2.58,8.28,35.86,27.58,100.57,19.15,67.59,24.16,1
5/21/2023,1.08,3.18,11.1,38.22,27.12,100.73,16.62,64.19,22.94,1
5/22/2023,0.67,3.22,11.71,37.8,26.09,100.81,20.09,64.92,22.73,1
5/23/2023,0.23,2.58,12.65,38.21,25.56,100.75,19.38,61.6,22.28,1
5/24/2023,0.38,2.85,10.81,37.52,26.71,100.75,16.94,64.55,22.97,1
5/25/2023,0.7,2.47,7.28,33.84,26.56,100.78,19.11,70.25,23.77,1
5/26/2023,0.78,2.76,10.81,36.65,25.84,100.71,19.91,65.85,23.27,1
5/27/2023,11.71,1.64,5.67,32.07,26.4,100.58,15.57,77.95,24.44,1
5/28/2023,24,2.25,8.75,34.54,25.79,100.49,13.36,78.78,24.23,1
5/29/2023,20.7,2.73,8,33.06,25.06,100.56,19.39,81.91,24.31,1
5/30/2023,0.25,2.22,9.89,34.43,24.54,100.59,18.89,74.63,23.73,1
5/31/2023,0.42,2.68,8.36,34.36,26,100.53,17.49,72.65,23.52,1
6/1/2023,0.38,3.18,7.89,34.61,26.72,100.5,20.36,71.59,23.88,1
6/2/2023,1.77,3.19,8.01,34.24,26.23,100.55,18.84,74.17,24.51,1
6/3/2023,9.69,2.81,8.26,34.04,25.78,100.65,18.6,78.09,24.91,1
6/4/2023,2.72,2.29,8.86,35.32,26.46,100.59,18.42,74.1,24.21,1
6/5/2023,7.69,2.26,6.12,31.77,25.65,100.54,19.52,82.47,24.85,1
6/6/2023,10.52,3.1,6.99,32.4,25.41,100.57,16.82,81.01,24.22,1
6/7/2023,8.45,2.58,5.38,30.92,25.54,100.69,15.49,85.4,24.81,1
6/8/2023,1.57,2.66,7.23,32.8,25.57,100.68,14.22,80.53,24.41,1
6/9/2023,1.56,2.6,5.7,31.31,25.61,100.62,11.67,82.13,24.5,1
6/10/2023,2.62,2.94,7.08,32.65,25.57,100.52,16.72,79.77,24.24,1
6/11/2023,2.72,3.1,6.78,32.05,25.27,100.52,16.49,81.16,24.27,1
6/12/2023,3.29,3.18,7.75,33.27,25.52,100.57,13.69,78.54,24.21,1
6/13/2023,1.48,2.3,8.98,34.21,25.23,100.65,18.27,76.92,24.21,1
6/14/2023,0.89,2.63,11.24,36.18,24.94,100.75,20.25,70.74,23.32,1
6/15/2023,1.04,2.42,10.24,35.84,25.6,100.66,16.57,72.15,24.05,1
6/16/2023,4.82,1.7,8.05,33.66,25.61,100.62,20.56,76.03,24.27,1
6/17/2023,5.47,2.32,6.74,32.28,25.54,100.71,17.16,82.16,24.74,1
6/18/2023,9.17,2.51,6.68,32.1,25.42,100.81,18.66,82.76,24.54,1
6/19/2023,0.54,1.77,9.73,34.14,24.41,100.71,20.98,73.3,23.24,1
6/20/2023,1.01,2.45,8.16,33.85,25.69,100.68,19.57,74.94,24.08,1
6/21/2023,18.58,1.68,10.38,35.28,24.9,100.73,21.63,73.16,23.8,1
6/22/2023,27.07,1.6,8.9,33.82,24.92,100.75,23.73,77.83,24.38,1
6/23/2023,19.73,1.81,7.03,32.84,25.81,100.6,24.68,81.39,25.01,1
6/24/2023,0.07,1.77,6.52,32.59,26.07,100.54,18.58,79.92,25.05,1
6/25/2023,0.88,1.34,6.07,31.81,25.74,100.56,16.11,80.93,24.83,1
6/26/2023,3.58,1.36,8.98,33.8,24.82,100.56,17.34,77.79,24.44,1
6/27/2023,1.87,1.74,6.89,32.43,25.54,100.65,19.76,79.05,23.99,1
6/28/2023,4.79,1.9,8.41,33.06,24.65,100.69,19.24,81.67,24.68,1
6/29/2023,0.19,2.45,8.22,33.49,25.27,100.64,20.49,79.87,24.79,1
6/30/2023,0.42,2.73,6.62,32.47,25.85,100.61,19.25,83.05,25.31,1
7/1/2023,5.37,2.96,5.75,31.44,25.69,100.68,14.72,84.78,25.26,1
7/2/2023,16.47,2.35,6.14,31.31,25.17,100.76,15.36,87.63,25.48,1
7/3/2023,21.51,2.11,6.76,31.72,24.96,100.83,17.17,83.92,24.52,1
7/4/2023,0.03,0.92,9.7,33.67,23.97,100.77,19.59,74.32,23.43,1
7/5/2023,0.01,1.44,8.21,33.38,25.17,100.66,22.03,75.24,24.3,1
7/6/2023,1.21,0.98,5.93,31.45,25.52,100.82,19.1,80.9,24.29,1
7/7/2023,3.55,1.27,7.4,32.38,24.98,100.77,19.65,80.48,24.58,1
7/8/2023,1.72,2.12,5.35,30.91,25.56,100.81,19.05,86.84,25.16,1
7/9/2023,2.28,2.06,5.82,30.78,24.96,100.8,16.26,85.25,24.61,1
7/10/2023,5.47,1.75,8.33,32.35,24.02,100.72,20.69,82.73,24.53,1
7/11/2023,0.13,1.92,10.53,34.69,24.16,100.71,22.5,75.48,23.77,1
7/12/2023,4.43,1.37,9.83,34.98,25.15,100.69,20.37,74.86,24.54,1
7/13/2023,13.21,1.93,7.57,33.23,25.66,100.67,19.71,80.44,25.04,1
7/14/2023,17.32,2.2,7.13,32.56,25.43,100.7,18.56,84.33,25.34,1
7/15/2023,1.14,2.66,6.35,31.63,25.28,100.57,18,81.5,24.05,1
7/16/2023,3.33,3.15,7.48,32.77,25.29,100.38,16.87,80.89,24.44,1
7/17/2023,13.36,3.88,4.54,29.81,25.27,100.35,13.62,86.12,24.5,1
7/18/2023,2.31,3.46,5.55,30.2,24.65,100.46,13.3,84.63,24.03,1
7/19/2023,7.25,2.66,7.6,32.02,24.42,100.43,12.8,83.87,24.4,1
7/20/2023,5.75,2.26,7.65,31.53,23.88,100.47,14.12,83.87,24.17,1
7/21/2023,1.98,2.02,3.95,29.08,25.13,100.62,11.17,87.31,24.4,1
7/22/2023,2.79,2.01,5.71,30.3,24.59,100.76,16.76,87.16,24.64,1
7/23/2023,2.32,2.55,6.41,30.69,24.28,100.74,12.81,88.1,24.75,1
7/24/2023,4.25,2.76,5.67,30.52,24.85,100.61,15.38,85.75,24.41,1
7/25/2023,7.49,3,6.61,30.91,24.3,100.65,15.36,85.95,24.48,1
7/26/2023,4.44,3.02,8.07,32.73,24.66,100.66,17.76,82.32,24.4,1
7/27/2023,4.66,3.15,6.62,32.11,25.49,100.57,17.82,85.68,25.12,1
7/28/2023,8.58,3.37,6.53,31.98,25.45,100.41,17.27,84.93,25.19,1
7/29/2023,10.55,3.53,5.06,30.69,25.63,100.46,14.14,86.64,25.12,1
7/30/2023,2.47,3.18,4.68,30.21,25.53,100.57,14.56,87.56,24.96,1
7/31/2023,1.68,2.76,6.38,31.69,25.31,100.71,13.8,85.98,24.91,1
8/1/2023,0.05,2.44,7.15,31.55,24.4,100.71,16.91,83.57,24.24,1
8/2/2023,0.29,2.77,8.22,32.57,24.35,100.73,15.16,82.41,24.5,1
8/3/2023,1.59,3.55,8.19,32.49,24.3,100.78,15.29,79.75,23.7,1
8/4/2023,6.52,2.86,6.26,30.25,23.99,101.01,19.42,84.2,23.42,1
8/5/2023,1.47,2.84,9.15,33.58,24.43,100.96,20.76,81.14,24.64,1
8/6/2023,0.47,2.97,9.25,33.67,24.42,100.76,20.56,80.52,24.55,1
8/7/2023,1.66,3,9.1,34.07,24.97,100.65,19.2,78.47,24.38,1
8/8/2023,8.75,2.8,7.13,32.23,25.1,100.76,21.13,82.85,24.5,1
8/9/2023,0.13,2.28,10.98,35.03,24.05,100.84,21.38,76.02,23.91,1
8/10/2023,0.78,2.26,10.53,34.88,24.35,100.76,18.8,76.68,24.26,1
8/11/2023,0.78,2.68,9.42,34.18,24.76,100.65,21.56,78.1,24.53,1
8/12/2023,0.23,3.01,8.09,33.65,25.56,100.6,18.95,78.57,24.76,1
8/13/2023,4.4,2.59,6.98,32.58,25.6,100.61,17.83,80.11,24.5,1
8/14/2023,28.86,2.52,6.78,32.1,25.32,100.63,19.16,84.81,25.21,1
8/15/2023,8.04,2.5,6.25,31.96,25.71,100.71,19.08,84.74,25.12,1
8/16/2023,4.57,2.2,7.02,32,24.98,100.75,19.93,82.83,24.8,1
8/17/2023,6.36,2.16,6.87,31.55,24.68,100.69,16.99,85.2,24.87,1
8/18/2023,5.74,2.19,8.47,33.02,24.55,100.6,19.62,80.91,24.41,1
8/19/2023,19.67,1.78,8.25,32.95,24.7,100.55,19.18,82.3,25.13,1
8/20/2023,2.97,2.64,4.76,30.58,25.82,100.57,20.8,87.3,25.23,1
8/21/2023,0.72,2.63,6.42,31.4,24.98,100.67,15.08,85.68,24.86,1
8/22/2023,0.83,2.36,8.08,32.56,24.48,100.72,20.5,81.24,24.23,1
8/23/2023,1.04,2.42,9.68,33.64,23.96,100.66,21.47,79.97,24.33,1
8/24/2023,0.51,2.45,8.89,33.02,24.13,100.65,20.75,80.94,24.45,1
8/25/2023,0.87,1.88,9.89,34.4,24.51,100.63,21.27,78.26,24.52,1
8/26/2023,7.4,2.14,5.78,31.55,25.77,100.7,19.53,83.7,24.82,1
8/27/2023,6.32,2.29,8.65,33.42,24.77,100.56,18.23,81.07,24.64,1
8/28/2023,27.99,2.42,6.91,31.84,24.93,100.47,20.88,85.66,25.34,1
8/29/2023,1.48,2.67,7.33,32.38,25.05,100.46,17.63,83.71,25.03,1
8/30/2023,3.75,2.05,9.95,33.32,23.37,100.56,15.76,79.24,23.9,1
8/31/2023,4.5,2.68,6.51,31.63,25.12,100.59,11.28,87.26,25.66,1
9/1/2023,15.96,2.25,4.98,30.44,25.46,100.58,14.29,89.77,25.72,1
9/2/2023,10.3,3.08,6.46,31.77,25.31,100.43,15.19,86.83,25.43,1
9/3/2023,1.57,3.36,5.88,31.23,25.35,100.34,16.26,87.04,25.28,1
9/4/2023,4.34,2.93,5.85,31.4,25.55,100.34,16.44,88.03,25.59,1
9/5/2023,7.56,2.61,5.36,31.12,25.76,100.56,13.15,87.34,25.3,1
9/6/2023,2.96,1.45,6.29,30.89,24.6,100.69,17.92,87.36,25.09,1
9/7/2023,1.91,2.04,5.89,31.07,25.18,100.73,18.56,88.38,25.3,1
9/8/2023,5.52,2.15,6.31,31.05,24.74,100.69,19.04,88.02,25.23,1
9/9/2023,26.36,2.35,5.59,30.97,25.38,100.59,16.15,89.95,25.8,1
9/10/2023,12.64,3.14,4.39,29.43,25.04,100.67,15.46,90.31,25.11,1
9/11/2023,2.84,2.89,5.79,30.58,24.79,100.75,13.51,87.08,24.75,1
9/12/2023,1.51,2.62,6.35,30.68,24.33,100.85,15.4,87.06,24.57,1
9/13/2023,4.94,2.41,5.66,29.49,23.83,100.85,14.73,88.2,24.21,1
9/14/2023,4.58,2.59,6.75,30.79,24.04,100.79,16.05,86.42,24.36,1
9/15/2023,18.25,3.3,5.98,30.6,24.62,100.73,13.84,87.22,24.68,1
9/16/2023,3.06,2.6,6.79,31.34,24.55,100.71,14.87,86.91,24.84,1
9/17/2023,19.68,2.09,6.52,30.97,24.45,100.68,17.56,88.93,25.34,1
9/18/2023,11.02,0.84,6.82,31.94,25.12,100.79,20.39,80.32,24.51,1
9/19/2023,4.86,0.93,6.08,31.12,25.04,100.85,20.34,81.44,24.84,1
9/20/2023,10.81,0.98,5.89,31.4,25.51,100.77,18.26,84.32,25.25,1
9/21/2023,17.31,1.53,4.7,29.49,24.79,100.81,17.79,89.29,24.98,1
9/22/2023,34.46,0.9,4.39,29.43,25.04,100.74,19.95,89.24,25.09,1
9/23/2023,9.88,1.6,5.83,31.12,25.29,100.74,18.14,86.5,25.05,1
9/24/2023,26.64,1.57,4.48,29.19,24.71,100.62,18.68,89.61,25,1
9/25/2023,29.16,2.25,4.43,29.48,25.05,100.47,16.96,91.13,25.1,1
9/26/2023,12.2,3.05,6.01,30.32,24.31,100.51,15.32,89.65,25.05,1
9/27/2023,12.28,2.69,4.62,29.63,25.01,100.6,8.09,91.39,25.41,1
9/28/2023,0.66,2.36,5.7,30.37,24.67,100.8,17.05,89.78,25.19,1
9/29/2023,0.18,1.54,7.34,31.65,24.31,100.97,18.55,84.3,24.5,1
9/30/2023,1.98,1.25,4.7,29.41,24.71,101.02,11.57,81.41,23.12,1
10/1/2023,5.36,1.33,7.63,31.43,23.8,100.79,18.79,85.62,24.94,1
10/2/2023,13.17,2.43,4.39,29.51,25.12,100.78,13.49,92.14,25.52,1
10/3/2023,34.64,1.97,4.77,29.14,24.37,100.8,13.66,91.36,24.73,1
10/4/2023,12.95,2.55,6.83,31.34,24.51,100.76,16.99,89.64,25.57,1
10/5/2023,2.3,1.89,6.57,31.26,24.69,100.72,16.13,88.86,25.56,1
10/6/2023,9.63,1.83,4.94,30.11,25.17,100.78,17.36,91.59,25.83,1
10/7/2023,6.36,1.06,6.38,31.41,25.03,100.85,17.39,86.69,25.41,1
10/8/2023,2.94,1.29,6.4,31.39,24.99,100.98,14.64,87.26,25.37,1
10/9/2023,0.18,0.97,6.77,31.23,24.46,101,17.67,82.19,24.38,1
10/10/2023,4.47,1.29,5.48,30.67,25.19,100.88,19.02,89.1,25.64,1
10/11/2023,4.2,1.06,6.06,31.36,25.3,100.89,19.24,86.96,25.85,1
10/12/2023,8.22,1.24,5.89,31.93,26.04,100.95,18.02,85.61,25.65,1
10/13/2023,9.64,0.8,5.97,31.19,25.22,100.92,12.92,86.1,25.68,1
10/14/2023,4.26,1.27,5.34,30.87,25.53,100.77,17.68,87.13,25.64,1
10/15/2023,16.6,1.19,5.21,30.55,25.34,100.68,12.08,88.88,25.73,1
10/16/2023,11.72,0.99,5.51,30.81,25.3,100.75,14.05,88.01,25.37,1
10/17/2023,1.87,0.97,6.46,31.67,25.21,100.83,16.43,85.11,25.01,1
10/18/2023,0.55,1.09,6.52,31.05,24.53,100.92,16.33,85.82,24.9,1
10/19/2023,4.55,1.23,6.63,31.27,24.64,100.95,16.72,86.64,25.24,1
10/20/2023,7.16,0.99,5.58,30.96,25.38,100.93,16.68,86.92,25.41,1
10/21/2023,3.96,1.6,5.57,30.53,24.96,101.03,16.95,88.85,25.41,1
10/22/2023,11.39,1.18,5.66,30.92,25.26,101.08,18.31,86.8,25.33,1
10/23/2023,7.06,1.05,5.94,30.97,25.03,101.06,15.36,84.28,24.8,1
10/24/2023,20.86,0.7,6.83,31.62,24.79,100.93,18.62,81.69,24.76,1
10/25/2023,14.61,1.31,4.7,30.21,25.51,100.98,16.1,87.45,25.19,1
10/26/2023,8.03,1.29,6.63,31.02,24.39,101,18.32,87.2,24.99,1
10/27/2023,15.17,0.85,6.29,30.48,24.19,100.96,18.31,84.41,24.69,1
10/28/2023,10.45,0.85,5.09,30.58,25.49,100.91,16.4,82.33,24.74,1
10/29/2023,4.76,0.74,5.67,30.6,24.93,100.89,15.61,86.53,25.1,1
10/30/2023,2.44,1.24,5.45,30.54,25.09,100.85,18.42,89.93,25.67,1
10/31/2023,7.02,2.03,5.15,30.14,24.99,100.97,17.78,90.41,25.5,1
11/1/2023,5.48,1.93,5.92,30.57,24.65,100.96,19.78,88.03,25.29,1
11/2/2023,2.27,1.77,5.97,30.89,24.92,100.94,19.71,86.38,25.23,1
11/3/2023,3.5,1.34,6.1,30.98,24.88,100.77,20.15,84.13,25.14,1
11/4/2023,20.29,0.72,4.85,30.51,25.66,100.81,19,83.75,25.05,1
11/5/2023,19.26,0.69,5.9,30.91,25.01,100.9,16.96,86.65,25.38,1
11/6/2023,7.28,0.7,4.17,29.68,25.51,100.95,20.69,86.23,25.09,1
11/7/2023,3.9,1.42,6.88,31.33,24.45,100.92,16.05,85.99,24.88,1
11/8/2023,9.92,1.41,6.61,31.11,24.5,100.88,20.1,87.67,25.13,1
11/9/2023,3.3,1.39,5.79,30.37,24.58,100.93,17.65,88.41,25.32,1
11/10/2023,10.08,1.16,3.9,28.71,24.81,101.05,17.88,92.33,25.35,1
11/11/2023,5.77,1.26,5.15,30.33,25.18,101.06,19.78,88.98,25.38,1
11/12/2023,9.22,1.16,6.63,31.58,24.95,101.05,18.95,86.51,25.4,1
11/13/2023,1.54,1.67,6.84,31.66,24.82,101.01,19.91,88.19,25.67,1
11/14/2023,4.8,2.14,5.41,30.31,24.9,101.05,16.82,91.1,25.63,1
11/15/2023,13.2,1.77,5.59,30.32,24.73,101.12,16.93,90.78,25.49,1
11/16/2023,8.16,2.55,4.53,29.17,24.64,101.24,17.34,92.16,25.04,1
11/17/2023,0.82,3.49,5.47,28.96,23.49,101.31,16.15,88.73,23.82,1
11/18/2023,0.08,3.34,6.55,28.02,21.47,101.28,21.8,85.33,21.38,1
11/19/2023,0.09,2.6,8.59,28.45,19.86,101.16,21.46,86.4,21.56,1
11/20/2023,0.06,2.49,8.22,29.52,21.3,101.09,21.67,85.95,22.58,1
11/21/2023,0.03,2.77,6.55,28.81,22.26,100.95,21.06,85.21,22.14,1
11/22/2023,0.04,2.14,9.14,29.49,20.35,100.88,19.7,86.33,22.21,1
11/23/2023,1.21,2.35,6.99,29.7,22.71,100.84,19.27,87.22,23.59,1
11/24/2023,0.34,2.55,4.93,27.47,22.54,100.97,17.25,88.81,22.69,1
11/25/2023,0.07,2.75,7.74,29.43,21.69,100.96,13.76,85.85,22.64,1
11/26/2023,0.14,2.25,7.34,30.24,22.9,101,15.38,87.36,23.89,1
11/27/2023,0,2.93,6.22,29.49,23.27,100.95,20.82,85.73,23.04,0
11/28/2023,0,2.43,8.16,29.48,21.32,100.92,17.79,85.71,22.35,0
11/29/2023,0,2.43,6.35,29.24,22.89,100.91,16.15,88.2,23.47,0
11/30/2023,0.47,2.34,6.82,30.77,23.95,100.96,15.87,87.73,24.62,1
12/1/2023,1.87,2.06,7.28,31.24,23.96,100.89,16.95,85.11,24.54,1
12/2/2023,9.85,1.71,7.2,30.95,23.75,100.95,16.12,87.47,24.66,1
12/3/2023,8.56,1.35,5.98,30.13,24.15,101,16,88.12,24.65,1
12/4/2023,0.61,1.28,6.22,30.72,24.5,100.96,18.03,86.21,24.52,1
12/5/2023,0.54,1.04,7.97,31.66,23.69,100.89,17.33,82.2,24.35,1
12/6/2023,1.74,1.85,6.69,31.15,24.46,100.97,19.1,85.16,24.61,1
12/7/2023,2.68,1.99,6.99,30.39,23.4,101,20.52,85.41,23.76,1
12/8/2023,0.52,1.63,7.56,30.62,23.06,101.02,17.19,84.61,23.37,1
12/9/2023,0,1.17,8.35,31.24,22.89,100.91,19.08,79.81,23.15,0
12/10/2023,0,1.14,7.49,30.68,23.19,100.84,17.62,83.91,23.71,0
12/11/2023,0.26,1.1,8.47,31.53,23.06,100.9,18.27,83.03,23.87,1
12/12/2023,0.18,1.33,7.58,30.28,22.7,100.9,18.71,82.71,22.71,1
12/13/2023,0,1.56,8.72,31.25,22.53,100.99,19.94,82.94,23.41,0
12/14/2023,0,1.93,7.59,31.3,23.71,101.03,19.76,80.77,23.47,0
12/15/2023,0,1.63,8.5,32.21,23.71,100.98,19.74,80.42,23.59,0
12/16/2023,0.1,1.81,8.33,31.78,23.45,100.96,19.62,80.5,23.34,1
12/17/2023,1.94,2.16,8.71,31.82,23.11,101,19.22,83.46,23.87,1
12/18/2023,1.47,2.37,8.56,31.42,22.86,101.06,18.99,84.08,23.75,1
12/19/2023,0,2.66,8.66,31.88,23.22,101.09,20.45,80.94,23.11,0
12/20/2023,0,3.06,8.71,31.68,22.97,101.03,18.71,80.64,23.01,0
12/21/2023,0,3.57,8.33,30.56,22.23,101.13,20.38,77.22,21.04,0
12/22/2023,0,4.5,7.58,27.97,20.39,101.32,19.92,74.87,18.68,0
12/23/2023,0,3.75,6.05,25.24,19.19,101.42,15.41,78.61,18.31,0
12/24/2023,0,4.06,6.41,26.61,20.2,101.51,13.31,77.12,18.83,0
12/25/2023,0,3.53,8.8,28.75,19.95,101.42,18.62,75.57,18.89,0
12/26/2023,0,3.11,11.08,30.93,19.85,101.38,20.78,75.85,19.87,0
12/27/2023,0.01,2.79,11.06,31.8,20.74,101.35,20.73,77.71,21.39,1
12/28/2023,0.2,2.37,9.54,32.84,23.3,101.18,17.57,77.55,22.85,1
12/29/2023,0.29,2.38,9.42,33.07,23.65,101.06,18.6,77.33,23.01,1
12/30/2023,0,2.21,9.99,33.53,23.54,100.96,18.21,75.33,22.83,0
12/31/2023,0,1.92,9.2,32.9,23.7,100.99,18.26,74.55,22.34,0
1/1/2024,0,1.94,10.92,33.68,22.76,101,18.33,74.4,21.93,0
1/2/2024,0,2.05,10.85,33.56,22.71,100.95,19.86,73.96,22.07,0
1/3/2024,0,2.42,10.71,33.93,23.22,100.98,19.66,70.89,21.21,0
1/4/2024,0,2.86,12.53,33.2,20.67,101.04,21.01,65.92,18.65,0
1/5/2024,0,2.66,12.25,33.2,20.95,101.1,18.83,65.32,18.52,0
1/6/2024,0,2.16,13.52,34.45,20.93,101.05,19.86,68.58,20.01,0
1/7/2024,0.09,2.12,11.51,34.24,22.73,101.08,19.85,70.06,21.2,1
1/8/2024,0.37,1.37,11.91,34.09,22.18,101.07,19,71.49,21.06,1
1/9/2024,0,1.45,12.19,35,22.81,100.95,18.72,71.35,21.81,0
1/10/2024,0,1.53,11.8,35.02,23.22,100.89,16.94,72.4,22.34,0
1/11/2024,0,2.15,12.17,35.49,23.32,100.95,18.91,67.77,21.26,0
1/12/2024,0,2.31,12.77,34.92,22.15,100.94,18.91,64.31,19.31,0
1/13/2024,0,2.49,14.01,34.36,20.35,101,19.78,64.69,18.59,0
1/14/2024,0,2.51,14.21,34.48,20.27,101.09,19.83,60.91,17.08,0
1/15/2024,0,2.58,14.26,34.54,20.28,101.04,20.9,61.45,17.78,0
1/16/2024,0,3,13.71,34.85,21.14,101.01,19.88,61.47,18.49,0
1/17/2024,0,1.39,13.56,34.88,21.32,100.97,19.33,62.9,19.71,0
1/18/2024,0,2.13,12.88,35.81,22.93,100.92,20.25,62.07,19.62,0
1/19/2024,0,1.69,14.09,35.97,21.88,100.91,21.19,59.89,18.48,0
1/20/2024,0,1.22,13.76,35.32,21.56,100.99,18.96,61.94,18.94,0
1/21/2024,1.17,1.57,13.17,34.87,21.7,101.09,17.54,66.72,20.03,1
1/22/2024,0.09,1.3,13.24,35.51,22.27,101.1,18.68,65.4,20.15,1
1/23/2024,0,2.91,12.83,35.79,22.96,101.21,20.75,58.5,18.43,0
1/24/2024,0,3.72,12.57,35.12,22.55,101.29,21.02,56.78,18.16,0
1/25/2024,0,3.15,12.96,35.01,22.05,101.42,21.66,57.67,18.19,0
1/26/2024,0,2.41,13.49,35.04,21.55,101.46,21.58,58.46,18.23,0
1/27/2024,0,2.11,13.76,35.2,21.44,101.4,22,57.12,17.73,0
1/28/2024,0,2.09,13.89,35.58,21.69,101.38,20.98,55.77,17.57,0
1/29/2024,0.01,1.59,13.52,35.31,21.79,101.33,21.12,54.59,17.31,1
1/30/2024,0.02,1.3,13.8,36.56,22.76,101.23,21.38,55.85,18.23,1
1/31/2024,0,1.09,13.12,35.89,22.77,101.22,19.52,60.97,19.68,0
2/1/2024,0,1.54,13.21,36.42,23.21,101.22,18.06,61.88,20.5,0
2/2/2024,0,1.52,13.5,37,23.5,101.13,16.91,61.26,20.48,0
2/3/2024,0,1.91,13.55,37.02,23.47,101.15,18.59,60.5,20.39,0
2/4/2024,0,2.08,13.35,36.86,23.51,101.2,18.74,60.48,20.54,0
2/5/2024,0.05,2.15,12.62,37.51,24.89,101.18,18.6,61.07,21.53,1
2/6/2024,0.29,2.12,11.97,36.81,24.84,101.19,17.81,61.28,21.6,1
2/7/2024,0.05,1.8,12.7,37.43,24.73,101.07,16.22,57.5,20.74,1
2/8/2024,0,2.31,12.04,36.98,24.94,100.99,16.09,58.27,20.81,0
2/9/2024,0,2.31,12.96,37.43,24.47,101.14,18.97,59.14,21.07,0
2/10/2024,0,3.61,12.78,38.12,25.34,101.33,20.8,51.46,19.02,0
2/11/2024,0,4.27,13.3,36.42,23.12,101.51,22.99,47.77,16.36,0
2/12/2024,0,3.62,14.73,36.92,22.19,101.43,22.98,44.98,14.39,0
2/13/2024,0,2.33,15.73,37.41,21.68,101.27,23.78,46.96,15.85,0
2/14/2024,0,1.86,13.33,37.87,24.54,101.13,21.53,49.4,18.58,0
2/15/2024,0.07,2.02,13.53,38.76,25.23,101.11,20.26,50.3,19.22,1
2/16/2024,0.03,2.38,14.1,38.93,24.83,101.08,20.01,49.39,18.35,1
2/17/2024,0,1.93,14.44,38.97,24.53,100.97,22.37,48.39,17.48,0
2/18/2024,0,1.88,15.79,39.23,23.44,100.97,21.88,48,17.61,0
2/19/2024,0.01,2.36,12.33,38.26,25.93,100.99,18.71,53.27,19.91,1
2/20/2024,0.1,2.69,13.31,38.11,24.8,100.97,18.73,52.19,19.87,1
2/21/2024,0.07,2.96,12.77,38.27,25.5,100.95,19.48,54.08,20.56,1
2/22/2024,0,3.13,13.37,38.88,25.51,101.05,20.6,51.53,19.37,0
2/23/2024,0,2.74,13.63,38.45,24.82,101.08,20.98,54.05,19.87,0
2/24/2024,0.03,2.42,14.19,39.17,24.98,101.07,20.14,52.31,19.52,1
2/25/2024,0.02,1.89,14.16,39.68,25.52,100.99,21.18,45.15,17.05,1
2/26/2024,0,1.83,14.64,39.5,24.86,100.99,22.15,43.42,15.85,0
2/27/2024,0.02,2.17,13.02,39.03,26.01,100.93,20.61,49.47,19.6,1
2/28/2024,0.06,2.4,12.1,38.97,26.87,100.85,19.61,50.66,19.49,1
2/29/2024,0,2.07,14.65,39.64,24.99,100.89,22.22,47.22,18.03,0
3/1/2024,0.14,1.82,14.38,39.89,25.51,100.91,20.1,46.47,17.89,1
3/2/2024,0.25,1.82,13.51,39.79,26.28,100.91,18.96,45.13,17.76,1
3/3/2024,0.53,1.82,12.57,38.3,25.73,100.92,19.86,47.89,18.21,1
3/4/2024,0.35,2.4,14.26,39.64,25.38,100.83,21.14,52.32,19.94,1
3/5/2024,0,2.21,13.32,40.16,26.84,100.73,20.45,50.64,20.5,0
3/6/2024,0,2.25,13.83,40.91,27.08,100.59,19.78,52.01,21.22,0
3/7/2024,0,2.85,13.6,40.84,27.24,100.62,17.35,50.81,20.82,0
3/8/2024,0,3.5,12.99,39.8,26.81,100.77,20.41,48.83,19.72,0
3/9/2024,0,2.1,13.96,40.1,26.14,100.83,20.04,49.02,19.34,0
3/10/2024,0,1.89,8.68,35.27,26.59,101.07,18.63,55.08,20.09,0
3/11/2024,0.01,1.68,14.51,40,25.49,101.07,20.68,48.63,18.97,1
3/12/2024,0.06,1.87,12.18,39.55,27.37,101.01,18.64,45.19,18.99,1
3/13/2024,0.16,2.39,11.59,38.97,27.38,101,17.84,50.63,20.56,1
3/14/2024,0.99,2.91,12.51,39.3,26.79,100.97,19.55,51.67,20.49,1
3/15/2024,0.83,3.15,12.79,39.26,26.47,100.98,19.94,48.99,19.25,1
3/16/2024,0,2.41,14.47,39.14,24.67,101.06,19.61,47.8,18.32,0
3/17/2024,0,2.28,13.28,39.09,25.81,101,20.53,46.86,18.3,0
3/18/2024,0.01,2.79,12.93,39.44,26.51,100.89,22.34,48.17,19.29,1
3/19/2024,0.03,3.1,13.63,39.67,26.04,100.99,21.71,44.78,17.05,1
3/20/2024,0,2.39,14.86,40.16,25.3,101.07,23.24,47,17.71,0
3/21/2024,0,2.3,12.33,39.13,26.8,100.91,19.23,45.68,18.76,0
3/22/2024,0.04,3.26,13.25,39.51,26.26,100.72,20.83,49.85,19.63,1
3/23/2024,0.08,3.36,11.61,37.95,26.34,100.79,16.26,51.84,20.17,1
3/24/2024,0,2.54,13.87,40.03,26.16,100.9,21.58,48.62,19.61,0
3/25/2024,0,2.37,10.49,37.59,27.1,100.88,19.74,51.11,20.41,0
3/26/2024,0,2.7,13.73,40.41,26.68,100.97,19.71,47.69,19.6,0
3/27/2024,0.22,1.82,13.48,40.32,26.84,101.05,21.23,48,20.03,1
3/28/2024,5.92,2.34,8.11,35.73,27.62,101,14.94,57.47,21.39,1
3/29/2024,0.12,1.64,7.62,34.67,27.05,100.93,15.86,61.15,22.16,1
3/30/2024,0.34,1.92,10.88,37.63,26.75,101.05,20.29,57.1,21.93,1
3/31/2024,2.95,1.99,10.22,37.4,27.18,100.97,20.28,58.21,22.1,1
4/1/2024,0,2.28,12.69,39.26,26.57,100.74,21.22,57.59,22.32,0
4/2/2024,0.15,3.05,11.56,39.17,27.61,100.63,20.49,56.39,22.58,1
4/3/2024,1.4,2.88,11.31,39.09,27.78,100.72,19.89,57.05,22.73,1
4/4/2024,0,2.03,11.51,39.6,28.09,100.66,21.39,55.02,22.82,0
4/5/2024,0,2.8,11.77,40.51,28.74,100.58,21.98,53.02,22.63,0
4/6/2024,0.04,3.15,11.91,40.47,28.56,100.65,19.69,48.88,20.88,1
4/7/2024,0,2.55,14.5,41.65,27.15,100.61,23.24,45.15,19.12,0
4/8/2024,0,2.47,13.73,42.09,28.36,100.66,22.31,45.88,20.74,0
4/9/2024,0.05,3.14,10.93,40.53,29.6,100.7,20.16,46.81,20.93,1
4/10/2024,0,2.61,12.47,40.8,28.33,100.84,20.01,46.78,19.81,0
4/11/2024,0,1.76,14.49,41.61,27.12,100.78,22.66,45.36,19.24,0
4/12/2024,0,2.4,13.4,41.82,28.42,100.74,20.59,44.12,19.43,0
4/13/2024,0,3.05,11.38,40.07,28.69,100.71,20.06,49.78,21.62,0
4/14/2024,0,2.93,12.63,41.43,28.8,100.77,21.21,43.55,19.87,0
4/15/2024,0.02,3.14,13.14,41.26,28.12,100.82,22.4,46.11,20.34,1
4/16/2024,0.03,3.07,12.69,41.2,28.51,100.72,22.77,46.17,20.41,1
4/17/2024,0.04,2.89,11.05,39.86,28.81,100.68,19.83,46.25,20.36,1
4/18/2024,0,2.81,11.13,40.07,28.94,100.56,21.06,46.78,20.64,0
4/19/2024,0,2.74,13.56,42.34,28.78,100.45,23.48,43.26,19.51,0
4/20/2024,0,3,13.36,42.26,28.9,100.43,23.65,45.16,20.54,0
4/21/2024,0,3.09,13.07,42.38,29.31,100.48,24.72,43.87,20.06,0
4/22/2024,0,3.14,13.77,42.45,28.68,100.5,23,46.19,20.64,0
4/23/2024,0,2.97,12.4,41.16,28.76,100.48,21.17,48.81,21.8,0
4/24/2024,0,3.1,13.77,43,29.23,100.45,22.81,41.38,18.86,0
4/25/2024,0,2.81,14.88,43.56,28.68,100.42,24.84,42.95,20.05,0
4/26/2024,0,3.35,13.14,43.01,29.87,100.46,22.39,47.43,21.18,0
4/27/2024,0,2.66,14.1,43.65,29.55,100.39,24.32,45.71,21.42,0
4/28/2024,0.25,3.16,13.53,43.15,29.62,100.52,23.11,45.3,21.01,1
4/29/2024,0.17,2.62,14.68,43.93,29.25,100.56,22.67,42.24,20.3,1
4/30/2024,0,3.49,13.78,43.5,29.72,100.4,22.69,44.12,21.01,0
5/1/2024,0,3.05,12.79,42.52,29.73,100.33,23.39,44.34,21.32,0
5/2/2024,0.2,3.31,10.29,40.81,30.52,100.43,20.4,45.57,21.46,1
5/3/2024,1.38,1.61,9.17,40.16,30.99,100.6,17.5,46.44,20.82,1
5/4/2024,4.29,2.14,8.84,38.01,29.17,100.56,15.83,52.82,21.59,1
5/5/2024,0.82,2.5,7.49,36.61,29.12,100.55,15.57,60.13,23.47,1
5/6/2024,0.29,1.96,9.84,38.7,28.86,100.66,20.1,54.42,22.46,1
5/7/2024,2.36,1.94,10.77,39.38,28.61,100.82,20.3,50.75,21.4,1
5/8/2024,12.49,0.77,6.66,34.37,27.71,100.77,20.32,70,24.44,1
5/9/2024,8.78,1.61,4.48,32.17,27.69,100.77,12.64,77.74,25.12,1
5/10/2024,0.26,2.13,11.16,38.05,26.89,100.77,17.26,63.53,23.36,1
5/11/2024,1.59,1.62,7.27,34.56,27.29,100.86,18.5,66.43,23.74,1
5/12/2024,5.02,1.36,8.8,35.98,27.18,100.76,16.78,71.09,25.04,1
5/13/2024,5.49,1.74,8.68,36.01,27.33,100.72,17.56,71.75,25.09,1
5/14/2024,3.47,1.68,11.27,37.94,26.67,100.69,19.62,67.63,24.3,1
5/15/2024,6.61,1.67,5.27,32.89,27.62,100.81,14.46,77.31,25.52,1
5/16/2024,4.46,1.62,10.59,37.37,26.78,100.76,19.28,71,24.23,1
5/17/2024,2.15,1.36,7.21,33.99,26.78,100.72,17.3,75.8,25.05,1
5/18/2024,2.57,1.21,10.57,37.19,26.62,100.51,19.78,69.95,24.6,1
5/19/2024,13.31,1.61,8.83,35.61,26.78,100.42,20.99,77.18,25.21,1
5/20/2024,1.96,1.7,8.05,35.14,27.09,100.43,19.83,74.79,25.19,1
5/21/2024,2.69,1.48,6.69,33.74,27.05,100.53,13.31,75.71,24.83,1
5/22/2024,3.35,1.24,11.22,37.56,26.34,100.56,17.8,67.65,24.11,1
5/23/2024,27.93,1.75,9.37,35.97,26.6,100.55,18.63,74.07,25.05,1
5/24/2024,0.16,1.36,12.05,38.07,26.02,100.54,20.96,68.07,24.27,1
5/25/2024,2.1,1.98,8.06,35.69,27.63,100.64,19.49,72.68,25.12,1
5/26/2024,0.72,1.82,8.32,35.39,27.07,100.68,17.82,72.78,25.21,1
5/27/2024,0.64,1.95,11.7,38.7,27,100.54,22.11,65.61,24.18,1
5/28/2024,3.25,1.91,10.17,37.89,27.72,100.53,20.47,68.04,24.61,1
5/29/2024,2.24,1.93,9.81,36.37,26.56,100.53,15.76,71.4,24.69,1
5/30/2024,4.34,3,8.84,35.71,26.87,100.51,17.21,75.39,25.14,1
5/31/2024,21.88,2.95,6.43,33.01,26.58,100.65,15.77,83.87,25.89,1
6/1/2024,6.89,2.12,7.02,33.05,26.03,100.85,17.93,80.28,25.06,1
6/2/2024,1.07,1.9,12.63,38.31,25.68,100.85,19.36,69.53,24.16,1
6/3/2024,1.96,1.66,8.19,34.98,26.79,100.79,19.59,73.28,24.6,1
6/4/2024,0.26,2.03,9.91,36.63,26.72,100.71,20.89,70.36,24.5,1
6/5/2024,6.09,2.89,8.44,36.08,27.64,100.73,19.87,72.88,25.05,1
6/6/2024,3.31,1.73,8.53,34.89,26.36,100.79,22.79,74.54,24.62,1
6/7/2024,0.64,1.75,10.09,35.91,25.82,100.64,17.85,70.7,24.14,1
6/8/2024,0.98,2.34,9.13,35.21,26.08,100.56,18.59,72.62,23.96,1
6/9/2024,32.9,2.53,3.97,30.48,26.51,100.58,19.05,86.09,25.6,1
6/10/2024,3.52,2.94,5.58,31.19,25.61,100.8,17.85,82.14,24.43,1
6/11/2024,1.3,2.47,7.48,32.46,24.98,100.88,19.97,79.45,24.33,1
6/12/2024,2.39,2.23,8.82,34.2,25.38,100.9,19.99,76.82,24.49,1
6/13/2024,0,2.05,10.16,35.74,25.58,100.7,21.73,72.56,24.36,0
6/14/2024,0.22,1.87,10.09,36.28,26.19,100.56,21.28,72.92,24.66,1
6/15/2024,10.04,1.36,6.61,33.71,27.1,100.49,20.2,77.5,25.46,1
6/16/2024,0.73,1.75,6.42,32.76,26.34,100.59,17.32,77.76,24.72,1
6/17/2024,4.44,2.43,8.62,34.12,25.5,100.65,18.49,78.95,24.72,1
6/18/2024,1.96,2.11,8.05,33.54,25.49,100.58,19.54,79,24.85,1
6/19/2024,1.61,2.69,7.71,33.82,26.11,100.5,19.17,78.9,24.91,1
6/20/2024,25.28,1.68,5.67,31.32,25.65,100.46,16.49,86.17,25.61,1
6/21/2024,26.52,2.24,4.73,30.21,25.48,100.38,13.41,90.51,25.8,1
6/22/2024,38.49,2.65,2.95,28.82,25.87,100.37,16.95,92.33,25.7,1
6/23/2024,13.76,2.89,4.26,29.44,25.18,100.49,13.71,91.25,25.47,1
6/24/2024,6.57,2.88,4.05,29.3,25.25,100.55,14.73,92.31,25.58,1
6/25/2024,13.72,2.28,4.75,29.48,24.73,100.61,14.82,90.85,24.96,1
6/26/2024,1.7,1.44,7.16,31.32,24.16,100.67,19.32,82.49,24.49,1
6/27/2024,0.85,1.04,4.91,29.93,25.02,100.79,20.38,85.31,24.31,1
6/28/2024,1.51,1.54,7.21,31.48,24.27,100.78,18.22,83.34,24.48,1
6/29/2024,0.81,1.97,6.75,31.52,24.77,100.78,18.96,85.26,25.09,1
6/30/2024,3,1.83,6.07,31.65,25.58,100.82,20.28,86.69,25.73,1
7/1/2024,1.68,1.89,6.11,31.33,25.22,100.69,19.8,86.58,25.52,1
7/2/2024,1.57,1.09,7.98,32.77,24.79,100.55,19.49,82.64,25.22,1
7/3/2024,2.79,2.4,5.73,31.71,25.98,100.68,17.43,84.5,25.05,1
7/4/2024,9.91,2.03,6.14,31.07,24.93,100.88,16.74,86.66,24.87,1
7/5/2024,5.91,1.47,7.01,31.25,24.24,100.68,19.17,84.03,24.48,1
7/6/2024,1,1.46,9.6,33.93,24.33,100.5,21.35,80.85,24.81,1
7/7/2024,0.12,1.66,5.97,31.55,25.58,100.56,16.99,85.76,25.5,1
7/8/2024,0.71,1.64,5.81,30.98,25.17,100.58,18.97,85.72,25.09,1
7/9/2024,15.2,1.57,4.14,29.25,25.11,100.77,17.25,90.13,25.19,1
7/10/2024,7.54,2.17,6.08,31,24.92,100.83,17.52,87.94,25.32,1
7/11/2024,29.06,1.87,6.69,31.26,24.57,100.68,17.66,87.66,25.2,1
7/12/2024,4.42,2.67,5.73,30.45,24.72,100.56,17.64,87.3,24.79,1
7/13/2024,7.78,3.09,5.27,30.02,24.75,100.43,15.28,89.18,24.67,1
7/14/2024,16.88,3.09,4.52,29.13,24.61,100.42,11.72,90.32,24.65,1
7/15/2024,10.46,2.23,5.62,30.18,24.56,100.43,14.46,89.56,25.02,1
7/16/2024,23.45,2.8,4.93,30.07,25.14,100.43,12.66,90.17,25.21,1
7/17/2024,16.5,3.3,5.46,30.02,24.56,100.45,10.72,90,25.1,1
7/18/2024,11.97,2.74,4.26,29.54,25.28,100.56,9.34,92.1,25.59,1
7/19/2024,15.38,2.79,5.03,30.34,25.31,100.57,11.49,90.34,25.58,1
7/20/2024,15.88,2.63,4.57,29.56,24.99,100.7,11.79,90.7,25.19,1
7/21/2024,5.42,2.27,5.09,29.67,24.58,100.7,12.21,89.01,24.67,1
7/22/2024,4.16,2.99,7.19,31.89,24.7,100.66,18.15,86.97,25.29,1
7/23/2024,9.06,2.84,6.23,30.92,24.69,100.64,13.7,87.58,25.17,1
7/24/2024,4.23,3.11,7.06,31.19,24.13,100.44,13.28,86.85,24.64,1
7/25/2024,11.2,3.2,5.15,30.05,24.9,100.37,7.03,90.68,25.26,1
7/26/2024,10.85,3.25,5.61,29.99,24.38,100.53,13.86,89.46,25.1,1
7/27/2024,13.41,2.92,4.8,29.85,25.05,100.63,12.11,91.61,25.61,1
7/28/2024,6.8,2.88,5.17,30.22,25.05,100.62,13.41,90.74,25.51,1
7/29/2024,0.98,2.97,5.92,30.68,24.76,100.59,18.97,88.36,25.1,1
7/30/2024,3.34,2.6,6.19,30.86,24.67,100.71,18.99,88.02,25.24,1
7/31/2024,4.19,2.36,5.66,30.4,24.74,100.88,16.66,89.72,25.43,1
8/1/2024,0.22,1.95,5.99,30.97,24.98,100.88,16.88,87.93,25.41,1
8/2/2024,0.22,1.45,8.28,32.67,24.39,100.77,19.26,82.35,24.82,1
8/3/2024,7.49,1.13,5.37,30.72,25.35,100.81,21.84,87.93,25.45,1
8/4/2024,12.35,1.44,6.55,31.56,25.01,100.83,19.02,85.76,25.03,1
8/5/2024,2.97,1.81,8.44,32.4,23.96,100.75,20.32,84.38,24.82,1
8/6/2024,1.56,2.31,7.11,32.09,24.98,100.63,19.39,86.34,25.59,1
8/7/2024,2.54,1.96,6.43,31.32,24.89,100.72,20.14,87.43,25.51,1
8/8/2024,1.02,1.97,6.4,31.48,25.08,100.78,22.29,86.8,25.57,1
8/9/2024,3.21,2.49,6.03,31.67,25.64,100.73,20.14,87.09,25.78,1
8/10/2024,2.82,2.43,7.33,32.35,25.02,100.59,22.11,85.98,25.73,1
8/11/2024,8.26,2.38,6.77,32.41,25.64,100.44,21.07,87.18,26.2,1
8/12/2024,19.25,2.56,5.42,30.93,25.51,100.49,18.74,90.74,26.11,1
8/13/2024,4.5,2.29,6.22,31.6,25.38,100.65,21.12,87.5,25.61,1
8/14/2024,6.23,1.79,7.59,32.59,25,100.62,19.4,84.76,25.37,1
8/15/2024,0.08,2.24,7.03,32.69,25.66,100.53,21.17,85.25,26.04,1
8/16/2024,1.91,2.1,6.2,31.86,25.66,100.52,21.85,86.38,25.82,1
8/17/2024,1.7,1.83,6.05,31.61,25.56,100.69,18.2,87.41,25.86,1
8/18/2024,0.04,2.02,7.5,32.83,25.33,100.73,21.86,84.08,25.65,1
8/19/2024,0.01,1.61,6.83,32.23,25.4,100.69,21.99,84.53,25.59,1
8/20/2024,0.17,1.3,6.59,32.63,26.04,100.76,20.86,81.54,25.3,1
8/21/2024,0.87,1.9,7.57,32.71,25.14,100.85,21.21,82.8,25.09,1
8/22/2024,2.6,1.83,6.98,32.22,25.24,100.83,21.03,85.2,25.38,1
8/23/2024,0.2,1.6,6.87,32.37,25.5,100.93,20.93,83.36,25.18,1
8/24/2024,7.18,1.34,5.93,30.99,25.06,100.86,18.81,86.84,25.36,1
8/25/2024,14.66,1.98,5.65,30.82,25.17,100.75,16.22,87.53,25.24,1
8/26/2024,13.88,2.21,6.39,30.69,24.3,100.69,20.42,86.69,24.85,1
8/27/2024,11.86,2.05,7.56,32.19,24.63,100.72,15.63,85.71,25.18,1
8/28/2024,11.34,2.55,5.6,30.84,25.24,100.69,16.95,88.09,25.29,1
8/29/2024,3.46,2.67,6.52,31.63,25.11,100.7,13.27,88.44,25.44,1
8/30/2024,0.3,2.26,6.33,31.35,25.02,100.71,17.49,86.78,25.18,1
8/31/2024,4.97,2.42,6.11,30.96,24.85,100.66,16.67,87.43,24.99,1
9/1/2024,37.14,2.15,3.86,28.91,25.05,100.53,13.87,92.07,25.31,1
9/2/2024,3.66,1.34,8.05,31.99,23.94,100.53,14.93,87.45,25.15,1
9/3/2024,4.67,2.89,4.99,30.27,25.28,100.66,15.57,89.47,25.47,1
9/4/2024,7.33,2.56,5.62,30.3,24.68,100.54,12.55,89.52,25.36,1
9/5/2024,7.25,3.02,6.76,32.06,25.3,100.36,18.56,87.34,25.56,1
9/6/2024,2.81,2.99,5.27,30.73,25.46,100.41,15.1,89.7,25.48,1
9/7/2024,6.69,3.2,6.25,31.42,25.17,100.6,18.25,87.77,25.39,1
9/8/2024,6.94,3.07,7.58,32.17,24.59,100.72,17.07,86.88,25.29,1
9/9/2024,2.48,2.38,6.17,31.41,25.24,100.57,19.73,87.01,25.59,1
9/10/2024,8.66,1.55,6.53,31.63,25.1,100.52,19.52,86.84,25.69,1
9/11/2024,2.27,1.5,5.59,30.91,25.32,100.67,12.83,88.3,25.64,1
9/12/2024,20.84,1.54,6.07,30.92,24.85,100.72,15.11,88.74,25.52,1
9/13/2024,4.75,2.23,5.79,30.68,24.89,100.59,17.79,89.26,25.49,1
9/14/2024,3.44,2.29,3.75,28.74,24.99,100.51,15.76,90.72,25.02,1
9/15/2024,5.14,2.23,4.24,28.82,24.58,100.42,16.72,90.26,24.67,1
9/16/2024,3.61,2.49,6.65,31.15,24.5,100.3,15.97,85.34,24.23,1
9/17/2024,13.46,2.75,4.18,29.67,25.49,100.11,9.15,91,25.41,1
9/18/2024,20.88,2.66,5.51,30.3,24.79,100.08,11.11,90.38,25.15,1
9/19/2024,7.8,2.33,4.59,29.16,24.57,100.13,16.21,91.24,25,1
9/20/2024,2.91,3.68,5.86,30.89,25.03,100.26,11,89.35,25.37,1
9/21/2024,4.02,3.15,3.95,29.41,25.46,100.47,10.83,91.6,25.41,1
9/22/2024,16.35,2.91,4.96,30.36,25.4,100.61,12.88,89.95,25.48,1
9/23/2024,1.98,2.06,6.07,30.98,24.91,100.82,13.94,88.26,25.25,1
9/24/2024,1.07,0.55,5.86,30.43,24.57,100.86,16.21,84.53,24.36,1
9/25/2024,5.9,1.37,6.98,31.42,24.44,100.86,17.68,82.72,24.72,1
9/26/2024,3.47,1.42,6.81,31.93,25.12,100.9,18.3,85.08,24.63,1
9/27/2024,1.78,1.47,6.16,30.72,24.56,100.87,19.26,86.75,24.84,1
9/28/2024,0.09,1.64,7.12,31.58,24.46,100.79,20.04,86.26,25.23,1
9/29/2024,0.01,1.55,7.77,32.67,24.9,100.74,21.3,81.6,24.72,1
9/30/2024,0.21,1.89,7.39,32.36,24.97,100.63,20.98,84.02,25.15,1
10/1/2024,0.12,1.38,5.98,31.36,25.38,100.6,19.67,87.05,25.55,1
10/2/2024,0.08,0.93,6.76,32.18,25.42,100.79,20.08,83.53,25.3,1
10/3/2024,2.94,1.04,2.87,28.82,25.95,100.9,9.93,92.02,25.74,1
10/4/2024,5.85,1.28,3.01,27.52,24.51,100.93,16.61,92.43,24.59,1
10/5/2024,5.75,1.07,7.39,31.19,23.8,100.89,19.42,84.44,23.99,1
10/6/2024,20.92,1.02,5.04,29.33,24.29,100.92,17.67,86.76,24.35,1
10/7/2024,15.76,1.07,7.1,31.21,24.11,100.95,16.79,82.65,24.67,1
10/8/2024,29.66,0.56,5.49,30.85,25.36,100.92,16.91,83.23,24.66,1
10/9/2024,14.91,1.38,6.23,31.05,24.82,100.82,17.07,87.79,25.23,1
10/10/2024,4.14,1.12,6.2,31.42,25.22,100.76,16.92,83.91,24.93,1
10/11/2024,1.77,0.94,6.45,31.34,24.89,100.74,17.35,83.99,24.95,1
10/12/2024,4.79,0.66,4.84,29.84,25,100.79,12.12,87.99,25.13,1
10/13/2024,4.45,1.02,5.38,30.71,25.33,100.79,21.35,85.75,25.27,1
10/14/2024,3.26,0.96,7.41,32.41,25,100.71,17.21,79.52,24.85,1
10/15/2024,3.38,1.1,5.9,31.02,25.12,100.73,19.21,86.91,25.4,1
10/16/2024,19.42,0.71,6.47,31.47,25,100.82,18.42,85.04,24.9,1
10/17/2024,2.29,1.11,4.8,29.78,24.98,100.9,18,89.08,25,1
10/18/2024,7.91,1.74,5.87,30.29,24.42,100.87,17.08,89.01,24.88,1
10/19/2024,12.46,1.48,6.22,30.46,24.24,100.93,17.35,89.35,24.92,1
10/20/2024,5.92,0.95,5.77,30.34,24.57,100.99,17.21,87.87,25.06,1
10/21/2024,9.52,1.65,5.34,29.92,24.58,100.87,18.53,90.72,25.24,1
10/22/2024,10.25,1.76,4.59,29.66,25.07,100.81,12.61,87.68,24.63,1
10/23/2024,7.42,1.23,5.26,29.44,24.18,100.89,15.99,86.85,24.29,1
10/24/2024,7.62,1.3,8.25,31.48,23.23,100.79,19.97,83.99,24.4,1
10/25/2024,0.07,1.78,6.75,31.4,24.65,100.65,21.13,83.95,24.74,1
10/26/2024,1.47,1.73,8.86,32.1,23.24,100.48,19.75,82.04,24.08,1
10/27/2024,9.35,1.98,9.1,29.81,20.71,100.41,8.96,88.62,23.26,1
10/28/2024,14.18,1.92,5.19,29.35,24.16,100.42,7.63,90.15,24.25,1
10/29/2024,7.05,1.59,5.99,29.08,23.09,100.65,16.7,85.1,23.29,1
10/30/2024,0.44,1.21,6.57,31.2,24.63,100.79,20.42,83.09,24.56,1
10/31/2024,0.8,1.92,6.75,31.42,24.67,100.72,19.6,85.29,24.89,1
11/1/2024,0.47,1.36,7.76,32.37,24.61,100.73,19.38,82.16,24.88,1
11/2/2024,7.31,1.68,6.63,30.15,23.52,100.9,17.05,87.99,24.39,1
11/3/2024,3.71,1.6,6.79,30.44,23.65,100.93,15.55,87.02,24.28,1
11/4/2024,8.27,1.1,6.35,30.71,24.36,100.89,17.19,83.69,24.2,1
11/5/2024,2.15,1.25,4.77,29.14,24.37,100.94,17.18,88.04,24.21,1
11/6/2024,4.04,2.06,6.41,29.82,23.41,100.95,17.38,88.53,24.38,1
11/7/2024,7.06,2.38,7.07,30.84,23.77,100.98,17.54,87.5,24.54,1
11/8/2024,5.21,2.28,5.53,29.2,23.67,100.97,18.83,87.63,23.9,1
11/9/2024,0,2.25,7.74,31.21,23.47,100.93,20.37,82.17,23.46,0
11/10/2024,0.01,1,7.15,31.36,24.21,100.94,17.37,82.38,24.16,1
11/11/2024,0.43,1.07,7.95,31.9,23.95,100.85,17.39,79.91,24.02,1
11/12/2024,0,1.15,7.88,32.29,24.41,100.72,18.87,79.11,24.18,0
11/13/2024,0.53,1.26,6.68,31.25,24.57,100.67,14.84,85.88,24.88,1
11/14/2024,6.78,1.59,7.82,31.89,24.07,100.76,14.69,85.5,24.69,1
11/15/2024,1.63,1.11,8.36,32.03,23.67,100.77,17.3,83.86,24.63,1
11/16/2024,0.11,1.17,7.85,32.38,24.53,100.75,17.7,84.6,25.15,1
11/17/2024,0.55,1.55,7.74,31.82,24.08,100.77,18.18,83.37,24.07,1
11/18/2024,0,2.32,8.27,31.76,23.49,100.8,20.84,81.26,23.25,0
11/19/2024,0,1.81,8.42,31.89,23.47,100.86,18.65,81.24,24.05,0
11/20/2024,1.07,2.18,5.87,30.66,24.79,100.87,17.16,85.33,24.31,1
11/21/2024,0.32,2.14,8.13,32.11,23.98,100.77,18.17,82.07,23.92,1
11/22/2024,0.07,2.14,5.45,30.25,24.8,100.82,17.56,83.48,24.02,1
11/23/2024,0.29,2.43,8.11,32.33,24.22,100.87,15.35,81.3,24.08,1
11/24/2024,0.47,2.33,8.18,32.5,24.32,100.87,18.22,80.82,24.25,1
11/25/2024,0.29,1.76,8.08,32.7,24.62,100.82,16.85,80.06,23.99,1
11/26/2024,0,2.18,9.16,33.07,23.91,100.79,17.39,78.06,23.53,0
11/27/2024,0.01,3.02,9.42,32.98,23.56,100.81,17.61,78.53,23.62,1
11/28/2024,0,4.04,7.95,32.16,24.21,100.99,15.41,75.45,22.44,0
11/29/2024,0,3.79,9.04,30.36,21.32,101.03,15.95,72.5,19.64,0
11/30/2024,0,2.63,11.06,31.6,20.54,100.86,17.82,72.9,19.81,0
12/1/2024,0,2.52,11.23,32.72,21.49,100.71,21.19,74.73,21.05,0
12/2/2024,0,2.02,11.06,32.96,21.9,100.68,20.53,76.3,21.87,0
12/3/2024,0.08,2.71,10.04,32.96,22.92,100.72,12.09,75.71,22.24,1
12/4/2024,0.06,1.95,5.02,28.55,23.53,100.73,13.35,80.2,21.91,1
12/5/2024,2.39,2.08,10.18,33.56,23.38,100.72,15.84,77.8,22.15,1
12/6/2024,0.13,1.98,9.06,32.32,23.26,100.69,19.12,76.83,22.77,1
12/7/2024,0.6,2.52,6.67,31.27,24.6,100.81,15.16,79.01,23.22,1
12/8/2024,0.02,2.99,9.2,32.49,23.29,100.88,16.7,72.7,21.56,1
12/9/2024,0,3.02,9.23,32.32,23.09,100.8,16.06,73.56,21.73,0
12/10/2024,0,2.84,10.72,34.19,23.47,100.67,17.36,72.91,22.06,0
12/11/2024,0.05,2.67,5.06,29.49,24.43,100.63,10.63,80.8,22.67,1
12/12/2024,0.48,2.16,8.26,32.4,24.14,100.59,12.78,80.58,23.65,1
12/13/2024,3.65,2.7,6.62,31.15,24.53,100.75,9.72,84,23.98,1
12/14/2024,1.86,2.85,5.63,29.88,24.25,100.94,13.05,86.21,24.11,1
12/15/2024,0.01,4.44,7.58,31,23.42,101.09,11.42,74.35,21.24,1
12/16/2024,0,3.76,10.78,32.13,21.35,101.13,16.26,68.52,19.16,0
12/17/2024,0,2.57,11.81,32.94,21.13,101.04,20.85,70.54,19.9,0
12/18/2024,0,3.4,12.13,33.41,21.28,100.99,21.35,68.9,19.95,0
12/19/2024,0,3.4,11.42,33.32,21.9,101,21.17,67.68,19.54,0
12/20/2024,0,3.08,11.71,32.82,21.11,100.98,20.04,66.49,18.67,0
12/21/2024,0,2.43,11.55,32.04,20.49,101.02,17.48,67.92,18.27,0
12/22/2024,0,2.8,8.31,28.35,20.04,101.01,17.28,68.73,16.95,0
12/23/2024,0,2.64,14.05,32.42,18.37,100.9,18.35,65.16,17.44,0
12/24/2024,0,3.39,11.74,34.06,22.32,100.94,18.83,64.42,18.59,0
12/25/2024,0.01,3.22,11.32,33.78,22.46,100.99,14.66,62.53,18.71,1
12/26/2024,0.31,2.9,10.76,34.65,23.89,101.08,14.26,68.62,21.45,1
12/27/2024,6.23,2.24,8.61,33.21,24.6,101.14,12.36,76.72,23.16,1
12/28/2024,4.49,3.28,8.29,32.23,23.94,101.2,12.55,78.23,22.7,1
12/29/2024,0.08,3.63,11.21,32.18,20.97,101.2,20.9,68.94,18.94,1
12/30/2024,0,2.83,12.92,33.64,20.72,101.09,21.1,65.92,18.79,0
12/31/2024,0,3.01,12.36,34.24,21.88,100.98,19.65,65.74,19.77,0
1/1/2025,0,3.02,11.25,33.5,22.25,100.89,18.53,63.25,18.98,0
1/2/2025,0,2.43,11.49,34.1,22.61,100.87,19.74,62.97,19.55,0
1/3/2025,0,3.26,10.93,34.07,23.14,100.92,17.29,61.24,19.14,0
1/4/2025,0,3.31,12.24,33.83,21.59,100.96,19.95,59.95,17.58,0
1/5/2025,0,3.35,12.83,33.64,20.81,101.05,20.43,57.38,16.55,0
1/6/2025,0,2.6,14.75,33.76,19.01,101.01,21.93,58.15,15.34,0
1/7/2025,0,2.14,15.05,35.02,19.97,100.99,21.63,60.39,17.35,0
1/8/2025,0,1.8,11.86,33.86,22,101.01,21.31,60.69,17.74,0
1/9/2025,0,2.73,13.61,34.91,21.3,101.07,20.54,58.64,17.6,0
1/10/2025,0,4.44,12.07,33.91,21.84,101.24,20.58,55.64,16.82,0
1/11/2025,0,4.62,12.4,32.86,20.46,101.4,19.74,53.85,15.26,0
1/12/2025,0,4.71,12.5,31.7,19.2,101.34,21.2,52.72,13.39,0
1/13/2025,0,3.17,15.29,32.89,17.6,101.16,22.34,55.41,13.73,0
1/14/2025,0,3.16,15.82,35.39,19.57,101.09,21.42,60.81,18.13,0
1/15/2025,0.82,3.15,10.54,34.94,24.4,101.09,14.9,61.44,20.32,1
1/16/2025,0.2,4.63,10.94,34.97,24.03,101.14,20.4,59.12,19.11,1
1/17/2025,0,4.04,13.47,34.56,21.09,101.08,19.05,56.85,16.94,0
1/18/2025,0,3.18,14.03,34.71,20.68,100.97,21.83,52.81,15.74,0
1/19/2025,0,2.77,14.12,35.52,21.4,100.84,21.12,53.12,16.71,0
1/20/2025,0,2.04,15.07,35.31,20.24,100.82,19.31,53.11,14.93,0
1/21/2025,0,1.62,14.65,34.58,19.93,100.9,19.81,55.56,15.47,0
1/22/2025,0,1.56,15.97,35.93,19.96,100.88,19.17,52.24,14.82,0
1/23/2025,0,1.34,15.3,36.6,21.3,100.91,16.91,49.55,14.83,0
1/24/2025,0,1.29,14.89,36.94,22.05,100.79,16.34,60.31,18.77,0
1/25/2025,0,1.63,13.44,36.82,23.38,100.79,18.07,60.42,20.02,0
1/26/2025,0,2.25,13.53,36.94,23.41,100.85,16.53,55.83,18.08,0
1/27/2025,0,4.31,11.27,33.66,22.39,100.99,21.82,50.12,15.1,0
1/28/2025,0,3.94,13.72,33.94,20.22,101.2,20.37,49.96,14.35,0
1/29/2025,0,3.77,13.56,33.14,19.58,101.33,21.04,52.59,14.83,0
1/30/2025,0,2.73,14.24,34,19.76,101.04,21.87,49.38,13.56,0
1/31/2025,0,1.5,16.48,35.65,19.17,100.86,20.62,46.09,13.47,0
2/1/2025,0,1.2,14.13,36.68,22.55,100.71,20.22,40.8,13.38,0
2/2/2025,0,1.29,14.65,37.12,22.47,100.69,19.01,50.61,15.92,0
2/3/2025,0,1.66,15.63,37.92,22.29,100.77,20.28,52.48,17.04,0
2/4/2025,0,3.22,14.63,36.26,21.63,100.99,22.4,49.47,16.2,0
2/5/2025,0,2.51,14.42,35.75,21.33,100.94,22.87,47.31,14.62,0
2/6/2025,0,1.68,14.74,36.27,21.53,100.87,22.47,48.92,15.27,0
2/7/2025,0,2.17,15.33,36.88,21.55,100.96,19.19,46.11,14.32,0
2/8/2025,0,4.09,12.22,36.15,23.93,100.98,23.05,45.87,15.57,0
2/9/2025,0,4.32,13.66,35.49,21.83,101.03,23.96,46.09,14.26,0
2/10/2025,0,3.29,13.76,35.16,21.4,101,22.29,49.27,16.07,0
2/11/2025,0,1.98,11.67,35.77,24.1,100.95,21.38,48.36,17.16,0
2/12/2025,0,1.37,12.48,37.8,25.32,100.91,20.12,48.63,18.67,0
2/13/2025,0,1.2,9.73,36.53,26.8,100.96,18.18,53.59,20.28,0
2/14/2025,0.01,1.19,12.47,38.04,25.57,100.89,16.45,55.04,20.46,1
2/15/2025,0.1,1.67,12.43,38.4,25.97,100.77,17.83,54.06,20.33,1
2/16/2025,0.91,2.49,12.29,37.77,25.48,100.91,18.59,57.17,20.74,1
2/17/2025,0.18,1.95,13.04,38.63,25.59,101.02,19.94,48.48,18.18,1
2/18/2025,1.18,2.14,13.77,38.89,25.12,101.01,19.46,48.82,18.14,1
2/19/2025,0.54,2.46,12.73,38.07,25.34,100.99,17.65,51.41,19.03,1
2/20/2025,0.06,2.03,12.01,38.42,26.41,100.98,19.46,47.36,18.3,1
2/21/2025,1,1.66,9.58,36.09,26.51,101.07,17.54,54.48,20.29,1
2/22/2025,1.38,2.56,13.05,38.46,25.41,101.06,18.89,52.95,19.74,1
2/23/2025,14.19,3.01,10.03,35.18,25.15,101.2,17.14,66.97,21.52,1
2/24/2025,0.06,3.82,12,36.31,24.31,101.28,15.15,61.35,20.37,1
2/25/2025,0,3.2,12.19,36.02,23.83,101.33,23.12,56.58,19.57,0
2/26/2025,0,2.61,9.49,34.47,24.98,101.32,19.57,56.71,19.44,0
2/27/2025,0,2.05,13.82,38.12,24.3,101.04,23.51,53.33,19.49,0
2/28/2025,0.01,1.66,14.09,38.4,24.31,100.98,22.2,55.06,20.16,1
3/1/2025,0.24,2.22,14.53,38.99,24.46,100.84,20.12,52.74,19.62,1
3/2/2025,0,2.8,12.06,37.93,25.87,100.77,18.04,52.69,19.58,0
3/3/2025,0,2.51,14.04,38.93,24.89,100.68,22.5,49.23,18.69,0
3/4/2025,0,2.05,13.24,39.57,26.33,100.63,20.31,50.29,19.58,0
3/5/2025,0.02,1.87,14.45,40.48,26.03,100.59,21.41,50.21,20.09,1
3/6/2025,0.58,3,11.35,38.68,27.33,100.76,16.87,52.82,21.25,1
3/7/2025,0.5,2.54,12.39,38.55,26.16,100.77,16.42,53.96,20.64,1
3/8/2025,0.03,2.38,12.37,38.46,26.09,100.86,17.55,51.96,19.78,1
3/9/2025,0,3.35,13.23,39.54,26.31,100.99,24.27,45.09,18.42,0
3/10/2025,5.35,2.77,11.87,39.07,27.2,101.04,20.21,48.67,19.55,1
3/11/2025,16.73,1.18,9.79,35.33,25.54,100.94,21.89,66.98,22.83,1
3/12/2025,0.35,1.46,11.98,37.33,25.35,100.76,21.04,61.92,21.91,1
3/13/2025,0.15,1.72,8.89,34.77,25.88,100.82,16.72,65.31,22.28,1
3/14/2025,0.02,1.49,13.84,38.7,24.86,100.84,22.97,58,21.59,1
3/15/2025,0.07,1.53,11.53,37.79,26.26,100.86,20.59,59.22,22.17,1
3/16/2025,0.96,1.98,10.78,36.92,26.14,100.85,18.77,61.48,22.39,1
3/17/2025,5.6,2.28,7.84,33.11,25.27,100.94,17.24,66.75,21.7,1
3/18/2025,0.3,3.15,12.74,36.99,24.25,101.04,19.03,60.06,20.41,1
3/19/2025,0.39,4.13,12.04,35.53,23.49,101.29,22.61,54.05,17.99,1
3/20/2025,1.59,3.49,9.64,32.3,22.66,101.41,18.24,58.37,17.34,1
3/21/2025,0,3.83,12.49,34.29,21.8,101.34,21.12,53.47,16.59,0
3/22/2025,0,2.96,14.4,36.73,22.33,101.16,24.28,48.98,15.89,0
3/23/2025,0,1.7,14.72,37.52,22.8,101.08,24.71,48.24,16.54,0
3/24/2025,0,1.32,14.46,38.1,23.64,100.86,22.02,51.39,18.27,0
3/25/2025,0.01,2.3,11.79,37.83,26.04,100.6,17.94,55.96,20.81,1
3/26/2025,0,2.49,12.65,38.58,25.93,100.47,20.34,53.47,20.23,0
3/27/2025,0.1,2.71,12.62,39.51,26.89,100.38,20.59,54.16,21.18,1
3/28/2025,0.02,2.46,13.12,39.88,26.76,100.48,21.61,52.61,20.89,1
3/29/2025,0.45,3.17,11.76,39,27.24,100.61,18.68,51.78,20.73,1
3/30/2025,2.6,2.7,12.46,38.95,26.49,100.83,18.4,56.79,21.69,1
3/31/2025,8.39,2.32,7.34,33.9,26.56,100.86,18.64,68.59,22.65,1
4/1/2025,4.75,2.11,7.51,32.8,25.29,100.87,16.36,72.37,22.47,1
4/2/2025,13.21,3.15,9.68,33.75,24.07,100.97,17.75,71.52,21.86,1
4/3/2025,4.03,2.33,13.34,36.5,23.16,100.97,18.51,62.58,21.06,1
4/4/2025,0,1.91,13.3,37.72,24.42,100.89,20.9,61.88,21.89,0
4/5/2025,0.03,2.13,13.25,38.02,24.77,100.85,20.16,60.59,21.59,1
4/6/2025,0.04,2.56,12.75,37.89,25.14,100.85,19.13,59.92,21.53,1
4/7/2025,0,1.98,13.04,38.21,25.17,100.95,19.1,58.15,21.31,0
4/8/2025,0.01,2.09,10.76,37.21,26.45,101.02,17.77,56.88,20.69,1
4/9/2025,0.76,2.4,11.48,36.99,25.51,100.88,18.06,62.25,22.05,1
4/10/2025,3.64,1.68,6.47,32.56,26.09,100.73,8.64,74.09,23.57,1
4/11/2025,2.59,2.01,10.07,35.37,25.3,100.65,19.72,69.82,23.21,1
4/12/2025,0,1.73,10.84,36.72,25.88,100.72,21.43,64.8,22.79,0
4/13/2025,0.56,1.79,12.28,38.16,25.88,100.73,20.86,61.82,22.92,1
4/14/2025,6.82,1.26,9.07,34.68,25.61,100.88,18.08,69.03,22.99,1
4/15/2025,5.17,1.45,8.84,34.8,25.96,100.85,14.19,69.77,23.1,1
4/16/2025,0.84,2.18,9.6,35.4,25.8,100.82,19.61,68.79,23.22,1
4/17/2025,0.26,1.74,9.3,35.23,25.93,100.76,17.92,68.35,23.42,1
4/18/2025,0.05,1.83,6.73,33.62,26.89,100.71,19.99,71.75,23.94,1
4/19/2025,1.2,2.2,11.78,37.16,25.38,100.64,20.28,67.09,23.5,1
4/20/2025,0.06,2.53,13.71,39.53,25.82,100.7,19.76,58.19,21.34,1
4/21/2025,0.08,2.17,12.49,38.83,26.34,100.83,21.01,57.51,22.06,1
4/22/2025,3.1,1.84,5.69,32.87,27.18,100.96,20.9,68.62,22.78,1
4/23/2025,0.33,2.07,12.13,37.57,25.44,100.77,20.62,63.98,22.52,1
4/24/2025,0.1,2.86,10.85,36.9,26.05,100.75,18.94,65.4,22.91,1
4/25/2025,0.01,2.05,9.24,35.38,26.14,100.79,19.77,64.34,22.08,1
4/26/2025,0.76,2.22,8.55,34.7,26.15,100.84,14.2,67.93,23.23,1
4/27/2025,0.24,1.41,11.81,38.03,26.22,100.84,21.63,59.53,21.71,1
4/28/2025,0.03,2.5,13.19,39.24,26.05,100.7,21.55,55.81,21.48,1
4/29/2025,0.05,2.13,12.79,39.42,26.63,100.72,20.12,54.59,21.15,1
4/30/2025,0.01,1.32,12.97,40.03,27.06,100.68,21.75,51.37,20.4,1
5/1/2025,2.51,1.69,9.6,36.66,27.06,100.8,21.42,59.14,22.2,1
5/2/2025,2.79,2.66,11.95,39.45,27.5,100.63,18.95,56.85,21.33,1
5/3/2025,0.2,1.97,11.75,37.43,25.68,100.74,14.37,55.26,20.16,1
5/4/2025,0.39,2.12,13.9,39.52,25.62,100.58,19.39,58.1,21.8,1
5/5/2025,2.69,2.97,12.28,39.08,26.8,100.59,20.31,62.32,22.81,1
5/6/2025,0.02,3.02,11.48,38.34,26.86,100.58,18.11,61.38,22.94,1
5/7/2025,0,3.21,11.35,38.63,27.28,100.49,21.61,59.39,22.59,0
5/8/2025,0,3.44,14.07,40.92,26.85,100.45,21.37,57.33,22.15,0
5/9/2025,1.21,3,11.37,39.47,28.1,100.48,21.81,60.45,23.42,1
5/10/2025,2.45,1.58,8.46,35.86,27.4,100.54,11.82,67.14,23.9,1
5/11/2025,0.14,0.79,9.26,36.64,27.38,100.47,15.97,64.89,23.68,1
5/12/2025,0.18,1.72,6.09,34.21,28.12,100.47,19.82,67.53,23.81,1
5/13/2025,0.05,2.32,12.51,38.83,26.32,100.61,14.52,60.62,22.41,1
5/14/2025,0.16,1.72,10.82,38.1,27.28,100.72,19.8,57.15,22.18,1
5/15/2025,0.4,1.23,9.9,37.39,27.49,100.75,16.07,55.45,21.82,1
5/16/2025,0.62,1.62,8.86,36.24,27.38,100.72,19.37,58.52,22.24,1
5/17/2025,0.04,2.36,10.84,38.18,27.34,100.71,19.71,59.1,22.58,1
5/18/2025,0.18,2.45,10.07,37.5,27.43,100.7,19.76,57.76,22.22,1
5/19/2025,0.64,2.29,7.37,35.05,27.68,100.68,17.98,65.25,23.37,1
5/20/2025,1.26,1.67,8.43,35.69,27.26,100.66,19.15,66.03,23.24,1
5/21/2025,0.55,1.49,13.44,40.19,26.75,100.55,19.55,55.51,22,1
5/22/2025,2.93,1.16,5.55,33.52,27.97,100.49,15.68,67.81,23.63,1
5/23/2025,1.13,1.92,5.8,32.71,26.91,100.38,16.1,71.82,23.09,1
5/24/2025,6.96,1.73,5.82,32,26.18,100.51,16.2,79.74,24.47,1
5/25/2025,2.02,2.56,8.21,34.15,25.94,100.7,16.34,75.83,24,1
5/26/2025,1.76,2.08,8.04,33.79,25.75,100.77,18.38,73.42,23.76,1
5/27/2025,4.7,2.03,8.8,34.57,25.77,100.65,16.29,74,24.1,1
5/28/2025,1.22,2.24,10.53,36.29,25.76,100.45,20.36,69.74,23.75,1
5/29/2025,7.45,2.05,5.63,31.81,26.18,100.65,14.51,80.52,24.46,1
5/30/2025,1.57,2.39,10.32,35.78,25.46,100.78,14.93,67.8,22.37,1
5/31/2025,0.27,2.52,9.92,34.19,24.27,100.94,17.54,66.12,21.23,1
6/1/2025,0.31,2.95,13.83,38.98,25.15,100.8,18.48,62.08,21.92,1
6/2/2025,0.56,3.24,11.2,37.38,26.18,100.73,16.12,65.3,22.76,1
6/3/2025,1.24,3.06,10.36,36.38,26.02,100.65,14.8,67.09,22.99,1
6/4/2025,1.99,2.22,8.9,35.02,26.12,100.68,16.02,70.52,23.54,1
6/5/2025,1.15,2,10.22,36.12,25.9,100.65,18.68,69.02,23.71,1
6/6/2025,0.26,2.54,10.08,36.92,26.84,100.65,18.09,65.88,23.29,1
6/7/2025,1.15,2.81,9.75,37.04,27.29,100.6,17.64,65.64,22.99,1
6/8/2025,1.85,2.93,9.19,35.34,26.15,100.55,20.61,70.44,23.52,1
6/9/2025,3.5,3.15,8.41,34.54,26.13,100.43,17.27,73.86,24.15,1
6/10/2025,1.9,2.79,6.34,32.43,26.09,100.4,14.48,76.85,24.01,1
6/11/2025,9.23,2.6,5.86,31.37,25.51,100.4,8.84,80.66,23.91,1
6/12/2025,2.14,3.31,4.76,29.93,25.17,100.49,11.42,79.69,23.28,1
6/13/2025,1.93,3.44,9.07,34.01,24.94,100.6,12.22,73.43,23.15,1
6/14/2025,3.3,2.8,10.51,35.65,25.14,100.69,16.95,71.64,23.46,1
6/15/2025,1.72,2.36,8.58,34.8,26.22,100.68,20.24,71.6,23.57,1
6/16/2025,0.75,1.41,9.95,35.92,25.97,100.65,20.51,68.28,23.55,1
6/17/2025,0,1.19,8.98,35.63,26.65,100.68,18.39,66.54,23.51,0
6/18/2025,0,1.16,7.67,34.38,26.71,100.66,19.05,69.06,23.65,0
6/19/2025,0.99,1.62,9.01,35.28,26.27,100.64,19.8,67.73,23.25,1
6/20/2025,1.41,1.95,10.49,36.37,25.88,100.63,18.63,72.12,23.8,1
6/21/2025,10.12,2.33,8.26,33.99,25.73,100.62,20.1,76.89,24.06,1
6/22/2025,4.9,2.89,4.93,30.12,25.19,100.62,14.22,87.55,24.69,1
6/23/2025,2.9,2.38,9.62,34.07,24.45,100.63,17.26,73.94,22.97,1
6/24/2025,2.76,2.19,10.83,35.92,25.09,100.6,18.26,72.59,23.3,1
6/25/2025,4.97,2.24,9.1,34.43,25.33,100.64,18.24,76.11,23.91,1
6/26/2025,6.14,2.15,7.45,32.73,25.28,100.74,16.64,80.62,24.32,1
6/27/2025,0.58,2.54,8.29,33.33,25.04,100.68,18.96,75.67,23.52,1
6/28/2025,0.55,3.23,11.32,35.89,24.57,100.6,14.93,68.01,22.13,1
6/29/2025,0.7,3.4,10.62,35.57,24.95,100.51,16.4,66.53,21.83,1
6/30/2025,0.32,2.94,12.24,37.32,25.08,100.46,19.74,66.14,22.37,1
7/1/2025,0.35,2.22,12.04,37.54,25.5,100.48,18.61,65.42,22.75,1
7/2/2025,0.46,1.9,8.34,33.84,25.5,100.64,16.28,72.67,23.1,1
7/3/2025,0.11,2.43,9.87,35.24,25.37,100.69,15.07,66.74,22.05,1
7/4/2025,0.24,2.93,11.46,36.5,25.04,100.6,17.08,63.28,21.95,1
7/5/2025,0.27,2.89,10.99,36.5,25.51,100.49,18.67,64.78,22.59,1
7/6/2025,3.11,3.05,8.84,34.63,25.79,100.57,18.62,72.25,23.44,1
7/7/2025,2.07,3,8.62,34.1,25.48,100.67,15.47,74.32,23.68,1
7/8/2025,1.36,2.82,8.61,34.31,25.7,100.66,15.88,74.28,23.71,1
7/9/2025,0.33,2.82,8.9,34.26,25.36,100.6,14.48,69.67,22.8,1
7/10/2025,0.15,3.11,13.03,37.74,24.71,100.36,18.73,64.37,22.34,1
7/11/2025,0.46,3.66,9.98,36.09,26.11,100.3,16.61,66.58,22.96,1
7/12/2025,0.43,3.14,8.91,35.14,26.23,100.48,17.81,70.05,23.56,1
7/13/2025,0.49,2.67,10.93,36.66,25.73,100.55,17.97,66.6,23.04,1
7/14/2025,1.25,2.79,9.95,35.89,25.94,100.53,18.57,67.08,23.14,1
7/15/2025,0.38,3.32,8.79,35.18,26.39,100.49,20.11,68.4,23.3,1
7/16/2025,2.37,3.11,8.1,34.23,26.13,100.56,12.34,74.54,24.02,1
7/17/2025,0.65,3.14,8.62,34.4,25.78,100.6,18.34,71.85,23.37,1
7/18/2025,0.72,2.86,8.53,34.08,25.55,100.54,15.87,71.13,22.92,1
7/19/2025,1.78,3.73,8.97,34.4,25.43,100.32,15.54,69.52,22.72,1
7/20/2025,3.54,4.33,9.79,35.76,25.97,100.32,11.74,69.62,22.86,1
7/21/2025,8.3,3.99,6.59,32.29,25.7,100.46,7.3,76.36,23.3,1
7/22/2025,0.22,4.01,9.66,34.82,25.16,100.34,15.92,71.14,23.18,1
7/23/2025,0.68,3.72,7.92,34.07,26.15,100.32,16.15,73.82,23.83,1
7/24/2025,0,3.32,10.28,36.3,26.02,100.42,20.72,66.83,23.07,0
7/25/2025,0.01,2.87,11.05,36.63,25.58,100.45,18.99,65.51,22.81,1
7/26/2025,0.31,3.52,10.46,37,26.54,100.51,15.66,64.13,22.74,1
7/27/2025,2.45,3.01,8.1,34.05,25.95,100.52,6.11,73.16,23.8,1
7/28/2025,3,3.62,8.35,34.26,25.91,100.49,14.1,74.9,24.15,1
7/29/2025,0.2,3.85,7.61,34.07,26.46,100.49,16.22,72.95,23.97,1
7/30/2025,0.57,3.77,9.74,36.05,26.31,100.55,19.37,69.92,23.63,1
7/31/2025,0.05,3.59,9.83,36.12,26.29,100.55,19.84,67.6,23.41,1
8/1/2025,0.01,3.09,12.01,38.27,26.26,100.43,21.98,62.88,22.71,1
8/2/2025,0.13,3.11,9.37,36.16,26.79,100.56,20.32,64.92,23.15,1
8/3/2025,0.01,3.14,10.92,37.22,26.3,100.67,20.84,64.37,23.13,1
8/4/2025,0.63,2.9,12.69,38.96,26.27,100.65,22.16,60.53,22.35,1
8/5/2025,0.01,3.34,10.27,36.35,26.08,100.61,20.25,67.11,23.41,1
8/6/2025,1.02,2.8,10.12,35.94,25.82,100.64,20.47,69.04,23.23,1
8/7/2025,1.05,2.41,9.92,35.71,25.79,100.72,20.94,67.8,22.91,1
8/8/2025,0.01,1.12,11.13,36.82,25.69,100.8,20.47,62.3,22.42,1
8/9/2025,2.38,1.62,8.19,35.48,27.29,100.77,17,63.89,22.72,1
8/10/2025,9,2.58,9.55,35,25.45,100.66,17.86,75.46,23.77,1
8/11/2025,3.69,1.99,10.87,35.59,24.72,100.58,19.11,69.62,22.62,1
8/12/2025,4.95,2.51,8.31,33.58,25.27,100.62,20.22,74.22,23.26,1
8/13/2025,9.3,2.62,7.44,32.47,25.03,100.71,18.55,79.36,23.53,1
8/14/2025,22.66,2.29,7.82,32.08,24.26,100.56,16.11,81.02,23.86,1
8/15/2025,25.35,2.39,6.16,30.86,24.7,100.38,13.99,84.28,24.27,1
8/16/2025,60.49,2.17,4.05,28.21,24.16,100.49,12.91,90.38,24.34,1
8/17/2025,8.04,2.39,7.04,30.4,23.36,100.7,14.38,83.73,23.3,1
8/18/2025,1.81,2.16,10.72,33.83,23.11,100.77,19.06,78.35,23.52,1
8/19/2025,0.42,2.34,8.83,33.18,24.35,100.82,17.62,78.52,23.98,1
8/20/2025,2.99,1.51,8.12,32.67,24.55,100.72,19.35,78.04,23.9,1
8/21/2025,16.18,2.4,5.07,29.92,24.85,100.81,8.25,87.16,24.37,1
8/22/2025,8.53,2.65,7.61,31.49,23.88,100.76,18.21,82.63,23.72,1
8/23/2025,2.55,2.55,8.03,32.06,24.03,100.69,17.29,82.66,24.18,1
8/24/2025,12.17,2.5,5.16,29.42,24.26,100.57,17.86,88.06,24.44,1
8/25/2025,5.95,3.44,4.21,29.11,24.9,100.53,10.15,88.48,24.55,1
8/26/2025,5.95,3.23,6.26,30.69,24.43,100.69,14.01,86.26,24.4,1
8/27/2025,10.66,1.95,5.97,30.31,24.34,100.79,16.96,86.91,24.24,1
8/28/2025,38.31,2.25,8.12,31.91,23.79,100.68,16.3,83.91,24.24,1
8/29/2025,17.33,2.21,6.21,30.44,24.23,100.63,15.11,86.82,24.58,1
8/30/2025,9.41,2.32,4.87,29.48,24.61,100.58,15.17,89.36,24.82,1
8/31/2025,10.33,2.08,6.71,30.82,24.11,100.56,12.36,87.7,25.01,1
9/1/2025,13.33,1.98,6,30.79,24.79,100.53,15.36,88.54,25.26,1
9/2/2025,11.46,1.74,5.1,29.91,24.81,100.59,16.34,89.64,25.15,1
9/3/2025,7.61,1.57,6.3,30.63,24.33,100.6,17.84,87.99,25.07,1
9/4/2025,0.5,1.4,4.71,29.99,25.28,100.54,17.09,88.82,25.13,1
9/5/2025,0.54,1.4,7.24,31.58,24.34,100.57,18.37,85.54,25.15,1
9/6/2025,0.75,2.26,5.94,31.05,25.11,100.66,18.2,86.84,25.16,1
9/7/2025,5.52,2.4,5.14,30.17,25.03,100.69,11.63,89.67,25.25,1
9/8/2025,13.68,2.38,5.14,29.32,24.18,100.8,14.69,89.83,24.51,1
9/9/2025,0.52,2.01,6.21,30.34,24.13,100.9,18.44,88.3,24.68,1
9/10/2025,0.07,0.68,6.12,30.13,24.01,100.87,19.62,81.52,23.66,1
9/11/2025,0.09,0.63,7.29,31.55,24.26,100.77,19.18,79.3,23.9,1
9/12/2025,1.01,1.02,6.32,31.12,24.8,100.81,20.43,83.72,24.5,1
9/13/2025,10.13,0.84,6.41,31.1,24.69,100.79,17.92,85.44,24.65,1
9/14/2025,14.08,1.88,5.41,29.92,24.51,100.82,17.74,88.69,24.82,1
9/15/2025,0.71,1.53,7.75,31.67,23.92,100.86,18.65,84.5,24.47,1
9/16/2025,1.15,1.76,6.29,30.46,24.17,100.81,16.66,86.94,24.64,1
9/17/2025,13.25,1.57,6.77,31.04,24.27,100.65,14.02,86.07,24.77,1
9/18/2025,10.5,2.01,5.89,30.52,24.63,100.65,16.22,88.11,24.81,1
9/19/2025,3,2.02,6.79,30.53,23.74,100.76,16.25,86.92,24.26,1
9/20/2025,0.19,2.22,7.97,31.9,23.93,100.72,19.32,85.04,24.68,1
9/21/2025,0.7,2.02,7.28,31.45,24.17,100.62,17.16,85.47,24.86,1
9/22/2025,9.44,2.24,4.64,29.4,24.76,100.69,6.14,89.31,24.75,1
9/23/2025,5.05,2.11,6.5,30.26,23.76,100.64,15.37,87.73,24.51,1
9/24/2025,11.39,2.31,5.61,30.27,24.66,100.54,15.82,88.31,24.74,1
9/25/2025,5.05,2.68,3.93,28.65,24.72,100.62,12.92,91.11,24.73,1
9/26/2025,2.18,1.96,5.22,29.23,24.01,100.75,12.28,91.17,24.65,1
9/27/2025,1.1,2.14,4.51,28.2,23.69,100.67,12.26,92.8,24.57,1
9/28/2025,1.16,2.29,4.9,29.25,24.35,100.5,15.55,90.34,24.67,1
9/29/2025,1.83,3.39,5.13,29.5,24.37,100.62,11.29,90.08,24.68,1
9/30/2025,0.01,1.93,6.4,31.05,24.65,100.82,12.7,86.43,24.72,1
10/1/2025,0.27,0.72,7.51,31.61,24.1,100.84,19.65,85.09,24.57,1
10/2/2025,2.2,0.93,6.94,31.24,24.3,100.84,17.23,82.85,24.47,1
10/3/2025,10.35,1.33,6.6,30.34,23.74,100.95,17.84,88.09,24.73,1
10/4/2025,7.53,1.77,6.86,31.04,24.18,100.95,19.3,85.76,24.61,1
10/5/2025,7.13,2.21,6.11,30.7,24.59,101.01,19.06,87.06,24.53,1
10/6/2025,1.82,1.95,7.2,30.74,23.54,100.92,19.34,87.68,24.68,1
10/7/2025,8.1,1.39,7.54,31.3,23.76,100.92,19.19,85.23,24.59,1
10/8/2025,5,1.39,5.68,29.96,24.28,100.86,18.28,86.56,24.84,1
10/9/2025,3.84,2.1,4.7,29.86,25.16,100.75,19.06,86.11,24.61,1
10/10/2025,2.37,1.16,4.92,29.46,24.54,100.74,15.56,84.92,24.06,1
10/11/2025,0.04,0.48,5.91,29.69,23.78,100.71,17.27,82.87,23.49,1
10/12/2025,0.38,0.96,5.58,29.74,24.16,100.7,13.59,87.35,24.41,1
10/13/2025,0.79,1.31,5.46,30.22,24.76,100.72,14.58,87.61,24.64,1
10/14/2025,0.9,1.2,5.38,29.63,24.25,100.73,12.33,86.37,24.37,1
10/15/2025,11.09,1.22,6.12,30.01,23.89,100.66,17.66,87.55,24.62,1
10/16/2025,5.72,2.21,4.28,29.05,24.77,100.64,18.44,91.08,25.06,1
10/17/2025,1,1.63,7.01,31.6,24.59,100.7,19.2,86.86,25.11,1
10/18/2025,3.8,0.91,3.79,29.24,25.45,100.68,19.46,87.38,24.93,1
10/19/2025,4.4,1.34,7.24,31.78,24.54,100.55,20.48,84.27,24.61,1
10/20/2025,6.33,1.75,6.65,31.34,24.69,100.53,18.64,85.32,25.09,1
10/21/2025,1.39,1.8,5.51,30.84,25.33,100.6,17.09,85.78,25.06,1
10/22/2025,2.53,2.87,4.63,28.75,24.12,100.71,18.84,88.62,24.05,1
10/23/2025,1.91,2.56,7.22,30.56,23.34,100.77,19.38,85.58,23.71,1
10/24/2025,7.8,1.88,6.19,30.67,24.48,100.78,17.72,88.7,24.76,1
10/25/2025,22.87,1.93,5.04,29.54,24.5,100.76,15.51,90.27,24.59,1
10/26/2025,18.14,1.82,5.06,29.14,24.08,100.79,14.88,90.48,24.55,1
10/27/2025,0.96,3.1,3.68,27.96,24.28,100.79,15.05,89.61,23.89,1
10/28/2025,3.48,3.91,2.68,26.23,23.55,100.65,11.83,91.8,23.2,1
10/29/2025,11.94,2.79,6.49,30.17,23.68,100.6,13.72,88.87,24.28,1
10/30/2025,15.04,1.02,5.85,30.15,24.3,100.68,13.29,90.09,24.98,1
10/31/2025,3.58,2.12,6.1,29.96,23.86,100.94,9.45,90.67,24.94,1
11/1/2025,2.43,1.16,5.57,29.96,24.39,100.99,5.11,87.63,24.41,1
11/2/2025,18.27,1.54,5.72,30.26,24.54,100.89,12.59,88.59,24.52,1
11/3/2025,2.19,0.94,6.84,30.56,23.72,100.77,11.09,86.39,24.45,1
11/4/2025,8.43,0.78,5.23,29.92,24.69,100.74,14.82,88.72,24.92,1
11/5/2025,22.89,1.49,3.23,27.69,24.46,100.66,17.84,91.88,24.35,1
11/6/2025,1.98,1.95,4.69,28.26,23.57,100.51,9.41,91.87,24.26,1
11/7/2025,6.32,1.27,6.77,30.48,23.71,100.57,11.33,86.25,24.07,1
11/8/2025,7.18,0.87,7.37,31.23,23.86,100.79,18.39,86.11,24.74,1
11/9/2025,2.05,1.14,4.03,28.81,24.78,100.74,17.77,87.56,24.78,1
11/10/2025,7.37,0.81,7.58,31.73,24.15,100.67,16.43,84.53,24.86,1
11/11/2025,0.05,0.82,3.56,28.45,24.89,100.72,14.54,90.48,25.02,1
11/12/2025,0.4,0.63,6.39,31.05,24.66,100.83,14.45,84.84,24.74,1
11/13/2025,1.46,1.15,4.67,29.18,24.51,100.96,17.63,91.28,24.83,1
11/14/2025,1.46,2.23,7.28,29.77,22.49,100.95,19.29,87.06,23.58,1
11/15/2025,0.01,2.65,8.13,29.52,21.39,101.01,20.4,84.2,21.92,1
11/16/2025,1.18,2.69,6.59,29.46,22.87,101.02,8.5,87.56,23.4,1
11/17/2025,2.75,2.48,5.47,28.85,23.38,100.98,14.25,91.09,24.07,1
11/18/2025,1.62,2.52,6.98,30.85,23.87,100.91,15.16,87.82,24.45,1
11/19/2025,3.38,3.95,3.84,26.75,22.91,101.02,12.37,89.19,22.98,1
11/20/2025,0.31,4.05,7.4,27.14,19.74,101.15,10.75,82.84,20.07,1
11/21/2025,0,3.97,7.72,28.43,20.71,101.15,16.55,82.73,20.68,0
11/22/2025,0.01,3.82,8.43,29.04,20.61,101.04,17.52,83.01,21.22,1
11/23/2025,0,3.41,7.56,29.98,22.42,100.92,8.89,84.58,22.86,0
11/24/2025,0.08,3.06,7.77,31.12,23.35,100.87,18.6,83.62,23.62,1
11/25/2025,0.01,3.6,6.93,30.16,23.23,100.85,19.17,81.03,22.43,1
11/26/2025,0,3.24,7.92,28.99,21.07,100.9,18.83,80.31,20.51,0
11/27/2025,0,3.52,8.35,28.63,20.28,100.96,18.43,78.12,19.22,0
11/28/2025,0,2.95,10.16,27.38,17.22,100.96,18.79,78.59,17.79,0
11/29/2025,0,1.79,11.41,30.3,18.89,100.85,19.72,76.76,19.81,0
11/30/2025,0,1.44,11.96,31.93,19.97,100.85,20.45,75.46,20.73,0
12/1/2025,0,1.48,11.08,32.58,21.5,100.87,-999,76.68,21.79,0
12/2/2025,0,1.3,8.3,31.08,22.78,100.86,15.74,80.05,22.68,0
12/3/2025,0.16,1.48,7.42,30.95,23.53,100.93,18.81,83.51,23.41,1
12/4/2025,1.78,2.79,5.91,29.73,23.82,100.97,6.05,83.73,23.17,1
12/5/2025,0.14,2.13,8.62,31.67,23.05,101.15,19.81,79.92,22.57,1
12/6/2025,0.13,2.93,9.95,30.79,20.84,101.15,19.97,78.01,20.75,1
12/7/2025,0,2.81,11.44,30.97,19.53,101.1,20.54,74.77,19.48,0
12/8/2025,0,3.01,10.72,30.26,19.54,101.12,18.8,72.92,18.68,0
12/9/2025,0,2.78,11.02,30.82,19.8,101.02,16.73,76.58,20.2,0
12/10/2025,0.54,2.52,8.78,31.12,22.34,100.94,18.53,76.42,21.51,1
12/11/2025,3.57,2.27,8.16,31.53,23.37,100.92,15.45,81.45,23.27,1
12/12/2025,5.44,1.42,8.34,32.09,23.75,100.88,15.77,80.88,23.37,1
12/13/2025,0.9,2.82,10.33,32.75,22.42,100.9,17.93,76.21,21.97,1
12/14/2025,0.03,3.16,8.45,31.44,22.99,100.97,17.37,75.55,21.66,1
12/15/2025,0,3,9.76,32.19,22.43,101.01,18.54,74.14,21.13,0
12/16/2025,0,2.23,9.4,31.67,22.27,100.99,18.49,73.25,20.9,0
12/17/2025,0.11,2.84,11.66,33.56,21.9,100.98,19.65,71.7,21.04,1
12/18/2025,0.02,2.97,8.31,30.88,22.57,100.97,18.61,72.58,20.33,1
12/19/2025,0.33,2.46,11.75,33.86,22.11,100.79,19.75,69.76,20.77,1
12/20/2025,0,2.44,11.41,33.94,22.53,100.76,19.63,70.33,21.07,0
12/21/2025,0,2.56,12.8,34.24,21.44,100.8,20.35,70.29,20.97,0
12/22/2025,0,2.76,10.24,33.73,23.49,100.78,17.39,71.17,21.71,0
12/23/2025,0.05,2.48,12.08,34.43,22.35,100.77,19.84,68.26,20.72,1
12/24/2025,0.66,2.34,11.88,34.58,22.7,100.69,19.1,69.95,21.45,1
12/25/2025,2.15,2.39,8.85,33.14,24.29,100.8,12.73,74.14,22.63,1
12/26/2025,0.71,3.17,5.47,28.43,22.96,100.98,18.7,76.21,20.19,1
12/27/2025,0,2.91,9.95,30.59,20.64,101.04,18.49,69.18,19.02,0
12/28/2025,0,2.83,12.6,33.74,21.14,101.03,19.95,66.72,19.16,0
12/29/2025,0,2.13,13.25,33.46,20.21,100.97,19.55,67.48,18.88,0
12/30/2025,0,1.65,12.81,33.07,20.26,100.92,18.26,67.73,18.76,0
12/31/2025,0,1.44,12.39,32.75,20.36,100.8,18.31,66.73,18.2,0
1/1/2026,0.01,1.31,10.93,30.08,19.15,100.9,18.07,73.14,18.85,1
1/2/2026,0.02,2.54,9.87,29.19,19.32,101.1,20.55,73.31,18.66,1
1/3/2026,0.01,3.32,9.79,28.55,18.76,101.18,19.75,71.95,17.86,1
1/4/2026,0,2.47,11.48,29.21,17.73,101.16,20.49,72.01,17.7,0
1/5/2026,0.07,2.8,9.9,30.36,20.46,101.1,18.79,75.89,20.13,1
1/6/2026,0.03,3.4,8.69,29.56,20.87,101.15,18.92,72.29,19.32,1
1/7/2026,0,3.52,8.99,28.59,19.6,101.29,20.17,66.22,16.89,0
1/8/2026,0,3.54,9.12,27.77,18.65,101.38,20.2,67.11,16.11,0
1/9/2026,0,3.19,10.61,27.25,16.64,101.33,20.78,64.66,14.15,0
1/10/2026,0,2.11,12.44,28.37,15.93,101.24,21.03,69.49,15.79,0
1/11/2026,0.02,2.45,10.44,28.72,18.28,101.35,17.62,71.49,17.57,1
1/12/2026,0,1.91,11.09,30.35,19.26,101.3,19.99,67.75,17.87,0
1/13/2026,0,1.28,10.6,30.68,20.08,101.19,18.95,69.17,18.84,0
1/14/2026,0,0.98,10.66,31.15,20.49,101.07,17.44,69.99,19.4,0
1/15/2026,0.05,1.12,10.88,31.94,21.06,101,18.19,73.79,20.68,1
1/16/2026,0.44,1.14,10.07,31.81,21.74,100.89,18.71,74.26,21.16,1
1/17/2026,0.2,1.37,10.98,32.61,21.63,100.72,18.52,72.37,20.71,1
1/18/2026,1.79,1.43,10.42,31.91,21.49,100.66,12.55,75.58,21.13,1
1/19/2026,2,1.33,9.31,31.23,21.92,100.79,14.06,74.61,20.83,1
1/20/2026,0.29,1.53,10.74,31.46,20.72,100.9,19.6,73.19,19.78,1
1/21/2026,0,2.02,11.43,31.11,19.68,101.07,19.69,65.59,16.86,0
1/22/2026,0.13,2.82,12.01,31.14,19.13,101.18,19.15,62.42,17.01,1
1/23/2026,0.06,2.78,11.79,31.81,20.02,101.31,20.96,62.22,17.45,1
1/24/2026,0.03,2.32,12.05,31.78,19.73,101.3,21.48,64.84,17.84,1
1/25/2026,0.15,0.99,12.37,32.12,19.75,101.22,18.13,64.72,17.98,1
1/26/2026,0.02,1.27,12.26,31.95,19.69,101.23,17.95,64.98,17.97,1
1/27/2026,0,1.39,12.54,32.29,19.75,101.27,19.37,65.06,18.01,0
1/28/2026,0,1.71,12.41,32.47,20.06,101.2,19.36,63.46,18.09,0
1/29/2026,0.13,1,9.96,31.93,21.97,101.18,18.68,64.5,18.62,1
1/30/2026,0,0.91,12.06,33.56,21.5,101.21,20.24,61.2,18.4,0
